FIPS,COUNAM,STABBREV,STATNAM,POP2020,TOTCNG_2020,TOTADH_2020,TOTRATE_2020,NAME,pct_bachelors,pct_highschool
48301,Loving County,TX,Texas,64,0,0,0.0,"Loving County, Texas",0.0,14.77
15005,Kalawao County,HI,Hawaii,82,3,36,43.90000153,"Kalawao County, Hawaii",38.34,12.47
48269,King County,TX,Texas,265,2,1199,452.4500122,"King County, Texas",9.91,51.35
48261,Kenedy County,TX,Texas,350,1,221,63.13999939,"Kenedy County, Texas",0.37,8.89
31117,McPherson County,NE,Nebraska,399,2,134,33.59000015,"McPherson County, Nebraska",18.48,25.81
31009,Blaine County,NE,Nebraska,431,5,253,58.69999695,"Blaine County, Nebraska",13.3,39.1
31005,Arthur County,NE,Nebraska,434,1,0,0.0,"Arthur County, Nebraska",17.59,26.38
30069,Petroleum County,MT,Montana,496,2,37,7.460000038,"Petroleum County, Montana",21.69,36.06
48311,McMullen County,TX,Texas,600,2,329,54.83000183,"McMullen County, Texas",10.22,41.52
31115,Loup County,NE,Nebraska,607,1,21,3.460000038,"Loup County, Nebraska",16.17,30.74
31075,Grant County,NE,Nebraska,611,7,404,66.11000061,"Grant County, Nebraska",18.7,31.09
48033,Borden County,TX,Texas,631,3,274,43.41999817,"Borden County, Texas",36.18,17.97
35021,Harding County,NM,New Mexico,657,7,1027,156.3099976,"Harding County, New Mexico",14.89,19.15
02282,Yakutat City and Borough,AK,Alaska,662,4,406,61.33000183,"Yakutat City and Borough, Alaska",15.42,39.25
31171,Thomas County,NE,Nebraska,669,6,333,49.77999878,"Thomas County, Nebraska",20.88,22.74
31007,Banner County,NE,Nebraska,674,2,119,17.65999985,"Banner County, Nebraska",18.28,20.86
08111,San Juan County,CO,Colorado,705,7,424,60.13999939,"San Juan County, Colorado",21.98,26.93
38087,Slope County,ND,North Dakota,706,3,191,27.06000137,"Slope County, North Dakota",20.9,28.5
31091,Hooker County,NE,Nebraska,711,7,829,116.5899963,"Hooker County, Nebraska",21.9,32.75
31113,Logan County,NE,Nebraska,716,4,583,81.41999817,"Logan County, Nebraska",21.6,24.22
32009,Esmeralda County,NV,Nevada,729,2,99,13.59000015,"Esmeralda County, Nevada",12.77,24.52
48263,Kent County,TX,Texas,753,5,666,88.44000244,"Kent County, Texas",18.41,23.43
48443,Terrell County,TX,Texas,760,6,769,101.1900024,"Terrell County, Texas",19.13,19.77
30103,Treasure County,MT,Montana,762,4,337,44.22999954,"Treasure County, Montana",24.18,29.21
31103,Keya Paha County,NE,Nebraska,769,5,522,67.88000488,"Keya Paha County, Nebraska",16.78,27.63
31183,Wheeler County,NE,Nebraska,774,4,238,30.75,"Wheeler County, Nebraska",16.21,25.26
08053,Hinsdale County,CO,Colorado,788,3,202,25.63000107,"Hinsdale County, Colorado",30.12,13.0
16033,Clark County,ID,Idaho,790,2,229,28.98999977,"Clark County, Idaho",12.06,28.55
30037,Golden Valley County,MT,Montana,823,5,214,25.98999977,"Golden Valley County, Montana",16.12,33.49
48393,Roberts County,TX,Texas,827,4,513,62.02999878,"Roberts County, Texas",16.13,30.5
02060,Bristol Bay Borough,AK,Alaska,844,7,225,26.66000175,"Bristol Bay Borough, Alaska",20.32,24.96
31085,Hayes County,NE,Nebraska,856,5,333,38.90000153,"Hayes County, Nebraska",17.15,21.29
08079,Mineral County,CO,Colorado,865,5,363,41.95999908,"Mineral County, Colorado",36.0,14.86
46075,Jones County,SD,South Dakota,917,9,802,87.47000122,"Jones County, South Dakota",22.17,39.15
49009,Daggett County,UT,Utah,935,2,478,51.11999893,"Daggett County, Utah",10.24,38.58
30109,Wibaux County,MT,Montana,937,5,506,54.01000214,"Wibaux County, Montana",18.28,31.05
38007,Billings County,ND,North Dakota,945,3,92,9.730000496,"Billings County, North Dakota",19.78,34.07
48345,Motley County,TX,Texas,1063,9,684,64.34999847,"Motley County, Texas",13.76,34.4
16025,Camas County,ID,Idaho,1077,4,743,68.98999786,"Camas County, Idaho",15.03,27.02
30079,Prairie County,MT,Montana,1088,7,276,25.37000084,"Prairie County, Montana",16.96,22.69
48155,Foard County,TX,Texas,1095,7,625,57.06999969,"Foard County, Texas",9.49,23.5
48173,Glasscock County,TX,Texas,1116,5,846,75.80999756,"Glasscock County, Texas",18.07,21.28
31165,Sioux County,NE,Nebraska,1135,4,446,39.29999924,"Sioux County, Nebraska",20.09,25.5
30033,Garfield County,MT,Montana,1173,7,566,48.25,"Garfield County, Montana",16.74,35.15
06003,Alpine County,CA,California,1204,0,0,0.0,"Alpine County, California",19.77,23.77
02230,Skagway Municipality,AK,Alaska,1240,4,275,22.18000031,"Skagway Municipality, Alaska",19.22,24.07
48433,Stonewall County,TX,Texas,1245,10,2079,166.980011,"Stonewall County, Texas",9.19,37.34
31149,Rock County,NE,Nebraska,1262,6,584,46.27000427,"Rock County, Nebraska",22.74,28.27
46069,Hyde County,SD,South Dakota,1262,7,1127,89.30000305,"Hyde County, South Dakota",13.38,33.86
38083,Sheridan County,ND,North Dakota,1265,13,670,52.95999908,"Sheridan County, North Dakota",13.88,32.45
20071,Greeley County,KS,Kansas,1284,6,438,34.11000061,"Greeley County, Kansas",19.31,18.33
46063,Harding County,SD,South Dakota,1311,10,792,60.40000153,"Harding County, South Dakota",21.0,30.69
28055,Issaquena County,MS,Mississippi,1338,4,211,15.76999855,"Issaquena County, Mississippi",0.9,27.97
48431,Sterling County,TX,Texas,1372,7,995,72.52000427,"Sterling County, Texas",10.89,46.85
46021,Campbell County,SD,South Dakota,1377,12,1168,84.83000183,"Campbell County, South Dakota",25.75,26.2
08057,Jackson County,CO,Colorado,1379,5,264,19.14999962,"Jackson County, Colorado",22.29,19.8
48101,Cottle County,TX,Texas,1380,9,1239,89.77999878,"Cottle County, Texas",11.82,22.05
30011,Carter County,MT,Montana,1415,7,674,47.63000107,"Carter County, Montana",17.88,27.07
48137,Edwards County,TX,Texas,1422,11,1473,103.5800018,"Edwards County, Texas",15.07,21.83
48045,Briscoe County,TX,Texas,1435,10,1272,88.65000153,"Briscoe County, Texas",13.18,29.5
49031,Piute County,UT,Utah,1438,3,819,56.95000076,"Piute County, Utah",16.42,27.11
48447,Throckmorton County,TX,Texas,1440,9,1604,111.3899994,"Throckmorton County, Texas",14.62,30.08
08061,Kiowa County,CO,Colorado,1446,9,2207,152.6399994,"Kiowa County, Colorado",15.54,26.37
46119,Sully County,SD,South Dakota,1446,6,638,44.12999725,"Sully County, South Dakota",18.16,32.14
41069,Wheeler County,OR,Oregon,1451,7,520,35.84000015,"Wheeler County, Oregon",12.58,28.33
02164,Lake and Peninsula Borough,AK,Alaska,1476,9,663,44.91999817,"Lake and Peninsula Borough, Alaska",10.58,32.17
20199,Wallace County,KS,Kansas,1512,5,679,44.90999985,"Wallace County, Kansas",23.77,29.16
48235,Irion County,TX,Texas,1513,6,598,39.51999664,"Irion County, Texas",16.2,33.24
13265,Taliaferro County,GA,Georgia,1559,9,463,29.69999886,"Taliaferro County, Georgia",4.06,43.98
20101,Lane County,KS,Kansas,1574,7,1035,65.75,"Lane County, Kansas",12.8,27.38
02068,Denali Borough,AK,Alaska,1619,7,612,37.79999924,"Denali Borough, Alaska",25.62,25.35
31057,Dundy County,NE,Nebraska,1654,8,972,58.77000046,"Dundy County, Nebraska",17.16,22.12
30019,Daniels County,MT,Montana,1661,8,699,42.06999969,"Daniels County, Montana",17.16,31.49
46073,Jerauld County,SD,South Dakota,1663,10,1103,66.33000183,"Jerauld County, South Dakota",15.21,40.21
20033,Comanche County,KS,Kansas,1689,9,1139,67.43999481,"Comanche County, Kansas",14.27,33.54
30075,Powder River County,MT,Montana,1694,5,352,20.77000046,"Powder River County, Montana",16.32,29.12
35011,De Baca County,NM,New Mexico,1698,8,2249,132.4400024,"De Baca County, New Mexico",6.7,26.35
20083,Hodgeman County,KS,Kansas,1723,10,770,44.68000031,"Hodgeman County, Kansas",23.19,15.48
30055,McCone County,MT,Montana,1729,11,757,43.77999878,"McCone County, Montana",12.97,29.21
38033,Golden Valley County,ND,North Dakota,1736,8,946,54.5,"Golden Valley County, North Dakota",18.16,26.6
08017,Cheyenne County,CO,Colorado,1748,9,871,49.80999756,"Cheyenne County, Colorado",20.12,24.65
48359,Oldham County,TX,Texas,1758,6,514,29.24000168,"Oldham County, Texas",21.03,28.01
48125,Dickens County,TX,Texas,1770,15,1364,77.05999756,"Dickens County, Texas",11.4,28.16
38091,Steele County,ND,North Dakota,1798,11,1333,74.13999939,"Steele County, North Dakota",25.23,23.84
31015,Boyd County,NE,Nebraska,1810,18,1609,88.88000488,"Boyd County, Nebraska",12.77,41.55
31071,Garfield County,NE,Nebraska,1813,10,1693,93.38999939,"Garfield County, Nebraska",24.97,24.77
31049,Deuel County,NE,Nebraska,1838,10,897,48.81000137,"Deuel County, Nebraska",15.51,21.04
48011,Armstrong County,TX,Texas,1848,5,844,45.66999817,"Armstrong County, Texas",17.34,21.75
32011,Eureka County,NV,Nevada,1855,7,912,49.15999985,"Eureka County, Nevada",9.37,34.1
41055,Sherman County,OR,Oregon,1870,5,344,18.3900013,"Sherman County, Oregon",12.36,24.55
46055,Haakon County,SD,South Dakota,1872,16,1188,63.4600029,"Haakon County, South Dakota",15.43,42.06
31069,Garden County,NE,Nebraska,1874,11,880,46.95999908,"Garden County, Nebraska",17.36,26.93
38047,Logan County,ND,North Dakota,1876,9,1743,92.9200058,"Logan County, North Dakota",17.71,29.33
38065,Oliver County,ND,North Dakota,1877,3,1063,56.63000107,"Oliver County, North Dakota",16.42,27.01
31073,Gosper County,NE,Nebraska,1893,6,948,50.06999588,"Gosper County, Nebraska",20.8,25.32
46095,Mellette County,SD,South Dakota,1918,8,713,37.18000031,"Mellette County, South Dakota",10.5,28.92
30059,Meagher County,MT,Montana,1927,8,718,37.25,"Meagher County, Montana",20.48,38.63
46017,Buffalo County,SD,South Dakota,1948,5,1510,77.50999451,"Buffalo County, South Dakota",6.61,28.7
30051,Liberty County,MT,Montana,1959,12,1678,85.63999939,"Liberty County, Montana",15.74,17.67
48327,Menard County,TX,Texas,1962,11,982,50.04999924,"Menard County, Texas",15.15,20.06
29227,Worth County,MO,Missouri,1973,11,2897,146.8300018,"Worth County, Missouri",12.16,39.05
20025,Clark County,KS,Kansas,1991,11,1213,60.93000031,"Clark County, Kansas",22.54,22.12
41021,Gilliam County,OR,Oregon,1995,6,336,16.84000015,"Gilliam County, Oregon",17.69,29.73
48243,Jeff Davis County,TX,Texas,1996,8,717,35.92999649,"Jeff Davis County, Texas",14.27,13.49
30045,Judith Basin County,MT,Montana,2023,8,514,25.40999985,"Judith Basin County, Montana",21.48,25.68
26083,Keweenaw County,MI,Michigan,2046,7,528,25.80999947,"Keweenaw County, Michigan",20.29,28.19
30107,Wheatland County,MT,Montana,2069,13,1418,68.54000092,"Wheatland County, Montana",14.99,32.62
02100,Haines Borough,AK,Alaska,2080,10,640,30.75999832,"Haines Borough, Alaska",16.72,24.65
20187,Stanton County,KS,Kansas,2084,7,1260,60.45999908,"Stanton County, Kansas",12.85,33.51
46049,Faulk County,SD,South Dakota,2125,9,1558,73.31999969,"Faulk County, South Dakota",14.73,25.46
02275,Wrangell City and Borough,AK,Alaska,2127,11,784,36.88000107,"Wrangell City and Borough, Alaska",11.51,28.77
20203,Wichita County,KS,Kansas,2152,9,777,36.09999847,"Wichita County, Kansas",18.59,24.9
38095,Towner County,ND,North Dakota,2162,10,1221,56.47000122,"Towner County, North Dakota",11.81,27.27
31077,Greeley County,NE,Nebraska,2188,10,2427,110.9299927,"Greeley County, Nebraska",12.04,33.77
48109,Culberson County,TX,Texas,2188,11,1817,83.04000092,"Culberson County, Texas",14.9,30.58
21201,Robertson County,KY,Kentucky,2193,7,513,23.38999939,"Robertson County, Kentucky",11.32,32.98
38023,Divide County,ND,North Dakota,2195,9,1390,63.32000351,"Divide County, North Dakota",13.8,28.09
38001,Adams County,ND,North Dakota,2200,13,1521,69.13000488,"Adams County, North Dakota",13.6,32.45
38013,Burke County,ND,North Dakota,2201,16,2043,92.84000397,"Burke County, North Dakota",18.57,25.31
51091,Highland County,VA,Virginia,2232,22,1237,55.41999817,"Highland County, Virginia",19.6,33.12
13239,Quitman County,GA,Georgia,2235,9,853,38.15000153,"Quitman County, Georgia",6.6,25.85
38075,Renville County,ND,North Dakota,2282,14,1936,84.83999634,"Renville County, North Dakota",18.31,31.42
53023,Garfield County,WA,Washington,2286,6,965,42.20000076,"Garfield County, Washington",17.13,24.52
40025,Cimarron County,OK,Oklahoma,2296,18,2094,91.19000244,"Cimarron County, Oklahoma",23.65,31.32
46097,Miner County,SD,South Dakota,2298,9,1247,54.26000214,"Miner County, South Dakota",16.86,38.46
38037,Grant County,ND,North Dakota,2301,17,1596,69.36999512,"Grant County, North Dakota",14.4,33.23
38039,Griggs County,ND,North Dakota,2306,16,1322,57.33000565,"Griggs County, North Dakota",22.2,25.23
08033,Dolores County,CO,Colorado,2326,8,427,18.34000015,"Dolores County, Colorado",15.76,31.83
46111,Sanborn County,SD,South Dakota,2330,9,1308,56.12000275,"Sanborn County, South Dakota",13.75,39.26
38027,Eddy County,ND,North Dakota,2347,10,1800,76.69000244,"Eddy County, North Dakota",16.67,25.22
13307,Webster County,GA,Georgia,2348,8,1024,43.61000061,"Webster County, Georgia",5.83,25.88
02105,Hoonah-Angoon Census Area,AK,Alaska,2365,12,455,19.23999786,"Hoonah-Angoon Census Area, Alaska",14.62,30.33
38043,Kidder County,ND,North Dakota,2394,14,1624,67.83999634,"Kidder County, North Dakota",14.36,29.12
08115,Sedgwick County,CO,Colorado,2404,7,889,36.98000336,"Sedgwick County, Colorado",13.54,21.06
46089,McPherson County,SD,South Dakota,2411,13,1543,63.98999786,"McPherson County, South Dakota",17.74,30.24
46137,Ziebach County,SD,South Dakota,2413,12,952,39.45000076,"Ziebach County, South Dakota",13.54,32.01
20065,Graham County,KS,Kansas,2415,14,1423,58.93000031,"Graham County, Kansas",20.49,26.35
20179,Sheridan County,KS,Kansas,2447,14,1734,70.86000061,"Sheridan County, Kansas",18.64,32.66
48413,Schleicher County,TX,Texas,2451,11,2793,113.9599991,"Schleicher County, Texas",13.06,25.75
20097,Kiowa County,KS,Kansas,2460,13,1767,71.83000183,"Kiowa County, Kansas",16.56,26.12
56027,Niobrara County,WY,Wyoming,2467,10,793,32.15000153,"Niobrara County, Wyoming",14.71,27.58
46107,Potter County,SD,South Dakota,2472,12,2124,85.8999939,"Potter County, South Dakota",16.84,33.56
20049,Elk County,KS,Kansas,2483,14,1105,44.51000214,"Elk County, Kansas",9.12,31.59
49055,Wayne County,UT,Utah,2486,7,1893,76.13999939,"Wayne County, Utah",20.53,17.23
40057,Harmon County,OK,Oklahoma,2488,14,4091,164.4300079,"Harmon County, Oklahoma",14.31,25.86
38041,Hettinger County,ND,North Dakota,2489,12,1440,57.84999847,"Hettinger County, North Dakota",12.0,28.65
49033,Rich County,UT,Utah,2510,9,2763,110.0800018,"Rich County, Utah",14.79,26.81
20075,Hamilton County,KS,Kansas,2518,10,1280,50.83999634,"Hamilton County, Kansas",14.85,32.01
31063,Frontier County,NE,Nebraska,2519,11,1428,56.68000031,"Frontier County, Nebraska",15.29,24.67
38051,McIntosh County,ND,North Dakota,2530,16,1781,70.40000153,"McIntosh County, North Dakota",9.92,29.61
31133,Pawnee County,NE,Nebraska,2544,15,1080,42.47000122,"Pawnee County, Nebraska",9.41,34.2
48079,Cochran County,TX,Texas,2547,18,2350,92.25999451,"Cochran County, Texas",6.28,29.2
20153,Rawlins County,KS,Kansas,2561,9,1358,53.01999664,"Rawlins County, Kansas",17.27,28.15
20017,Chase County,KS,Kansas,2572,6,771,29.96999931,"Chase County, Kansas",20.24,25.01
16023,Butte County,ID,Idaho,2574,11,2267,88.06999969,"Butte County, Idaho",13.0,27.17
20023,Cheyenne County,KS,Kansas,2616,12,1820,69.58000183,"Cheyenne County, Kansas",20.54,25.17
31087,Hitchcock County,NE,Nebraska,2616,17,1376,52.58000183,"Hitchcock County, Nebraska",10.45,28.56
02066,Copper River Census Area,AK,Alaska,2617,9,866,33.08000183,"Copper River Census Area, Alaska",17.39,30.37
48087,Collingsworth County,TX,Texas,2652,15,3310,124.8000031,"Collingsworth County, Texas",18.23,18.7
20135,Ness County,KS,Kansas,2687,17,1966,73.16999817,"Ness County, Kansas",17.65,29.45
20129,Morton County,KS,Kansas,2701,12,1204,44.58999634,"Morton County, Kansas",12.15,28.95
20063,Gove County,KS,Kansas,2718,11,1721,63.30999756,"Gove County, Kansas",15.13,32.86
46003,Aurora County,SD,South Dakota,2747,11,1932,70.33000183,"Aurora County, South Dakota",15.3,32.27
48385,Real County,TX,Texas,2758,13,1943,70.44999695,"Real County, Texas",11.23,27.64
20109,Logan County,KS,Kansas,2762,11,1782,64.51999664,"Logan County, Kansas",14.28,23.97
20039,Decatur County,KS,Kansas,2764,16,1634,59.11000061,"Decatur County, Kansas",17.72,33.16
48421,Sherman County,TX,Texas,2782,9,1975,71.0,"Sherman County, Texas",14.71,21.14
46071,Jackson County,SD,South Dakota,2806,9,691,24.61000061,"Jackson County, South Dakota",12.22,31.77
20195,Trego County,KS,Kansas,2808,13,1720,61.25,"Trego County, Kansas",15.46,27.14
48191,Hall County,TX,Texas,2825,13,1251,44.29000092,"Hall County, Texas",13.21,28.5
46043,Douglas County,SD,South Dakota,2835,18,2672,94.23999786,"Douglas County, South Dakota",13.65,26.55
46105,Perkins County,SD,South Dakota,2835,25,1980,69.83000183,"Perkins County, South Dakota",15.55,29.62
13061,Clay County,GA,Georgia,2848,9,705,24.77000046,"Clay County, Georgia",9.02,30.36
31135,Perkins County,NE,Nebraska,2858,12,1339,46.84999847,"Perkins County, Nebraska",21.93,21.68
13007,Baker County,GA,Georgia,2876,16,897,31.18999863,"Baker County, Georgia",10.65,31.89
13125,Glascock County,GA,Georgia,2884,11,1062,36.81999969,"Glascock County, Georgia",9.06,31.9
31061,Franklin County,NE,Nebraska,2889,15,1979,68.5,"Franklin County, Nebraska",12.34,30.35
31017,Brown County,NE,Nebraska,2903,12,1748,60.20999908,"Brown County, Nebraska",16.38,34.59
20047,Edwards County,KS,Kansas,2907,14,1650,56.75,"Edwards County, Kansas",15.93,26.49
20089,Jewell County,KS,Kansas,2932,17,1436,48.96999741,"Jewell County, Kansas",13.54,34.35
20105,Lincoln County,KS,Kansas,2939,14,1964,66.83000183,"Lincoln County, Kansas",14.81,23.94
20165,Rush County,KS,Kansas,2956,14,1698,57.44000244,"Rush County, Kansas",17.27,27.29
31163,Sherman County,NE,Nebraska,2959,11,2245,75.86999512,"Sherman County, Nebraska",14.78,29.06
46117,Stanley County,SD,South Dakota,2980,5,1396,46.8599968,"Stanley County, South Dakota",16.02,30.04
38011,Bowman County,ND,North Dakota,2993,12,2678,89.47999573,"Bowman County, North Dakota",14.49,33.79
38063,Nelson County,ND,North Dakota,3015,20,2858,94.78999329,"Nelson County, North Dakota",21.66,24.93
30025,Fallon County,MT,Montana,3049,10,1692,55.5,"Fallon County, Montana",11.32,36.45
48295,Lipscomb County,TX,Texas,3059,16,2795,91.36999512,"Lipscomb County, Texas",17.77,27.57
31083,Harlan County,NE,Nebraska,3073,13,1187,38.62000275,"Harlan County, Nebraska",18.98,24.41
48105,Crockett County,TX,Texas,3098,10,1481,47.79999542,"Crockett County, Texas",5.26,43.14
48417,Shackelford County,TX,Texas,3105,18,1819,58.56999969,"Shackelford County, Texas",23.2,17.18
20207,Woodson County,KS,Kansas,3115,8,635,20.3900013,"Woodson County, Kansas",14.22,31.78
48271,Kinney County,TX,Texas,3129,11,1869,59.74000168,"Kinney County, Texas",12.9,22.44
46059,Hand County,SD,South Dakota,3145,12,1989,63.25999832,"Hand County, South Dakota",18.05,29.85
48229,Hudspeth County,TX,Texas,3202,12,1622,50.65999985,"Hudspeth County, Texas",9.53,25.22
06091,Sierra County,CA,California,3236,10,620,19.15999985,"Sierra County, California",8.77,24.28
37177,Tyrrell County,NC,North Carolina,3245,24,1491,45.93000031,"Tyrrell County, North Carolina",7.87,27.02
48129,Donley County,TX,Texas,3258,16,2693,82.65000153,"Donley County, Texas",12.83,24.66
40059,Harper County,OK,Oklahoma,3272,14,3238,98.96000671,"Harper County, Oklahoma",13.7,26.98
48081,Coke County,TX,Texas,3285,19,2305,70.17999268,"Coke County, Texas",13.8,28.72
38029,Emmons County,ND,North Dakota,3301,16,3324,100.6999969,"Emmons County, North Dakota",14.85,31.71
48095,Concho County,TX,Texas,3303,14,1354,41.0,"Concho County, Texas",10.67,23.19
48461,Upton County,TX,Texas,3308,16,3165,95.68000031,"Upton County, Texas",9.76,33.11
30039,Granite County,MT,Montana,3309,8,748,22.61000061,"Granite County, Montana",23.9,25.82
48275,Knox County,TX,Texas,3353,20,2525,75.30999756,"Knox County, Texas",11.66,27.17
27155,Traverse County,MN,Minnesota,3360,11,2168,64.51999664,"Traverse County, Minnesota",11.49,32.37
48435,Sutton County,TX,Texas,3372,13,2879,85.36999512,"Sutton County, Texas",11.71,28.73
20019,Chautauqua County,KS,Kansas,3379,18,972,28.77000046,"Chautauqua County, Kansas",10.12,28.19
31125,Nance County,NE,Nebraska,3380,9,2007,59.38000107,"Nance County, Nebraska",10.59,33.96
46007,Bennett County,SD,South Dakota,3381,8,956,28.28000069,"Bennett County, South Dakota",18.81,22.45
48211,Hemphill County,TX,Texas,3382,11,2565,75.84999847,"Hemphill County, Texas",16.29,32.41
48383,Reagan County,TX,Texas,3385,9,2258,66.70999908,"Reagan County, Texas",7.52,35.96
31181,Webster County,NE,Nebraska,3395,15,1477,43.51000214,"Webster County, Nebraska",13.65,28.18
38031,Foster County,ND,North Dakota,3397,14,1695,49.88999939,"Foster County, North Dakota",20.11,23.07
02195,Petersburg Borough,AK,Alaska,3398,13,1184,34.84000015,"Petersburg Borough, Alaska",19.57,30.93
02013,Aleutians East Borough,AK,Alaska,3420,9,1425,41.65999985,"Aleutians East Borough, Alaska",10.47,37.6
31105,Kimball County,NE,Nebraska,3434,12,1503,43.77999878,"Kimball County, Nebraska",9.38,34.97
40129,Roger Mills County,OK,Oklahoma,3442,21,2933,85.20999908,"Roger Mills County, Oklahoma",11.67,31.24
46061,Hanson County,SD,South Dakota,3461,14,1596,46.11000061,"Hanson County, South Dakota",11.36,30.1
48023,Baylor County,TX,Texas,3465,12,3354,96.79999542,"Baylor County, Texas",17.1,31.66
08023,Costilla County,CO,Colorado,3499,6,1264,36.13000107,"Costilla County, Colorado",13.51,22.19
20141,Osborne County,KS,Kansas,3500,19,1809,51.68000031,"Osborne County, Kansas",16.89,30.23
08009,Baca County,CO,Colorado,3506,16,890,25.37999916,"Baca County, Colorado",16.24,26.97
16061,Lewis County,ID,Idaho,3533,14,1862,52.72000122,"Lewis County, Idaho",13.32,21.63
29129,Mercer County,MO,Missouri,3538,21,2844,80.37999725,"Mercer County, Missouri",12.57,39.07
30091,Sheridan County,MT,Montana,3539,23,1529,43.20999908,"Sheridan County, Montana",17.23,30.05
48197,Hardeman County,TX,Texas,3549,14,2567,72.33000183,"Hardeman County, Texas",10.49,26.92
20183,Smith County,KS,Kansas,3570,20,2192,61.40999985,"Smith County, Kansas",15.73,35.52
35003,Catron County,NM,New Mexico,3579,15,1723,48.13999939,"Catron County, New Mexico",10.01,38.98
17069,Hardin County,IL,Illinois,3649,11,1404,38.46999741,"Hardin County, Illinois",7.47,34.27
48151,Fisher County,TX,Texas,3672,15,3391,92.36000061,"Fisher County, Texas",14.86,29.65
30097,Sweet Grass County,MT,Montana,3678,11,1028,27.95999908,"Sweet Grass County, Montana",16.27,30.54
51720,Norton city,VA,Virginia,3687,12,1764,47.84999466,"Norton city, Virginia",10.83,28.6
13101,Echols County,GA,Georgia,3697,5,587,15.88000011,"Echols County, Georgia",5.59,41.15
19003,Adams County,IA,Iowa,3704,11,1446,39.04999924,"Adams County, Iowa",13.47,34.64
38019,Cavalier County,ND,North Dakota,3704,21,3447,93.05999756,"Cavalier County, North Dakota",18.43,25.09
46085,Lyman County,SD,South Dakota,3718,17,4264,114.6900024,"Lyman County, South Dakota",18.0,31.67
29103,Knox County,MO,Missouri,3744,18,2434,65.02000427,"Knox County, Missouri",9.31,39.75
40045,Ellis County,OK,Oklahoma,3749,22,2899,77.31999969,"Ellis County, Oklahoma",15.46,29.44
17151,Pope County,IL,Illinois,3763,14,1294,34.38999939,"Pope County, Illinois",10.78,38.17
27077,Lake of the Woods County,MN,Minnesota,3763,14,2323,61.73000336,"Lake of the Woods County, Minnesota",18.35,33.45
20081,Haskell County,KS,Kansas,3780,12,2407,63.69000244,"Haskell County, Kansas",11.45,19.6
28125,Sharkey County,MS,Mississippi,3800,17,2285,60.12000275,"Sharkey County, Mississippi",12.35,27.67
46025,Clark County,SD,South Dakota,3837,21,2535,66.05999756,"Clark County, South Dakota",15.18,39.32
38081,Sargent County,ND,North Dakota,3862,13,2931,75.88999939,"Sargent County, North Dakota",15.02,32.54
31029,Chase County,NE,Nebraska,3893,16,2269,58.2899971,"Chase County, Nebraska",15.84,22.09
38085,Sioux County,ND,North Dakota,3898,13,1513,38.81999969,"Sioux County, North Dakota",10.03,24.24
46031,Corson County,SD,South Dakota,3902,26,2108,54.02000046,"Corson County, South Dakota",13.17,26.65
27125,Red Lake County,MN,Minnesota,3935,11,3038,77.19999695,"Red Lake County, Minnesota",14.04,32.43
53013,Columbia County,WA,Washington,3952,12,1060,26.84000206,"Columbia County, Washington",12.73,14.73
48319,Mason County,TX,Texas,3953,14,3084,78.00999451,"Mason County, Texas",24.29,17.0
38103,Wells County,ND,North Dakota,3982,27,3109,78.06999969,"Wells County, North Dakota",20.1,28.17
20093,Kearny County,KS,Kansas,3983,13,2211,55.51000214,"Kearny County, Kansas",9.8,32.51
46045,Edmunds County,SD,South Dakota,3986,19,2567,64.41000366,"Edmunds County, South Dakota",20.11,31.39
38069,Pierce County,ND,North Dakota,3990,13,3083,77.27999878,"Pierce County, North Dakota",17.14,29.57
46053,Gregory County,SD,South Dakota,3994,23,3275,82.00999451,"Gregory County, South Dakota",14.46,31.94
29197,Schuyler County,MO,Missouri,4032,17,2120,52.57999802,"Schuyler County, Missouri",6.1,39.95
21189,Owsley County,KY,Kentucky,4051,13,1116,27.54999924,"Owsley County, Kentucky",7.73,32.11
20119,Meade County,KS,Kansas,4055,20,3570,88.04000092,"Meade County, Kansas",13.7,19.4
31175,Valley County,NE,Nebraska,4059,12,2428,59.81000137,"Valley County, Nebraska",20.41,28.87
20185,Stafford County,KS,Kansas,4072,14,1278,31.38999939,"Stafford County, Kansas",19.37,22.62
35059,Union County,NM,New Mexico,4079,16,2859,70.08999634,"Union County, New Mexico",7.24,36.7
38045,LaMoure County,ND,North Dakota,4093,30,2724,66.53999329,"LaMoure County, North Dakota",18.35,24.91
31129,Nuckolls County,NE,Nebraska,4095,20,2428,59.29000092,"Nuckolls County, Nebraska",16.31,28.01
38025,Dunn County,ND,North Dakota,4095,17,3233,78.95000458,"Dunn County, North Dakota",15.82,29.07
32029,Storey County,NV,Nevada,4104,4,1344,32.74000168,"Storey County, Nevada",23.24,21.11
22107,Tensas Parish,LA,Louisiana,4147,16,1679,40.47000122,"Tensas Parish, Louisiana",14.96,37.38
40053,Grant County,OK,Oklahoma,4169,28,3762,90.23000336,"Grant County, Oklahoma",15.71,30.11
35023,Hidalgo County,NM,New Mexico,4178,13,2764,66.16000366,"Hidalgo County, New Mexico",13.34,24.2
35033,Mora County,NM,New Mexico,4189,29,3558,84.93999481,"Mora County, New Mexico",6.24,33.78
27069,Kittson County,MN,Minnesota,4207,21,3298,78.3999939,"Kittson County, Minnesota",17.97,35.66
51017,Bath County,VA,Virginia,4209,19,1412,33.53000259,"Bath County, Virginia",13.09,30.08
30071,Phillips County,MT,Montana,4217,22,1671,39.62999725,"Phillips County, Montana",11.49,34.48
29087,Holt County,MO,Missouri,4223,25,2403,56.90000153,"Holt County, Missouri",12.15,41.92
20007,Barber County,KS,Kansas,4228,19,2896,68.48999786,"Barber County, Kansas",13.75,30.49
55078,Menominee County,WI,Wisconsin,4255,4,1038,24.3900013,"Menominee County, Wisconsin",9.88,38.29
16037,Custer County,ID,Idaho,4275,17,3001,70.20999908,"Custer County, Idaho",26.19,21.08
48267,Kimble County,TX,Texas,4286,16,1951,45.52999878,"Kimble County, Texas",15.28,19.72
46039,Deuel County,SD,South Dakota,4295,18,3355,78.11000061,"Deuel County, South Dakota",18.26,32.99
46091,Marshall County,SD,South Dakota,4306,18,2994,69.50999451,"Marshall County, South Dakota",20.67,28.55
16003,Adams County,ID,Idaho,4379,11,1397,31.89999962,"Adams County, Idaho",11.9,30.49
53069,Wahkiakum County,WA,Washington,4422,10,1379,31.18999672,"Wahkiakum County, Washington",11.59,21.42
17013,Calhoun County,IL,Illinois,4437,14,1718,38.72999954,"Calhoun County, Illinois",9.6,38.73
35019,Guadalupe County,NM,New Mexico,4452,25,2569,57.70000076,"Guadalupe County, New Mexico",4.43,39.49
48333,Mills County,TX,Texas,4456,19,3851,86.41999817,"Mills County, Texas",15.38,25.29
40043,Dewey County,OK,Oklahoma,4484,28,4234,94.44000244,"Dewey County, Oklahoma",14.13,37.56
32017,Lincoln County,NV,Nevada,4499,16,3268,72.63999939,"Lincoln County, Nevada",9.26,32.68
21105,Hickman County,KY,Kentucky,4521,31,5030,111.2599945,"Hickman County, Kentucky",16.94,32.54
08095,Phillips County,CO,Colorado,4530,17,2723,60.11000061,"Phillips County, Colorado",17.44,25.68
30061,Mineral County,MT,Montana,4535,13,1073,23.65999985,"Mineral County, Montana",16.96,31.23
13249,Schley County,GA,Georgia,4547,13,4120,90.61000061,"Schley County, Georgia",7.44,25.65
42023,Cameron County,PA,Pennsylvania,4547,13,1845,40.58000183,"Cameron County, Pennsylvania",8.69,43.17
32021,Mineral County,NV,Nevada,4554,16,1504,33.03000259,"Mineral County, Nevada",11.96,28.25
31123,Morrill County,NE,Nebraska,4555,16,2327,51.10000229,"Morrill County, Nebraska",16.44,29.7
55037,Florence County,WI,Wisconsin,4558,9,924,20.28000069,"Florence County, Wisconsin",15.59,32.1
16071,Oneida County,ID,Idaho,4564,13,3467,75.97000122,"Oneida County, Idaho",18.56,27.26
37095,Hyde County,NC,North Carolina,4589,29,1224,26.67000008,"Hyde County, North Carolina",7.88,31.28
56017,Hot Springs County,WY,Wyoming,4621,10,1818,39.34000015,"Hot Springs County, Wyoming",14.95,19.04
31065,Furnas County,NE,Nebraska,4636,29,3529,76.12999725,"Furnas County, Nebraska",14.34,28.8
19159,Ringgold County,IA,Iowa,4663,20,1504,32.25,"Ringgold County, Iowa",13.27,34.69
20157,Republic County,KS,Kansas,4674,25,3033,64.87999725,"Republic County, Kansas",18.24,28.79
48103,Crane County,TX,Texas,4675,9,2799,59.87000275,"Crane County, Texas",9.84,29.94
29171,Putnam County,MO,Missouri,4681,16,2459,52.53000259,"Putnam County, Missouri",12.08,38.8
08027,Custer County,CO,Colorado,4704,14,1811,38.5,"Custer County, Colorado",22.33,21.46
29199,Scotland County,MO,Missouri,4716,25,2912,61.75,"Scotland County, Missouri",8.75,36.63
30065,Musselshell County,MT,Montana,4730,18,1162,24.57999992,"Musselshell County, Montana",11.41,32.05
05013,Calhoun County,AR,Arkansas,4739,41,4321,91.16999817,"Calhoun County, Arkansas",5.62,40.47
08121,Washington County,CO,Colorado,4817,19,1216,25.25,"Washington County, Colorado",14.69,26.59
21039,Carlisle County,KY,Kentucky,4826,17,3159,65.44999695,"Carlisle County, Kentucky",7.97,37.22
48247,Jim Hogg County,TX,Texas,4838,8,4478,92.54000092,"Jim Hogg County, Texas",9.79,36.32
02070,Dillingham Census Area,AK,Alaska,4857,20,1723,35.47999954,"Dillingham Census Area, Alaska",8.51,34.94
08091,Ouray County,CO,Colorado,4874,12,1306,26.77000046,"Ouray County, Colorado",30.14,12.42
51045,Craig County,VA,Virginia,4892,13,1742,35.61000061,"Craig County, Virginia",16.24,32.79
20163,Rooks County,KS,Kansas,4919,16,3712,75.45999908,"Rooks County, Kansas",17.77,24.34
17059,Gallatin County,IL,Illinois,4946,15,2091,42.27000046,"Gallatin County, Illinois",7.55,33.34
17171,Scott County,IL,Illinois,4949,20,2595,52.43000031,"Scott County, Illinois",16.06,42.01
30101,Toole County,MT,Montana,4971,20,2462,49.50999832,"Toole County, Montana",16.46,27.19
20147,Phillips County,KS,Kansas,4981,28,4266,85.63999939,"Phillips County, Kansas",16.28,32.1
48483,Wheeler County,TX,Texas,4990,21,1823,36.52000046,"Wheeler County, Texas",11.86,23.38
38021,Dickey County,ND,North Dakota,4999,29,4393,87.86999512,"Dickey County, North Dakota",20.86,24.13
47137,Pickett County,TN,Tennessee,5001,15,1913,38.25999832,"Pickett County, Tennessee",8.38,33.39
31169,Thayer County,NE,Nebraska,5034,30,4308,85.58000183,"Thayer County, Nebraska",14.9,30.7
40007,Beaver County,OK,Oklahoma,5049,26,3301,65.37999725,"Beaver County, Oklahoma",18.29,26.69
49017,Garfield County,UT,Utah,5083,18,4947,97.33000183,"Garfield County, Utah",18.6,28.87
36041,Hamilton County,NY,New York,5107,23,3332,65.26000214,"Hamilton County, New York",9.99,23.7
16063,Lincoln County,ID,Idaho,5127,13,1714,33.43000031,"Lincoln County, Idaho",7.59,28.56
31161,Sheridan County,NE,Nebraska,5127,29,3174,61.90999985,"Sheridan County, Nebraska",15.28,30.24
48107,Crosby County,TX,Texas,5133,21,3998,77.88999939,"Crosby County, Texas",11.32,24.45
20171,Scott County,KS,Kansas,5151,14,3468,67.31999969,"Scott County, Kansas",17.98,22.83
27011,Big Stone County,MN,Minnesota,5166,25,4168,80.69000244,"Big Stone County, Minnesota",11.8,38.1
46077,Kingsbury County,SD,South Dakota,5187,22,4199,80.94999695,"Kingsbury County, South Dakota",16.38,35.78
17153,Pulaski County,IL,Illinois,5193,23,3279,63.13999939,"Pulaski County, Illinois",6.67,33.7
54105,Wirt County,WV,West Virginia,5194,19,1735,33.41999817,"Wirt County, West Virginia",6.45,37.41
29035,Carter County,MO,Missouri,5202,23,2277,43.75999832,"Carter County, Missouri",9.68,39.99
31143,Polk County,NE,Nebraska,5214,18,2684,51.47999954,"Polk County, Nebraska",14.99,31.35
13301,Warren County,GA,Georgia,5215,26,3939,75.52999878,"Warren County, Georgia",7.08,37.24
48119,Delta County,TX,Texas,5230,24,2694,51.52000046,"Delta County, Texas",13.98,26.66
02016,Aleutians West Census Area,AK,Alaska,5232,10,985,18.82999992,"Aleutians West Census Area, Alaska",14.38,37.07
48317,Martin County,TX,Texas,5237,15,3194,60.98999786,"Martin County, Texas",11.48,27.24
46041,Dewey County,SD,South Dakota,5239,28,2357,44.97999954,"Dewey County, South Dakota",12.09,29.13
17003,Alexander County,IL,Illinois,5240,25,2259,43.12000275,"Alexander County, Illinois",8.86,33.05
46015,Brule County,SD,South Dakota,5247,19,3394,64.68999481,"Brule County, South Dakota",19.56,31.77
20189,Stevens County,KS,Kansas,5250,17,2742,52.22999573,"Stevens County, Kansas",8.79,20.45
40029,Coal County,OK,Oklahoma,5266,24,3567,67.73999786,"Coal County, Oklahoma",10.07,35.12
48195,Hansford County,TX,Texas,5285,16,4063,76.87000275,"Hansford County, Texas",20.37,21.98
31097,Johnson County,NE,Nebraska,5290,12,2098,39.66000366,"Johnson County, Nebraska",13.2,33.78
29005,Atchison County,MO,Missouri,5305,22,2105,39.69000244,"Atchison County, Missouri",16.94,36.78
13259,Stewart County,GA,Georgia,5314,21,1890,35.57000351,"Stewart County, Georgia",8.16,30.86
46129,Walworth County,SD,South Dakota,5315,32,4181,78.65999603,"Walworth County, South Dakota",14.91,35.63
40067,Jefferson County,OK,Oklahoma,5337,26,5238,98.13999939,"Jefferson County, Oklahoma",11.72,33.67
26095,Luce County,MI,Michigan,5339,16,2132,39.93999863,"Luce County, Michigan",11.55,23.86
02290,Yukon-Koyukuk Census Area,AK,Alaska,5343,36,3717,69.56999969,"Yukon-Koyukuk Census Area, Alaska",8.24,33.67
38049,McHenry County,ND,North Dakota,5345,23,3491,65.31999969,"McHenry County, North Dakota",16.72,26.98
31011,Boone County,NE,Nebraska,5379,21,4757,88.44999695,"Boone County, Nebraska",12.79,34.55
48205,Hartley County,TX,Texas,5382,11,2084,38.71999741,"Hartley County, Texas",11.9,21.27
20127,Morris County,KS,Kansas,5386,16,2383,44.23999786,"Morris County, Kansas",18.68,30.28
17175,Stark County,IL,Illinois,5400,15,1721,31.86999702,"Stark County, Illinois",12.66,33.29
48153,Floyd County,TX,Texas,5402,23,3667,67.88000488,"Floyd County, Texas",11.13,24.72
27087,Mahnomen County,MN,Minnesota,5411,14,2417,44.67000198,"Mahnomen County, Minnesota",9.13,29.41
48207,Haskell County,TX,Texas,5416,29,5545,102.3700027,"Haskell County, Texas",9.74,26.35
46037,Day County,SD,South Dakota,5449,25,3743,68.68000031,"Day County, South Dakota",16.84,31.62
31031,Cherry County,NE,Nebraska,5455,16,2651,48.59000015,"Cherry County, Nebraska",17.56,28.34
20137,Norton County,KS,Kansas,5459,19,3575,65.48999786,"Norton County, Kansas",16.0,25.22
20077,Harper County,KS,Kansas,5485,27,2780,50.69999695,"Harper County, Kansas",9.76,35.14
40055,Greer County,OK,Oklahoma,5491,26,4777,87.01000214,"Greer County, Oklahoma",10.98,23.05
40033,Cotton County,OK,Oklahoma,5527,24,4593,83.09000397,"Cotton County, Oklahoma",8.8,35.34
20201,Washington County,KS,Kansas,5530,28,4502,81.41999817,"Washington County, Kansas",15.02,38.28
31059,Fillmore County,NE,Nebraska,5551,25,3484,62.77000046,"Fillmore County, Nebraska",14.53,29.99
13037,Calhoun County,GA,Georgia,5573,18,2376,42.62999725,"Calhoun County, Georgia",8.41,24.18
48305,Lynn County,TX,Texas,5596,21,4341,77.5799942,"Lynn County, Texas",15.0,22.53
27031,Cook County,MN,Minnesota,5600,16,1715,30.63000107,"Cook County, Minnesota",30.17,18.15
31051,Dixon County,NE,Nebraska,5606,23,3881,69.22000122,"Dixon County, Nebraska",16.89,30.24
22023,Cameron Parish,LA,Louisiana,5617,16,3921,69.79999542,"Cameron Parish, Louisiana",11.42,36.98
46123,Tripp County,SD,South Dakota,5624,22,3316,58.95000076,"Tripp County, South Dakota",15.81,35.82
17155,Putnam County,IL,Illinois,5637,11,2262,40.13000107,"Putnam County, Illinois",11.96,32.2
27081,Lincoln County,MN,Minnesota,5640,20,4457,79.01999664,"Lincoln County, Minnesota",13.99,33.88
08011,Bent County,CO,Colorado,5650,12,760,13.43999958,"Bent County, Colorado",8.95,25.48
20069,Gray County,KS,Kansas,5653,21,3912,69.20999146,"Gray County, Kansas",19.3,20.47
19009,Audubon County,IA,Iowa,5674,18,3000,52.88000107,"Audubon County, Iowa",13.83,32.08
08073,Lincoln County,CO,Colorado,5675,22,2771,48.82000351,"Lincoln County, Colorado",9.43,24.47
46087,McCook County,SD,South Dakota,5682,21,3430,60.36999893,"McCook County, South Dakota",15.88,32.47
40003,Alfalfa County,OK,Oklahoma,5699,25,3595,63.09000015,"Alfalfa County, Oklahoma",15.79,25.56
38073,Ransom County,ND,North Dakota,5703,22,3756,65.86000061,"Ransom County, North Dakota",16.8,30.76
48411,San Saba County,TX,Texas,5730,27,4456,77.75999451,"San Saba County, Texas",14.29,29.63
13263,Talbot County,GA,Georgia,5733,19,2016,35.17000198,"Talbot County, Georgia",6.27,37.17
32015,Lander County,NV,Nevada,5734,18,4061,70.83000183,"Lander County, Nevada",6.82,25.15
20143,Ottawa County,KS,Kansas,5735,18,2181,38.03000259,"Ottawa County, Kansas",17.89,31.02
51580,Covington city,VA,Virginia,5737,29,4690,81.75,"Covington city, Virginia",10.28,36.61
02198,Prince of Wales-Hyder Census Area,AK,Alaska,5753,24,1814,31.54999924,"Prince of Wales-Hyder Census Area, Alaska",11.82,31.9
51595,Emporia city,VA,Virginia,5766,26,4722,81.88999176,"Emporia city, Virginia",8.57,25.33
20123,Mitchell County,KS,Kansas,5796,16,3758,64.81999969,"Mitchell County, Kansas",19.18,24.6
48065,Carson County,TX,Texas,5807,20,3331,57.36000061,"Carson County, Texas",19.22,24.68
08047,Gilpin County,CO,Colorado,5808,4,118,2.029999971,"Gilpin County, Colorado",24.63,11.55
26131,Ontonagon County,MI,Michigan,5816,27,2224,38.25,"Ontonagon County, Michigan",10.4,41.45
48169,Garza County,TX,Texas,5816,19,2758,47.41999817,"Garza County, Texas",8.2,23.02
42113,Sullivan County,PA,Pennsylvania,5840,15,2440,41.79000092,"Sullivan County, Pennsylvania",11.43,40.76
31167,Stanton County,NE,Nebraska,5842,9,1741,29.81000137,"Stanton County, Nebraska",15.22,29.69
21057,Cumberland County,KY,Kentucky,5888,40,3480,59.11000061,"Cumberland County, Kentucky",9.47,36.13
30015,Chouteau County,MT,Montana,5895,19,2474,41.98000336,"Chouteau County, Montana",23.35,31.86
19173,Taylor County,IA,Iowa,5896,25,3289,55.78000259,"Taylor County, Iowa",11.26,34.56
30073,Pondera County,MT,Montana,5898,22,3525,59.77000427,"Pondera County, Montana",19.43,26.57
50009,Essex County,VT,Vermont,5920,10,1016,17.17000008,"Essex County, Vermont",9.83,36.76
08025,Crowley County,CO,Colorado,5922,9,2098,35.42999649,"Crowley County, Colorado",5.22,27.59
20181,Sherman County,KS,Kansas,5927,17,3089,52.11000061,"Sherman County, Kansas",19.04,24.57
18115,Ohio County,IN,Indiana,5940,14,2306,38.82999802,"Ohio County, Indiana",9.37,35.24
38005,Benson County,ND,North Dakota,5964,25,3907,65.52000427,"Benson County, North Dakota",13.14,23.06
29211,Sullivan County,MO,Missouri,5999,21,3504,58.40999985,"Sullivan County, Missouri",9.64,41.06
13201,Miller County,GA,Georgia,6000,21,3761,62.68999863,"Miller County, Georgia",11.16,25.6
20073,Greenwood County,KS,Kansas,6016,29,2618,43.52000046,"Greenwood County, Kansas",14.68,31.47
27051,Grant County,MN,Minnesota,6074,23,4957,81.61000061,"Grant County, Minnesota",13.13,30.17
29179,Reynolds County,MO,Missouri,6096,25,3664,60.11000061,"Reynolds County, Missouri",11.76,32.79
29205,Shelby County,MO,Missouri,6103,30,2953,48.37000275,"Shelby County, Missouri",13.27,39.42
31035,Clay County,NE,Nebraska,6104,22,3093,50.67000198,"Clay County, Nebraska",13.95,31.28
21165,Menifee County,KY,Kentucky,6113,10,1161,19.0,"Menifee County, Kentucky",8.5,31.81
48377,Presidio County,TX,Texas,6131,18,4415,71.99999237,"Presidio County, Texas",14.64,7.91
55051,Iron County,WI,Wisconsin,6137,11,2659,43.33000183,"Iron County, Wisconsin",16.12,27.97
54071,Pendleton County,WV,West Virginia,6143,55,3899,63.45000458,"Pendleton County, West Virginia",12.56,42.06
29075,Gentry County,MO,Missouri,6162,25,4500,73.02999878,"Gentry County, Missouri",14.44,35.9
46057,Hamlin County,SD,South Dakota,6164,21,1463,23.73999786,"Hamlin County, South Dakota",17.15,38.31
47175,Van Buren County,TN,Tennessee,6168,22,1451,23.52000046,"Van Buren County, Tennessee",4.26,35.49
28119,Quitman County,MS,Mississippi,6176,32,3745,60.65000153,"Quitman County, Mississippi",7.13,26.67
19143,Osceola County,IA,Iowa,6192,19,3085,49.79999924,"Osceola County, Iowa",11.43,31.99
30099,Teton County,MT,Montana,6226,24,4776,76.69000244,"Teton County, Montana",18.72,27.56
54013,Calhoun County,WV,West Virginia,6229,21,1687,27.09000206,"Calhoun County, West Virginia",9.19,39.99
17009,Brown County,IL,Illinois,6244,11,1699,27.21000099,"Brown County, Illinois",10.23,31.21
17047,Edwards County,IL,Illinois,6245,24,3546,56.79000092,"Edwards County, Illinois",10.13,29.77
20145,Pawnee County,KS,Kansas,6253,20,3296,52.71999741,"Pawnee County, Kansas",14.87,26.9
05147,Woodruff County,AR,Arkansas,6269,27,2699,43.05000305,"Woodruff County, Arkansas",8.87,39.05
51021,Bland County,VA,Virginia,6270,29,1799,28.69000053,"Bland County, Virginia",9.3,30.68
31003,Antelope County,NE,Nebraska,6295,27,4449,70.68000031,"Antelope County, Nebraska",12.94,31.03
05073,Lafayette County,AR,Arkansas,6308,31,3468,54.96999741,"Lafayette County, Arkansas",10.87,35.17
46101,Moody County,SD,South Dakota,6336,21,4067,64.18000031,"Moody County, South Dakota",18.72,28.13
46115,Spink County,SD,South Dakota,6361,25,4476,70.36000061,"Spink County, South Dakota",20.97,32.03
08109,Saguache County,CO,Colorado,6368,17,4647,72.98000336,"Saguache County, Colorado",12.59,27.6
16007,Bear Lake County,ID,Idaho,6372,19,5737,90.01999664,"Bear Lake County, Idaho",13.41,31.5
20053,Ellsworth County,KS,Kansas,6376,21,2766,43.38000107,"Ellsworth County, Kansas",17.23,26.12
38009,Bottineau County,ND,North Dakota,6379,25,3320,52.04999924,"Bottineau County, North Dakota",20.4,23.78
17071,Henderson County,IL,Illinois,6387,17,1645,25.76000023,"Henderson County, Illinois",13.12,36.5
13283,Treutlen County,GA,Georgia,6406,20,2484,38.77000046,"Treutlen County, Georgia",11.53,34.23
13243,Randolph County,GA,Georgia,6425,24,3291,51.22000122,"Randolph County, Georgia",8.91,28.21
27107,Norman County,MN,Minnesota,6441,28,4635,71.97000122,"Norman County, Minnesota",16.98,31.66
47127,Moore County,TN,Tennessee,6461,18,2098,32.46999741,"Moore County, Tennessee",15.3,35.69
31093,Howard County,NE,Nebraska,6475,16,3944,60.93000412,"Howard County, Nebraska",17.05,37.09
05039,Dallas County,AR,Arkansas,6482,42,4349,67.09000397,"Dallas County, Arkansas",9.1,41.48
19185,Wayne County,IA,Iowa,6497,25,2958,45.52999878,"Wayne County, Iowa",9.85,37.95
27167,Wilkin County,MN,Minnesota,6506,15,3532,54.27999878,"Wilkin County, Minnesota",18.59,25.03
21075,Fulton County,KY,Kentucky,6515,33,4840,74.27999878,"Fulton County, Kentucky",9.9,30.6
08103,Rio Blanco County,CO,Colorado,6529,18,2089,32.00999832,"Rio Blanco County, Colorado",17.36,26.84
51181,Surry County,VA,Virginia,6561,24,3232,49.27000046,"Surry County, Virginia",14.63,27.53
21237,Wolfe County,KY,Kentucky,6562,19,2061,31.42000008,"Wolfe County, Kentucky",2.72,25.29
19071,Fremont County,IA,Iowa,6605,20,2079,31.45999908,"Fremont County, Iowa",14.59,30.44
51097,King and Queen County,VA,Virginia,6608,18,2825,42.75999832,"King and Queen County, Virginia",18.99,33.09
29045,Clark County,MO,Missouri,6634,24,2294,34.57999802,"Clark County, Missouri",7.46,42.42
51530,Buena Vista city,VA,Virginia,6641,25,5456,82.1499939,"Buena Vista city, Virginia",10.13,28.0
32027,Pershing County,NV,Nevada,6650,13,1562,23.49000168,"Pershing County, Nevada",4.45,30.88
47067,Hancock County,TN,Tennessee,6662,30,5411,81.22000122,"Hancock County, Tennessee",3.89,34.45
48075,Childress County,TX,Texas,6664,15,3085,46.2899971,"Childress County, Texas",14.85,24.72
48283,La Salle County,TX,Texas,6664,11,5724,85.88999939,"La Salle County, Texas",5.94,35.93
31099,Kearney County,NE,Nebraska,6688,18,3364,50.30000305,"Kearney County, Nebraska",20.05,24.15
20167,Russell County,KS,Kansas,6691,25,3906,58.37999725,"Russell County, Kansas",15.86,24.84
27073,Lac qui Parle County,MN,Minnesota,6719,27,6542,97.36000061,"Lac qui Parle County, Minnesota",14.03,33.16
51640,Galax city,VA,Virginia,6720,23,4968,73.9200058,"Galax city, Virginia",9.71,25.31
31021,Burt County,NE,Nebraska,6722,25,3063,45.56999969,"Burt County, Nebraska",17.52,29.25
48391,Refugio County,TX,Texas,6741,32,5533,82.06999969,"Refugio County, Texas",7.95,35.26
13065,Clinch County,GA,Georgia,6749,22,3125,46.32000351,"Clinch County, Georgia",7.16,30.81
54093,Tucker County,WV,West Virginia,6762,36,3160,46.74999619,"Tucker County, West Virginia",10.82,40.33
31173,Thurston County,NE,Nebraska,6773,22,2723,40.19999695,"Thurston County, Nebraska",12.99,25.95
51036,Charles City County,VA,Virginia,6773,10,3787,55.90999985,"Charles City County, Virginia",11.42,34.63
30007,Broadwater County,MT,Montana,6774,9,980,14.47999954,"Broadwater County, Montana",20.56,21.34
05095,Monroe County,AR,Arkansas,6799,42,4757,69.98000336,"Monroe County, Arkansas",9.36,37.2
02240,Southeast Fairbanks Census Area,AK,Alaska,6808,30,2253,33.07999802,"Southeast Fairbanks Census Area, Alaska",10.84,29.4
08055,Huerfano County,CO,Colorado,6820,16,2032,29.77999878,"Huerfano County, Colorado",15.34,24.18
56045,Weston County,WY,Wyoming,6838,20,2473,36.15999985,"Weston County, Wyoming",12.67,31.16
38067,Pembina County,ND,North Dakota,6844,33,4317,63.06999969,"Pembina County, North Dakota",16.49,25.23
20197,Wabaunsee County,KS,Kansas,6877,18,2334,33.93999863,"Wabaunsee County, Kansas",14.45,32.81
17169,Schuyler County,IL,Illinois,6902,26,2362,34.22000122,"Schuyler County, Illinois",13.96,27.44
48017,Bailey County,TX,Texas,6904,18,4178,60.51999664,"Bailey County, Texas",11.62,30.32
30077,Powell County,MT,Montana,6946,17,2113,30.43000031,"Powell County, Montana",11.15,26.13
40141,Tillman County,OK,Oklahoma,6968,27,6071,87.13999939,"Tillman County, Oklahoma",11.13,30.71
48437,Swisher County,TX,Texas,6971,26,4848,69.53999329,"Swisher County, Texas",11.98,28.68
42053,Forest County,PA,Pennsylvania,6973,18,1576,22.6099987,"Forest County, Pennsylvania",6.23,37.86
46047,Fall River County,SD,South Dakota,6973,24,3217,46.11999893,"Fall River County, South Dakota",12.45,31.35
46009,Bon Homme County,SD,South Dakota,7003,24,3548,50.68000031,"Bon Homme County, South Dakota",14.41,23.96
19093,Ida County,IA,Iowa,7005,19,4628,66.06999969,"Ida County, Iowa",13.81,36.78
47095,Lake County,TN,Tennessee,7005,28,4032,57.54000092,"Lake County, Tennessee",6.5,23.53
48175,Goliad County,TX,Texas,7012,18,2627,37.47000122,"Goliad County, Texas",11.77,21.23
16029,Caribou County,ID,Idaho,7027,20,5234,74.47999573,"Caribou County, Idaho",12.48,28.18
29203,Shannon County,MO,Missouri,7031,26,2199,31.25,"Shannon County, Missouri",8.71,39.6
30005,Blaine County,MT,Montana,7044,31,3054,43.33000183,"Blaine County, Montana",18.48,24.31
49001,Beaver County,UT,Utah,7072,16,4565,64.55000305,"Beaver County, Utah",22.27,25.14
31127,Nemaha County,NE,Nebraska,7074,30,3272,46.25,"Nemaha County, Nebraska",19.27,25.63
48047,Brooks County,TX,Texas,7076,10,5069,71.63999939,"Brooks County, Texas",12.65,19.57
19151,Pocahontas County,IA,Iowa,7078,17,3310,46.77000046,"Pocahontas County, Iowa",12.93,33.2
08063,Kit Carson County,CO,Colorado,7087,30,4354,61.40999985,"Kit Carson County, Colorado",10.46,28.61
18161,Union County,IN,Indiana,7087,14,1763,24.86999893,"Union County, Indiana",12.8,36.37
02063,Chugach Census Area,AK,Alaska,7102,24,2573,36.22000122,"Chugach Census Area, Alaska",16.3,23.13
48111,Dallam County,TX,Texas,7115,21,3737,52.53000259,"Dallam County, Texas",13.27,21.22
53019,Ferry County,WA,Washington,7178,19,2156,30.03999901,"Ferry County, Washington",13.41,29.24
56011,Crook County,WY,Wyoming,7181,19,3024,42.11999893,"Crook County, Wyoming",19.22,29.11
19177,Van Buren County,IA,Iowa,7203,26,2756,38.25999832,"Van Buren County, Iowa",10.89,32.46
05101,Newton County,AR,Arkansas,7225,26,1862,25.77000046,"Newton County, Arkansas",10.83,30.4
41023,Grant County,OR,Oregon,7233,22,1740,24.05000114,"Grant County, Oregon",13.53,29.94
31095,Jefferson County,NE,Nebraska,7240,27,4611,63.67000198,"Jefferson County, Nebraska",14.17,33.58
28063,Jefferson County,MS,Mississippi,7260,27,2683,36.94999695,"Jefferson County, Mississippi",8.93,26.24
50013,Grand Isle County,VT,Vermont,7293,9,2763,37.87999725,"Grand Isle County, Vermont",24.46,25.36
31139,Pierce County,NE,Nebraska,7317,16,5499,75.15000153,"Pierce County, Nebraska",18.94,31.75
55091,Pepin County,WI,Wisconsin,7318,19,3633,49.63999939,"Pepin County, Wisconsin",14.19,36.6
51678,Lexington city,VA,Virginia,7320,17,6739,92.06000519,"Lexington city, Virginia",25.76,16.62
51157,Rappahannock County,VA,Virginia,7348,20,2847,38.73999786,"Rappahannock County, Virginia",19.28,21.03
20067,Grant County,KS,Kansas,7352,22,5420,73.70999908,"Grant County, Kansas",14.5,25.53
21063,Elliott County,KY,Kentucky,7354,4,672,9.140000343,"Elliott County, Kentucky",6.0,31.54
48069,Castro County,TX,Texas,7371,16,5551,75.30999756,"Castro County, Texas",12.37,26.25
41063,Wallowa County,OR,Oregon,7391,21,1801,24.37000084,"Wallowa County, Oregon",17.69,26.71
21129,Lee County,KY,Kentucky,7395,27,2287,30.91999817,"Lee County, Kentucky",4.38,26.62
29041,Chariton County,MO,Missouri,7408,32,4522,61.04000092,"Chariton County, Missouri",12.36,43.12
54021,Gilmer County,WV,West Virginia,7408,28,1941,26.19000053,"Gilmer County, West Virginia",10.07,33.62
46067,Hutchinson County,SD,South Dakota,7427,37,6110,82.29000092,"Hutchinson County, South Dakota",17.13,29.53
08065,Lake County,CO,Colorado,7436,11,2305,30.98999977,"Lake County, Colorado",28.49,20.42
19195,Worth County,IA,Iowa,7443,21,3999,53.7100029,"Worth County, Iowa",12.63,33.84
22035,East Carroll Parish,LA,Louisiana,7459,18,1950,26.1400013,"East Carroll Parish, Louisiana",6.23,28.0
08021,Conejos County,CO,Colorado,7461,24,5528,74.08999634,"Conejos County, Colorado",16.34,26.25
20095,Kingman County,KS,Kansas,7470,26,4517,60.47000122,"Kingman County, Kansas",17.68,30.29
13309,Wheeler County,GA,Georgia,7471,21,2162,28.9299984,"Wheeler County, Georgia",14.65,30.31
41025,Harney County,OR,Oregon,7495,15,1957,26.10000038,"Harney County, Oregon",9.6,28.96
19001,Adair County,IA,Iowa,7496,19,2536,33.83000183,"Adair County, Iowa",14.66,37.44
13197,Marion County,GA,Georgia,7498,23,2483,33.1099968,"Marion County, Georgia",9.87,29.82
20043,Doniphan County,KS,Kansas,7510,25,2853,38.00999832,"Doniphan County, Kansas",14.07,29.95
21181,Nicholas County,KY,Kentucky,7537,28,3128,41.49999619,"Nicholas County, Kentucky",3.97,36.38
05025,Cleveland County,AR,Arkansas,7550,46,4866,64.44000244,"Cleveland County, Arkansas",11.28,40.57
46051,Grant County,SD,South Dakota,7556,21,5409,71.59999847,"Grant County, South Dakota",17.05,32.35
29057,Dade County,MO,Missouri,7569,32,4420,58.40000153,"Dade County, Missouri",11.45,39.29
19135,Monroe County,IA,Iowa,7577,17,3797,50.11000061,"Monroe County, Iowa",16.18,34.98
30105,Valley County,MT,Montana,7578,26,2132,28.12000084,"Valley County, Montana",15.72,30.35
47027,Clay County,TN,Tennessee,7581,36,3432,45.27999878,"Clay County, Tennessee",8.78,40.63
16015,Boise County,ID,Idaho,7610,12,2475,32.52999878,"Boise County, Idaho",17.58,25.89
22081,Red River Parish,LA,Louisiana,7620,31,4051,53.15999985,"Red River Parish, Louisiana",6.49,37.7
48307,McCulloch County,TX,Texas,7630,30,3689,48.36000061,"McCulloch County, Texas",11.15,25.67
19053,Decatur County,IA,Iowa,7645,33,2355,30.80999947,"Decatur County, Iowa",14.52,33.15
28009,Benton County,MS,Mississippi,7646,29,5688,74.3999939,"Benton County, Mississippi",4.76,27.12
54073,Pleasants County,WV,West Virginia,7653,28,2037,26.62000084,"Pleasants County, West Virginia",6.93,45.48
49025,Kane County,UT,Utah,7667,22,4847,63.2100029,"Kane County, Utah",19.89,21.66
31121,Merrick County,NE,Nebraska,7668,27,3689,48.12000275,"Merrick County, Nebraska",12.66,34.78
28037,Franklin County,MS,Mississippi,7675,41,5220,68.02999878,"Franklin County, Mississippi",9.33,26.18
48083,Coleman County,TX,Texas,7684,44,4842,63.01000214,"Coleman County, Texas",11.73,30.2
56043,Washakie County,WY,Wyoming,7685,30,5098,66.33999634,"Washakie County, Wyoming",15.03,20.83
13181,Lincoln County,GA,Georgia,7690,28,3963,51.52000046,"Lincoln County, Georgia",9.72,37.37
48501,Yoakum County,TX,Texas,7694,25,6933,90.11000061,"Yoakum County, Texas",9.93,22.63
21007,Ballard County,KY,Kentucky,7728,32,6910,89.41999817,"Ballard County, Kentucky",10.44,29.74
01063,Greene County,AL,Alabama,7730,29,2135,27.61000061,"Greene County, Alabama",5.76,36.95
40093,Major County,OK,Oklahoma,7782,30,5111,65.68000793,"Major County, Oklahoma",14.14,32.31
28053,Humphreys County,MS,Mississippi,7785,31,2981,38.29000092,"Humphreys County, Mississippi",7.74,25.82
48495,Winkler County,TX,Texas,7791,20,4038,51.82999802,"Winkler County, Texas",7.26,24.12
02188,Northwest Arctic Borough,AK,Alaska,7793,24,1419,18.20999908,"Northwest Arctic Borough, Alaska",8.33,39.12
54017,Doddridge County,WV,West Virginia,7808,16,1880,24.06000137,"Doddridge County, West Virginia",11.41,33.57
13269,Taylor County,GA,Georgia,7816,25,3374,43.18000412,"Taylor County, Georgia",8.12,30.44
05129,Searcy County,AR,Arkansas,7828,35,3043,38.86999512,"Searcy County, Arkansas",7.95,32.07
20003,Anderson County,KS,Kansas,7836,25,4716,60.18000031,"Anderson County, Kansas",10.46,33.97
54075,Pocahontas County,WV,West Virginia,7869,50,2749,34.92999649,"Pocahontas County, West Virginia",8.67,39.83
31147,Richardson County,NE,Nebraska,7871,33,4034,51.24000168,"Richardson County, Nebraska",13.2,34.67
16077,Power County,ID,Idaho,7878,17,6063,76.95999908,"Power County, Idaho",9.51,28.53
48405,San Augustine County,TX,Texas,7918,38,3909,49.36999893,"San Augustine County, Texas",9.06,38.08
20193,Thomas County,KS,Kansas,7930,23,4423,55.79000092,"Thomas County, Kansas",15.86,19.14
12077,Liberty County,FL,Florida,7974,19,3900,48.90999603,"Liberty County, Florida",8.4,29.76
16059,Lemhi County,ID,Idaho,7974,23,4452,55.83000183,"Lemhi County, Idaho",15.17,23.87
17065,Hamilton County,IL,Illinois,7993,30,4206,52.61999893,"Hamilton County, Illinois",12.48,26.64
38097,Traill County,ND,North Dakota,7997,27,4697,58.73999786,"Traill County, North Dakota",21.31,24.56
13289,Twiggs County,GA,Georgia,8022,24,3431,42.77000427,"Twiggs County, Georgia",5.26,38.09
37075,Graham County,NC,North Carolina,8030,21,3033,37.77000046,"Graham County, North Carolina",8.91,28.36
45005,Allendale County,SC,South Carolina,8039,32,4601,57.23000336,"Allendale County, South Carolina",6.17,34.35
26153,Schoolcraft County,MI,Michigan,8047,24,4243,52.72999954,"Schoolcraft County, Michigan",13.02,35.56
54015,Clay County,WV,West Virginia,8051,23,2169,26.95000076,"Clay County, West Virginia",4.64,42.98
08113,San Miguel County,CO,Colorado,8072,10,1670,20.68999863,"San Miguel County, Colorado",41.47,17.93
20027,Clay County,KS,Kansas,8117,28,4092,50.39999771,"Clay County, Kansas",18.37,32.84
29081,Harrison County,MO,Missouri,8157,35,4186,51.31999969,"Harrison County, Missouri",10.12,42.36
26013,Baraga County,MI,Michigan,8158,21,2969,36.38999939,"Baraga County, Michigan",9.39,31.91
41037,Lake County,OR,Oregon,8160,23,1752,21.46999931,"Lake County, Oregon",12.17,28.2
27101,Murray County,MN,Minnesota,8179,23,5631,68.83999634,"Murray County, Minnesota",15.36,33.48
51620,Franklin city,VA,Virginia,8180,23,8876,108.4800034,"Franklin city, Virginia",13.29,27.0
31045,Dawes County,NE,Nebraska,8199,21,3382,41.25999832,"Dawes County, Nebraska",20.51,18.31
26135,Oscoda County,MI,Michigan,8219,14,1498,18.21999931,"Oscoda County, Michigan",7.61,30.17
48193,Hamilton County,TX,Texas,8222,29,3998,48.61999893,"Hamilton County, Texas",15.65,30.31
12067,Lafayette County,FL,Florida,8226,20,3821,46.42999649,"Lafayette County, Florida",4.48,28.06
28019,Choctaw County,MS,Mississippi,8246,37,4938,59.88000107,"Choctaw County, Mississippi",11.66,30.76
29085,Hickory County,MO,Missouri,8279,22,2750,33.22999954,"Hickory County, Missouri",5.69,42.81
05117,Prairie County,AR,Arkansas,8282,30,4015,48.47000122,"Prairie County, Arkansas",11.08,31.39
47083,Houston County,TN,Tennessee,8283,28,3029,36.58000183,"Houston County, Tennessee",8.37,34.92
13003,Atkinson County,GA,Georgia,8286,24,2715,32.76000214,"Atkinson County, Georgia",5.68,25.99
05099,Nevada County,AR,Arkansas,8310,49,5245,63.09999847,"Nevada County, Arkansas",7.79,42.52
54095,Tyler County,WV,West Virginia,8313,33,2624,31.56999969,"Tyler County, West Virginia",11.23,38.46
46033,Custer County,SD,South Dakota,8318,27,3408,40.97000122,"Custer County, South Dakota",15.91,33.36
30087,Rosebud County,MT,Montana,8329,27,5606,67.29000092,"Rosebud County, Montana",11.32,26.54
31101,Keith County,NE,Nebraska,8335,23,4493,53.92999649,"Keith County, Nebraska",13.74,24.64
38057,Mercer County,ND,North Dakota,8350,29,5114,61.22999573,"Mercer County, North Dakota",16.23,22.06
20031,Coffey County,KS,Kansas,8360,27,4026,48.15999985,"Coffey County, Kansas",16.75,28.3
47135,Perry County,TN,Tennessee,8366,30,3721,44.48999786,"Perry County, Tennessee",5.08,35.53
02158,Kusilvak Census Area,AK,Alaska,8368,24,5649,67.50999451,"Kusilvak Census Area, Alaska",2.64,49.23
31023,Butler County,NE,Nebraska,8369,20,4744,56.69000244,"Butler County, Nebraska",18.82,31.98
54101,Webster County,WV,West Virginia,8378,23,1446,17.26000023,"Webster County, West Virginia",6.07,37.26
31027,Cedar County,NE,Nebraska,8380,22,7622,90.95000458,"Cedar County, Nebraska",14.25,32.67
31107,Knox County,NE,Nebraska,8391,31,6541,77.94999695,"Knox County, Nebraska",13.71,31.93
21023,Bracken County,KY,Kentucky,8400,28,3599,42.84999847,"Bracken County, Kentucky",6.18,38.86
29061,Daviess County,MO,Missouri,8430,40,5472,64.90000153,"Daviess County, Missouri",13.96,37.0
29125,Maries County,MO,Missouri,8432,25,3724,44.18000412,"Maries County, Missouri",9.95,33.15
18171,Warren County,IN,Indiana,8440,18,1949,23.10000229,"Warren County, Indiana",13.32,36.06
54085,Ritchie County,WV,West Virginia,8444,41,2876,34.05999756,"Ritchie County, West Virginia",7.79,42.84
56019,Johnson County,WY,Wyoming,8447,20,3244,38.43000031,"Johnson County, Wyoming",20.69,20.48
02220,Sitka City and Borough,AK,Alaska,8458,19,2340,27.66999817,"Sitka City and Borough, Alaska",21.96,21.81
48237,Jack County,TX,Texas,8472,33,3918,46.25,"Jack County, Texas",9.16,29.08
21223,Trimble County,KY,Kentucky,8474,16,3272,38.59999847,"Trimble County, Kentucky",9.66,38.42
05097,Montgomery County,AR,Arkansas,8484,32,3764,44.36000061,"Montgomery County, Arkansas",9.57,27.36
29033,Carroll County,MO,Missouri,8495,29,5777,68.00000763,"Carroll County, Missouri",11.75,39.61
40075,Kiowa County,OK,Oklahoma,8509,34,6741,79.22000122,"Kiowa County, Oklahoma",13.6,31.02
01105,Perry County,AL,Alabama,8511,47,4673,54.8900032,"Perry County, Alabama",11.55,32.88
27029,Clearwater County,MN,Minnesota,8524,30,4597,53.93000031,"Clearwater County, Minnesota",12.69,30.7
51115,Mathews County,VA,Virginia,8533,26,6903,80.91000366,"Mathews County, Virginia",21.82,23.37
29153,Ozark County,MO,Missouri,8553,24,2379,27.80999947,"Ozark County, Missouri",6.85,33.44
48009,Archer County,TX,Texas,8560,21,6301,73.59999847,"Archer County, Texas",14.41,31.56
28157,Wilkinson County,MS,Mississippi,8587,29,4557,53.06000519,"Wilkinson County, Mississippi",8.4,31.81
05077,Lee County,AR,Arkansas,8600,40,6520,75.82000732,"Lee County, Arkansas",6.99,33.01
56031,Platte County,WY,Wyoming,8605,27,3442,39.98999786,"Platte County, Wyoming",10.85,31.98
13209,Montgomery County,GA,Georgia,8610,24,3242,37.6400032,"Montgomery County, Georgia",9.06,32.29
48127,Dimmit County,TX,Texas,8615,16,7128,82.73000336,"Dimmit County, Texas",8.08,20.9
30057,Madison County,MT,Montana,8623,24,2149,24.91999817,"Madison County, Montana",24.89,24.24
20205,Wilson County,KS,Kansas,8624,31,3413,39.57000351,"Wilson County, Kansas",14.46,27.84
40151,Woods County,OK,Oklahoma,8624,34,6241,72.37000275,"Woods County, Oklahoma",19.87,23.03
19117,Lucas County,IA,Iowa,8634,22,2559,29.63999939,"Lucas County, Iowa",12.46,35.62
29149,Oregon County,MO,Missouri,8635,49,5145,59.58000183,"Oregon County, Missouri",8.1,38.54
29137,Monroe County,MO,Missouri,8666,34,5685,65.59000397,"Monroe County, Missouri",10.5,43.82
46125,Turner County,SD,South Dakota,8673,38,4332,49.95999908,"Turner County, South Dakota",19.84,29.08
13165,Jenkins County,GA,Georgia,8674,25,5444,62.75,"Jenkins County, Georgia",3.43,42.19
21143,Lyon County,KY,Kentucky,8680,28,5689,65.52999878,"Lyon County, Kentucky",8.39,31.04
21077,Gallatin County,KY,Kentucky,8690,14,2620,30.14999962,"Gallatin County, Kentucky",7.47,35.83
06049,Modoc County,CA,California,8700,22,2881,33.12000275,"Modoc County, California",12.24,27.52
18007,Benton County,IN,Indiana,8719,21,3705,42.50000381,"Benton County, Indiana",14.2,34.02
56035,Sublette County,WY,Wyoming,8728,20,2614,29.95000076,"Sublette County, Wyoming",21.73,27.28
16035,Clearwater County,ID,Idaho,8734,24,2834,32.43999863,"Clearwater County, Idaho",11.56,24.82
13141,Hancock County,GA,Georgia,8735,24,2728,31.21999931,"Hancock County, Georgia",6.87,26.57
40011,Blaine County,OK,Oklahoma,8735,48,6760,77.38000488,"Blaine County, Oklahoma",14.61,26.87
35037,Quay County,NM,New Mexico,8746,31,7865,89.94000244,"Quay County, New Mexico",9.58,29.06
19133,Monona County,IA,Iowa,8751,26,4178,47.73999786,"Monona County, Iowa",10.95,34.53
13315,Wilcox County,GA,Georgia,8766,33,4238,48.32999802,"Wilcox County, Georgia",5.74,30.72
19073,Greene County,IA,Iowa,8771,26,4533,51.68000031,"Greene County, Iowa",14.59,34.6
29025,Caldwell County,MO,Missouri,8815,30,4745,53.81999588,"Caldwell County, Missouri",10.58,37.67
26003,Alger County,MI,Michigan,8842,21,2505,28.32999992,"Alger County, Michigan",13.43,34.32
13319,Wilkinson County,GA,Georgia,8877,34,4757,53.59000015,"Wilkinson County, Georgia",6.86,42.47
21139,Livingston County,KY,Kentucky,8888,40,6268,70.52999878,"Livingston County, Kentucky",8.87,35.59
22025,Catahoula Parish,LA,Louisiana,8906,47,7028,78.90999603,"Catahoula Parish, Louisiana",10.51,33.18
51159,Richmond County,VA,Virginia,8923,28,4460,50.0,"Richmond County, Virginia",11.47,24.1
30021,Dawson County,MT,Montana,8940,22,6518,72.88999939,"Dawson County, Montana",17.37,23.35
30095,Stillwater County,MT,Montana,8963,20,2987,33.33000183,"Stillwater County, Montana",18.65,30.31
31137,Phelps County,NE,Nebraska,8968,24,3416,38.09000015,"Phelps County, Nebraska",18.07,23.87
28069,Kemper County,MS,Mississippi,8988,49,3473,38.62999725,"Kemper County, Mississippi",7.83,32.23
21055,Crittenden County,KY,Kentucky,8990,33,5793,64.44000244,"Crittenden County, Kentucky",7.65,37.52
48335,Mitchell County,TX,Texas,8990,27,6678,74.28999329,"Mitchell County, Texas",9.2,32.87
19147,Palo Alto County,IA,Iowa,8996,22,5122,56.93999863,"Palo Alto County, Iowa",17.9,25.64
13287,Turner County,GA,Georgia,9006,28,5701,63.29000092,"Turner County, Georgia",6.18,28.47
31039,Cuming County,NE,Nebraska,9013,24,7524,83.47999573,"Cuming County, Nebraska",16.9,34.64
20029,Cloud County,KS,Kansas,9032,26,3419,37.86000061,"Cloud County, Kansas",14.14,29.78
27089,Marshall County,MN,Minnesota,9040,39,5723,63.30999756,"Marshall County, Minnesota",13.84,34.02
32033,White Pine County,NV,Nevada,9080,18,4986,54.89999771,"White Pine County, Nevada",9.44,35.86
21091,Hancock County,KY,Kentucky,9095,26,7987,87.83000183,"Hancock County, Kentucky",7.82,37.07
48429,Stephens County,TX,Texas,9101,22,7499,82.38000488,"Stephens County, Texas",12.14,27.39
19051,Davis County,IA,Iowa,9110,31,3738,41.04000092,"Davis County, Iowa",14.15,27.23
28021,Claiborne County,MS,Mississippi,9135,31,1187,12.98999977,"Claiborne County, Mississippi",8.89,27.35
13253,Seminole County,GA,Georgia,9147,28,4897,53.5399971,"Seminole County, Georgia",10.85,29.99
21149,McLean County,KY,Kentucky,9152,31,7148,78.12000275,"McLean County, Kentucky",9.09,34.38
26119,Montmorency County,MI,Michigan,9153,18,2291,25.02999878,"Montmorency County, Michigan",9.47,36.02
20151,Pratt County,KS,Kansas,9157,26,4575,49.95999908,"Pratt County, Kansas",20.46,20.52
37103,Jones County,NC,North Carolina,9172,34,3338,36.38999939,"Jones County, North Carolina",10.83,29.39
55041,Forest County,WI,Wisconsin,9179,20,3754,40.88999939,"Forest County, Wisconsin",10.74,33.3
13273,Terrell County,GA,Georgia,9185,32,4424,48.18000031,"Terrell County, Georgia",5.68,26.37
13167,Johnson County,GA,Georgia,9189,38,3464,37.70000076,"Johnson County, Georgia",4.14,36.2
48425,Somervell County,TX,Texas,9205,20,5199,56.47999954,"Somervell County, Texas",21.12,27.73
21053,Clinton County,KY,Kentucky,9253,35,5580,60.31000137,"Clinton County, Kentucky",6.85,33.99
29185,St. Clair County,MO,Missouri,9284,31,4713,50.76000214,"St. Clair County, Missouri",9.51,34.28
17079,Jasper County,IL,Illinois,9287,24,4072,43.84000015,"Jasper County, Illinois",12.19,31.33
46121,Todd County,SD,South Dakota,9319,22,3062,32.84999847,"Todd County, South Dakota",8.33,28.3
40105,Nowata County,OK,Oklahoma,9320,30,4854,52.07000351,"Nowata County, Oklahoma",9.73,37.46
30001,Beaverhead County,MT,Montana,9371,26,4301,45.90000153,"Beaverhead County, Montana",20.33,25.31
46023,Charles Mix County,SD,South Dakota,9373,38,6415,68.43000031,"Charles Mix County, South Dakota",15.82,27.72
19063,Emmet County,IA,Iowa,9388,22,5475,58.31000137,"Emmet County, Iowa",13.93,30.11
08019,Clear Creek County,CO,Colorado,9397,10,586,6.240000248,"Clear Creek County, Colorado",28.34,16.77
30023,Deer Lodge County,MT,Montana,9421,13,3289,34.92000198,"Deer Lodge County, Montana",14.96,29.68
27117,Pipestone County,MN,Minnesota,9424,31,6690,71.0,"Pipestone County, Minnesota",15.1,33.71
20159,Rice County,KS,Kansas,9427,36,4603,48.83000183,"Rice County, Kansas",14.15,25.3
31081,Hamilton County,NE,Nebraska,9429,28,5864,62.17999649,"Hamilton County, Nebraska",16.66,26.9
40077,Latimer County,OK,Oklahoma,9444,42,7604,80.51999664,"Latimer County, Oklahoma",10.19,31.12
31033,Cheyenne County,NE,Nebraska,9468,33,4275,45.13999939,"Cheyenne County, Nebraska",19.25,26.42
19089,Howard County,IA,Iowa,9469,28,7013,74.05999756,"Howard County, Iowa",14.07,36.5
20013,Brown County,KS,Kansas,9508,34,4008,42.15999985,"Brown County, Kansas",14.44,33.88
45065,McCormick County,SC,South Carolina,9526,28,4917,51.61000061,"McCormick County, South Carolina",12.5,27.47
27173,Yellow Medicine County,MN,Minnesota,9528,30,7059,74.08999634,"Yellow Medicine County, Minnesota",12.51,33.25
16009,Benewah County,ID,Idaho,9530,22,3528,37.02000046,"Benewah County, Idaho",12.26,32.11
29093,Iron County,MO,Missouri,9537,34,3496,36.65999985,"Iron County, Missouri",8.28,34.75
48043,Brewster County,TX,Texas,9546,29,4883,51.14999771,"Brewster County, Texas",27.21,15.4
04011,Greenlee County,AZ,Arizona,9563,19,2778,29.03000069,"Greenlee County, Arizona",13.58,25.71
13053,Chattahoochee County,GA,Georgia,9565,9,1862,19.44999886,"Chattahoochee County, Georgia",18.05,23.52
13317,Wilkes County,GA,Georgia,9565,39,6299,65.86000061,"Wilkes County, Georgia",6.36,40.21
20107,Linn County,KS,Kansas,9591,25,3240,33.77000046,"Linn County, Kansas",11.86,33.58
19091,Humboldt County,IA,Iowa,9597,15,5383,56.08999634,"Humboldt County, Iowa",16.22,33.71
22021,Caldwell Parish,LA,Louisiana,9645,32,5050,52.36000443,"Caldwell Parish, Louisiana",11.26,40.71
13155,Irwin County,GA,Georgia,9666,29,4085,42.26000214,"Irwin County, Georgia",8.77,27.28
49019,Grand County,UT,Utah,9669,21,3960,40.97000122,"Grand County, Utah",17.28,22.35
48507,Zavala County,TX,Texas,9670,15,9330,96.48999786,"Zavala County, Texas",6.97,26.05
27149,Stevens County,MN,Minnesota,9671,29,7450,77.02999878,"Stevens County, Minnesota",20.5,28.74
51049,Cumberland County,VA,Virginia,9675,25,4367,45.13999939,"Cumberland County, Virginia",7.32,29.1
31179,Wayne County,NE,Nebraska,9697,17,6247,64.41999817,"Wayne County, Nebraska",21.71,26.45
27133,Rock County,MN,Minnesota,9704,21,6890,71.01000214,"Rock County, Minnesota",16.95,28.52
48315,Marion County,TX,Texas,9725,42,4121,42.36999893,"Marion County, Texas",13.2,31.91
18155,Switzerland County,IN,Indiana,9737,27,2496,25.6400013,"Switzerland County, Indiana",6.09,42.05
19039,Clarke County,IA,Iowa,9748,21,4168,42.75,"Clarke County, Iowa",11.64,36.02
22123,West Carroll Parish,LA,Louisiana,9751,49,8799,90.23999786,"West Carroll Parish, Louisiana",6.54,39.64
38055,McLean County,ND,North Dakota,9771,40,5621,57.52000046,"McLean County, North Dakota",16.99,28.82
28143,Tunica County,MS,Mississippi,9782,18,2253,23.02999878,"Tunica County, Mississippi",9.38,31.59
29079,Grundy County,MO,Missouri,9808,43,7131,72.70999908,"Grundy County, Missouri",12.38,32.42
38061,Mountrail County,ND,North Dakota,9809,28,5055,51.5399971,"Mountrail County, North Dakota",15.65,27.96
18101,Martin County,IN,Indiana,9812,22,4122,42.01999664,"Martin County, Indiana",8.71,38.56
19161,Sac County,IA,Iowa,9814,32,6857,69.87000275,"Sac County, Iowa",13.08,33.44
28097,Montgomery County,MS,Mississippi,9822,45,8053,81.98000336,"Montgomery County, Mississippi",9.43,25.97
49015,Emery County,UT,Utah,9825,22,6039,61.4600029,"Emery County, Utah",10.82,27.78
48131,Duval County,TX,Texas,9831,17,8441,85.8500061,"Duval County, Texas",5.35,26.23
05127,Scott County,AR,Arkansas,9836,54,5462,55.52000427,"Scott County, Arkansas",8.33,31.67
27151,Swift County,MN,Minnesota,9838,27,6700,68.11000061,"Swift County, Minnesota",17.43,29.86
13235,Pulaski County,GA,Georgia,9855,22,4991,50.63000107,"Pulaski County, Georgia",7.58,30.02
48369,Parmer County,TX,Texas,9869,27,5770,58.46999741,"Parmer County, Texas",11.16,26.47
13173,Lanier County,GA,Georgia,9877,16,3110,31.50000191,"Lanier County, Georgia",13.56,30.98
48403,Sabine County,TX,Texas,9894,37,6721,67.91999817,"Sabine County, Texas",10.28,27.79
48399,Runnels County,TX,Texas,9900,37,8460,85.46999359,"Runnels County, Texas",13.18,30.02
28155,Webster County,MS,Mississippi,9926,43,6749,68.0,"Webster County, Mississippi",11.57,28.63
19025,Calhoun County,IA,Iowa,9927,29,5751,57.92000198,"Calhoun County, Iowa",13.04,32.32
08125,Yuma County,CO,Colorado,9988,31,5157,51.61999512,"Yuma County, Colorado",13.47,24.46
27063,Jackson County,MN,Minnesota,9989,25,7091,70.97999573,"Jackson County, Minnesota",18.11,32.75
28015,Carroll County,MS,Mississippi,9998,46,5794,57.94999695,"Carroll County, Mississippi",11.01,28.16
48357,Ochiltree County,TX,Texas,10015,28,7712,77.02000427,"Ochiltree County, Texas",12.26,26.72
22065,Madison Parish,LA,Louisiana,10017,20,4753,47.45999908,"Madison Parish, Louisiana",10.04,25.19
05105,Perry County,AR,Arkansas,10019,28,4762,47.54000092,"Perry County, Arkansas",12.99,33.5
19069,Franklin County,IA,Iowa,10019,26,5596,55.86999893,"Franklin County, Iowa",15.29,32.92
29111,Lewis County,MO,Missouri,10032,36,4700,46.84999847,"Lewis County, Missouri",9.2,39.91
19107,Keokuk County,IA,Iowa,10033,30,4473,44.59000015,"Keokuk County, Iowa",13.5,37.62
20117,Marshall County,KS,Kansas,10038,42,8493,84.62000275,"Marshall County, Kansas",12.6,37.81
02180,Nome Census Area,AK,Alaska,10046,33,3433,34.16999817,"Nome Census Area, Alaska",8.42,36.92
31089,Holt County,NE,Nebraska,10127,36,8425,83.19999695,"Holt County, Nebraska",17.75,28.61
40085,Love County,OK,Oklahoma,10146,22,7317,72.12000275,"Love County, Oklahoma",10.71,36.29
29089,Howard County,MO,Missouri,10151,30,4885,48.12999725,"Howard County, Missouri",15.54,31.74
26001,Alcona County,MI,Michigan,10167,23,1818,17.88999939,"Alcona County, Michigan",11.86,33.02
05109,Pike County,AR,Arkansas,10171,53,5797,57.0,"Pike County, Arkansas",11.84,31.11
05017,Chicot County,AR,Arkansas,10208,38,5683,55.66999817,"Chicot County, Arkansas",10.17,30.77
48077,Clay County,TX,Texas,10218,26,5798,56.75000381,"Clay County, Texas",17.19,29.07
46019,Butte County,SD,South Dakota,10243,27,4745,46.34000015,"Butte County, South Dakota",15.95,37.79
40069,Johnston County,OK,Oklahoma,10272,35,4726,46.02000046,"Johnston County, Oklahoma",14.08,30.27
20131,Nemaha County,KS,Kansas,10273,29,7855,76.45999908,"Nemaha County, Kansas",18.29,33.23
46109,Roberts County,SD,South Dakota,10280,40,6024,58.61999893,"Roberts County, South Dakota",12.51,29.38
28103,Noxubee County,MS,Mississippi,10285,42,4686,45.58000183,"Noxubee County, Mississippi",8.72,32.13
21169,Metcalfe County,KY,Kentucky,10286,43,6751,65.64000702,"Metcalfe County, Kentucky",7.52,32.83
01085,Lowndes County,AL,Alabama,10311,54,5330,51.66999817,"Lowndes County, Alabama",8.08,38.67
19137,Montgomery County,IA,Iowa,10330,30,5352,51.79999924,"Montgomery County, Iowa",15.11,28.99
29173,Ralls County,MO,Missouri,10355,18,3420,33.02999878,"Ralls County, Missouri",9.57,41.26
37029,Camden County,NC,North Carolina,10355,23,4046,39.08000183,"Camden County, North Carolina",13.51,27.84
01011,Bullock County,AL,Alabama,10357,43,4894,47.23999405,"Bullock County, Alabama",6.09,36.82
48159,Franklin County,TX,Texas,10359,23,4815,46.47999573,"Franklin County, Texas",22.48,20.65
01037,Coosa County,AL,Alabama,10387,38,4901,47.18000031,"Coosa County, Alabama",7.96,35.38
17035,Cumberland County,IL,Illinois,10450,29,3098,29.63999939,"Cumberland County, Illinois",13.58,34.55
30009,Carbon County,MT,Montana,10473,26,2415,23.04000092,"Carbon County, Montana",20.24,27.37
37073,Gates County,NC,North Carolina,10478,31,5065,48.34000015,"Gates County, North Carolina",7.63,32.01
16087,Washington County,ID,Idaho,10500,25,5036,47.95000076,"Washington County, Idaho",11.47,26.05
21131,Leslie County,KY,Kentucky,10513,30,3245,30.86999893,"Leslie County, Kentucky",6.79,32.89
18025,Crawford County,IN,Indiana,10526,27,3365,31.97000122,"Crawford County, Indiana",6.4,37.98
05011,Bradley County,AR,Arkansas,10545,62,8153,77.29000854,"Bradley County, Arkansas",10.12,38.35
31041,Custer County,NE,Nebraska,10545,41,5829,55.26999664,"Custer County, Nebraska",18.21,28.26
38099,Walsh County,ND,North Dakota,10563,37,8666,82.03000641,"Walsh County, North Dakota",12.79,27.97
19131,Mitchell County,IA,Iowa,10565,27,6639,62.84000015,"Mitchell County, Iowa",16.42,33.81
29017,Bollinger County,MO,Missouri,10567,38,4536,42.93000031,"Bollinger County, Missouri",6.71,39.67
31037,Colfax County,NE,Nebraska,10582,17,6781,64.08999634,"Colfax County, Nebraska",10.59,24.72
51057,Essex County,VA,Virginia,10599,32,4980,46.97000122,"Essex County, Virginia",12.14,31.62
01131,Wilcox County,AL,Alabama,10600,62,5633,53.14000702,"Wilcox County, Alabama",7.89,37.38
19077,Guthrie County,IA,Iowa,10623,30,4175,39.30000305,"Guthrie County, Iowa",13.62,33.83
51119,Middlesex County,VA,Virginia,10625,19,4050,38.11000061,"Middlesex County, Virginia",17.58,25.57
19189,Winnebago County,IA,Iowa,10679,30,7563,70.81999207,"Winnebago County, Iowa",18.38,30.8
29181,Ripley County,MO,Missouri,10679,41,3772,35.31999588,"Ripley County, Missouri",7.29,33.12
31145,Red Willow County,NE,Nebraska,10702,25,5613,52.44999695,"Red Willow County, Nebraska",16.7,25.25
13109,Evans County,GA,Georgia,10774,30,5145,47.73999786,"Evans County, Georgia",8.79,32.62
30085,Roosevelt County,MT,Montana,10794,40,4427,41.02999878,"Roosevelt County, Montana",14.09,27.19
19081,Hancock County,IA,Iowa,10795,37,6907,63.99999619,"Hancock County, Iowa",17.9,33.47
21041,Carroll County,KY,Kentucky,10810,21,4521,41.84000015,"Carroll County, Kentucky",4.21,31.15
40127,Pushmataha County,OK,Oklahoma,10812,56,6625,61.27000046,"Pushmataha County, Oklahoma",7.99,34.99
51183,Sussex County,VA,Virginia,10829,29,3996,36.92000198,"Sussex County, Virginia",9.29,28.51
26097,Mackinac County,MI,Michigan,10834,30,4515,41.68000031,"Mackinac County, Michigan",14.06,28.4
19115,Louisa County,IA,Iowa,10837,26,3764,34.72999954,"Louisa County, Iowa",12.82,33.71
31013,Box Butte County,NE,Nebraska,10842,26,5468,50.43000031,"Box Butte County, Nebraska",14.38,28.03
38003,Barnes County,ND,North Dakota,10853,36,7259,66.88000488,"Barnes County, North Dakota",22.47,24.55
13099,Early County,GA,Georgia,10854,51,5561,51.21999741,"Early County, Georgia",9.53,31.84
53043,Lincoln County,WA,Washington,10876,32,4117,37.84000015,"Lincoln County, Washington",16.85,22.34
37005,Alleghany County,NC,North Carolina,10888,30,5968,54.82000351,"Alleghany County, North Carolina",12.55,24.67
27075,Lake County,MN,Minnesota,10905,25,5164,47.35000229,"Lake County, Minnesota",18.69,27.26
51103,Lancaster County,VA,Virginia,10919,33,7079,64.84999847,"Lancaster County, Virginia",17.29,28.27
22091,St. Helena Parish,LA,Louisiana,10920,36,5718,52.37000275,"St. Helena Parish, Louisiana",9.37,37.25
40103,Noble County,OK,Oklahoma,10924,29,7130,65.26999664,"Noble County, Oklahoma",14.56,33.83
40149,Washita County,OK,Oklahoma,10924,32,6136,56.15000153,"Washita County, Oklahoma",11.53,33.92
29223,Wayne County,MO,Missouri,10974,29,3617,32.95999908,"Wayne County, Missouri",7.07,35.37
13191,McIntosh County,GA,Georgia,10975,24,4394,40.02000046,"McIntosh County, Georgia",11.37,30.96
54023,Grant County,WV,West Virginia,10976,41,4023,36.65999985,"Grant County, West Virginia",8.73,40.68
13043,Candler County,GA,Georgia,10981,32,5128,46.68000031,"Candler County, Georgia",8.21,32.51
37187,Washington County,NC,North Carolina,11003,53,6443,58.55999756,"Washington County, North Carolina",10.73,28.12
29063,DeKalb County,MO,Missouri,11029,30,2815,25.51000023,"DeKalb County, Missouri",10.93,31.65
02185,North Slope Borough,AK,Alaska,11031,17,1604,14.52000046,"North Slope Borough, Alaska",11.31,37.85
46079,Lake County,SD,South Dakota,11059,28,6626,59.93000031,"Lake County, South Dakota",24.22,23.74
37043,Clay County,NC,North Carolina,11089,40,8274,74.61000061,"Clay County, North Carolina",17.56,24.67
21087,Green County,KY,Kentucky,11107,49,9921,89.32000732,"Green County, Kentucky",5.82,32.44
13005,Bacon County,GA,Georgia,11140,31,5141,46.15000534,"Bacon County, Georgia",4.39,37.29
13093,Dooly County,GA,Georgia,11208,43,5767,51.44999695,"Dooly County, Georgia",8.35,31.92
27165,Watonwan County,MN,Minnesota,11253,31,8288,73.65999603,"Watonwan County, Minnesota",12.97,34.58
21187,Owen County,KY,Kentucky,11278,36,5620,49.83000183,"Owen County, Kentucky",12.42,33.16
21159,Martin County,KY,Kentucky,11287,30,2883,25.54999924,"Martin County, Kentucky",7.57,26.23
27121,Pope County,MN,Minnesota,11308,33,6553,57.95999908,"Pope County, Minnesota",14.23,28.27
40107,Okfuskee County,OK,Oklahoma,11310,33,4697,41.54000092,"Okfuskee County, Oklahoma",7.68,31.96
28065,Jefferson Davis County,MS,Mississippi,11321,40,5799,51.22000122,"Jefferson Davis County, Mississippi",6.91,31.34
29139,Montgomery County,MO,Missouri,11322,42,4395,38.81999969,"Montgomery County, Missouri",11.26,37.4
48297,Live Oak County,TX,Texas,11335,25,6627,58.47000504,"Live Oak County, Texas",7.03,28.93
21171,Monroe County,KY,Kentucky,11338,50,6563,57.88000107,"Monroe County, Kentucky",5.8,35.92
17185,Wabash County,IL,Illinois,11361,36,5399,47.52000046,"Wabash County, Illinois",12.42,26.24
48031,Blanco County,TX,Texas,11374,23,5173,45.47000122,"Blanco County, Texas",19.33,22.89
51081,Greensville County,VA,Virginia,11391,20,2464,21.6400013,"Greensville County, Virginia",7.28,25.29
05041,Desha County,AR,Arkansas,11395,58,7598,66.6700058,"Desha County, Arkansas",10.41,39.77
13149,Heard County,GA,Georgia,11412,32,5281,46.27999878,"Heard County, Georgia",4.07,33.3
47039,Decatur County,TN,Tennessee,11435,50,6389,55.86999893,"Decatur County, Tennessee",11.03,37.12
30027,Fergus County,MT,Montana,11446,38,4236,37.02000046,"Fergus County, Montana",20.24,24.82
30083,Richland County,MT,Montana,11491,30,4327,37.65999985,"Richland County, Montana",13.95,32.04
28111,Perry County,MS,Mississippi,11511,48,6706,58.25,"Perry County, Mississippi",6.43,33.43
27033,Cottonwood County,MN,Minnesota,11517,35,7061,61.30999756,"Cottonwood County, Minnesota",14.99,30.75
56003,Big Horn County,WY,Wyoming,11521,39,7209,62.56999969,"Big Horn County, Wyoming",13.43,24.74
51037,Charlotte County,VA,Virginia,11529,48,5355,46.43000031,"Charlotte County, Virginia",8.78,31.07
08105,Rio Grande County,CO,Colorado,11539,29,5098,44.18999863,"Rio Grande County, Colorado",17.26,24.93
40061,Haskell County,OK,Oklahoma,11561,42,7435,64.30999756,"Haskell County, Oklahoma",11.3,32.68
35051,Sierra County,NM,New Mexico,11576,21,4323,37.34999847,"Sierra County, New Mexico",13.36,24.79
29067,Douglas County,MO,Missouri,11578,26,3584,30.95999908,"Douglas County, Missouri",9.04,36.36
48387,Red River County,TX,Texas,11587,54,6185,53.38000107,"Red River County, Texas",11.39,33.26
01035,Conecuh County,AL,Alabama,11597,56,5043,43.47999954,"Conecuh County, Alabama",8.24,42.95
38071,Ramsey County,ND,North Dakota,11605,23,5283,45.51000214,"Ramsey County, North Dakota",19.52,24.06
47169,Trousdale County,TN,Tennessee,11615,25,3610,31.0700016,"Trousdale County, Tennessee",7.77,32.77
47087,Jackson County,TN,Tennessee,11617,43,2833,24.37000084,"Jackson County, Tennessee",8.81,37.87
16081,Teton County,ID,Idaho,11630,15,3486,29.97000122,"Teton County, Idaho",29.58,14.64
26071,Iron County,MI,Michigan,11631,23,4137,35.57999802,"Iron County, Michigan",11.97,38.66
21153,Magoffin County,KY,Kentucky,11637,27,3624,31.14999962,"Magoffin County, Kentucky",5.17,27.51
29011,Barton County,MO,Missouri,11637,43,7325,62.94000244,"Barton County, Missouri",13.15,34.88
48475,Ward County,TX,Texas,11644,30,7833,67.27000427,"Ward County, Texas",9.11,31.56
19035,Cherokee County,IA,Iowa,11658,23,6962,59.71999741,"Cherokee County, Iowa",15.14,32.91
17123,Marshall County,IL,Illinois,11742,31,4016,34.19000244,"Marshall County, Illinois",13.78,32.68
16085,Valley County,ID,Idaho,11746,22,5419,46.13000107,"Valley County, Idaho",21.07,21.61
19165,Shelby County,IA,Iowa,11746,36,7269,61.87999725,"Shelby County, Iowa",15.6,31.73
49023,Juab County,UT,Utah,11786,22,8228,69.81000519,"Juab County, Utah",11.65,34.6
20115,Marion County,KS,Kansas,11823,36,6045,51.13999939,"Marion County, Kansas",18.74,25.9
48445,Terry County,TX,Texas,11831,32,7027,59.37999725,"Terry County, Texas",8.43,23.04
51133,Northumberland County,VA,Virginia,11839,35,4466,37.72000122,"Northumberland County, Virginia",17.85,26.74
30017,Custer County,MT,Montana,11867,21,4717,39.74000168,"Custer County, Montana",18.87,24.93
29115,Linn County,MO,Missouri,11874,50,8774,73.9200058,"Linn County, Missouri",11.97,42.09
16073,Owyhee County,ID,Idaho,11913,20,4198,35.24000168,"Owyhee County, Idaho",9.59,26.45
19119,Lyon County,IA,Iowa,11934,36,7832,65.62999725,"Lyon County, Iowa",14.66,33.77
51111,Lunenburg County,VA,Virginia,11936,37,3973,33.2899971,"Lunenburg County, Virginia",8.96,28.64
54089,Summers County,WV,West Virginia,11959,30,2986,24.98000145,"Summers County, West Virginia",9.41,36.03
48343,Morris County,TX,Texas,11973,46,17703,147.8499908,"Morris County, Texas",10.19,36.26
17061,Greene County,IL,Illinois,11985,37,6455,53.88000107,"Greene County, Illinois",11.04,39.25
08099,Prowers County,CO,Colorado,11999,36,5315,44.29000092,"Prowers County, Colorado",10.93,20.6
19037,Chickasaw County,IA,Iowa,12012,28,8860,73.76000214,"Chickasaw County, Iowa",12.48,40.69
28077,Lawrence County,MS,Mississippi,12016,40,7187,59.81999969,"Lawrence County, Mississippi",8.37,32.97
05081,Little River County,AR,Arkansas,12026,52,8059,67.01000214,"Little River County, Arkansas",9.99,38.18
21229,Washington County,KY,Kentucky,12027,35,8653,71.95000458,"Washington County, Kentucky",10.59,33.27
53059,Skamania County,WA,Washington,12036,14,2390,19.86000061,"Skamania County, Washington",15.76,25.78
16021,Boundary County,ID,Idaho,12056,25,4377,36.29000092,"Boundary County, Idaho",12.9,34.17
27071,Koochiching County,MN,Minnesota,12062,34,5956,49.36000061,"Koochiching County, Minnesota",10.55,30.97
05049,Fulton County,AR,Arkansas,12075,44,5129,42.47999954,"Fulton County, Arkansas",7.79,31.03
13193,Macon County,GA,Georgia,12082,42,6663,55.13999939,"Macon County, Georgia",6.19,24.64
30043,Jefferson County,MT,Montana,12085,23,3345,27.67000008,"Jefferson County, Montana",24.33,22.65
26085,Lake County,MI,Michigan,12096,26,3869,32.0,"Lake County, Michigan",9.59,30.92
18009,Blackford County,IN,Indiana,12112,26,3352,27.66000175,"Blackford County, Indiana",7.79,42.18
12043,Glades County,FL,Florida,12126,18,7184,59.25,"Glades County, Florida",8.02,28.54
21061,Edmonson County,KY,Kentucky,12126,19,15790,130.219986,"Edmonson County, Kentucky",5.77,30.45
13079,Crawford County,GA,Georgia,12130,20,2128,17.53999901,"Crawford County, Georgia",5.24,31.94
19175,Union County,IA,Iowa,12138,28,4249,35.0,"Union County, Iowa",15.44,28.75
48379,Rains County,TX,Texas,12164,28,5578,45.8599968,"Rains County, Texas",10.69,30.08
41049,Morrow County,OR,Oregon,12186,25,4200,34.47000122,"Morrow County, Oregon",6.56,29.65
38079,Rolette County,ND,North Dakota,12187,20,9458,77.61000061,"Rolette County, North Dakota",14.28,17.77
48351,Newton County,TX,Texas,12217,41,4268,34.93000031,"Newton County, Texas",7.12,39.41
21219,Todd County,KY,Kentucky,12243,56,9457,77.26998901,"Todd County, Kentucky",8.69,33.56
18125,Pike County,IN,Indiana,12250,34,2795,22.80999947,"Pike County, Indiana",10.36,37.82
37137,Pamlico County,NC,North Carolina,12276,54,5282,43.01000214,"Pamlico County, North Carolina",11.86,22.95
51131,Northampton County,VA,Virginia,12282,35,6214,50.58000183,"Northampton County, Virginia",15.32,29.11
49029,Morgan County,UT,Utah,12295,28,10756,87.48999786,"Morgan County, Utah",23.12,17.6
17129,Menard County,IL,Illinois,12297,25,5271,42.86999893,"Menard County, Illinois",14.36,31.27
19007,Appanoose County,IA,Iowa,12317,30,3968,32.20000076,"Appanoose County, Iowa",14.19,29.26
19075,Grundy County,IA,Iowa,12329,32,6054,49.11000061,"Grundy County, Iowa",20.8,29.7
01119,Sumter County,AL,Alabama,12345,41,5009,40.58000183,"Sumter County, Alabama",9.94,32.53
05137,Stone County,AR,Arkansas,12359,43,6355,51.42999649,"Stone County, Arkansas",9.36,25.22
21031,Butler County,KY,Kentucky,12371,54,9482,76.65999603,"Butler County, Kentucky",7.4,34.43
54063,Monroe County,WV,West Virginia,12376,45,3217,26.0,"Monroe County, West Virginia",9.82,41.08
35007,Colfax County,NM,New Mexico,12387,40,5858,47.29000092,"Colfax County, New Mexico",13.04,24.12
30089,Sanders County,MT,Montana,12400,39,3403,27.44999886,"Sanders County, Montana",15.28,34.41
54007,Braxton County,WV,West Virginia,12447,51,5479,44.02000046,"Braxton County, West Virginia",9.96,38.9
12037,Franklin County,FL,Florida,12451,32,5727,45.98000336,"Franklin County, Florida",11.86,25.13
48115,Dawson County,TX,Texas,12456,40,8280,66.49000549,"Dawson County, Texas",11.63,25.64
51735,Poquoson city,VA,Virginia,12460,9,4478,35.93000031,"Poquoson city, Virginia",22.69,21.07
48063,Camp County,TX,Texas,12464,49,8017,64.30999756,"Camp County, Texas",14.41,27.44
13271,Telfair County,GA,Georgia,12477,49,4728,37.90999985,"Telfair County, Georgia",3.84,39.97
28161,Yalobusha County,MS,Mississippi,12481,55,11861,95.02999878,"Yalobusha County, Mississippi",7.75,33.48
13281,Towns County,GA,Georgia,12493,28,6166,49.34000015,"Towns County, Georgia",17.97,21.51
56015,Goshen County,WY,Wyoming,12498,24,3191,25.55000114,"Goshen County, Wyoming",15.41,24.32
18131,Pulaski County,IN,Indiana,12514,33,4922,39.33999634,"Pulaski County, Indiana",8.73,39.7
13049,Charlton County,GA,Georgia,12518,26,4340,34.68000031,"Charlton County, Georgia",7.02,29.56
20001,Allen County,KS,Kansas,12526,37,5310,42.40000153,"Allen County, Kansas",12.66,31.18
29133,Mississippi County,MO,Missouri,12577,35,5864,46.63999557,"Mississippi County, Missouri",8.14,32.42
47101,Lewis County,TN,Tennessee,12582,41,3912,31.07999992,"Lewis County, Tennessee",6.75,34.03
13023,Bleckley County,GA,Georgia,12583,27,5205,41.36000061,"Bleckley County, Georgia",9.95,32.05
27023,Chippewa County,MN,Minnesota,12598,26,9775,77.59999847,"Chippewa County, Minnesota",15.01,28.59
29123,Madison County,MO,Missouri,12626,44,6646,52.63999939,"Madison County, Missouri",9.0,35.01
21033,Caldwell County,KY,Kentucky,12649,44,12323,97.41999817,"Caldwell County, Kentucky",9.51,33.1
01023,Choctaw County,AL,Alabama,12665,76,7787,61.46999741,"Choctaw County, Alabama",8.22,30.56
28135,Tallahatchie County,MS,Mississippi,12715,48,5121,40.27999878,"Tallahatchie County, Mississippi",7.16,25.28
28005,Amite County,MS,Mississippi,12720,48,6348,49.90000153,"Amite County, Mississippi",6.86,38.17
21011,Bath County,KY,Kentucky,12750,40,4858,38.09999847,"Bath County, Kentucky",9.33,31.55
47121,Meigs County,TN,Tennessee,12758,31,6138,48.11000061,"Meigs County, Tennessee",6.66,35.41
05061,Howard County,AR,Arkansas,12785,62,7785,60.88999939,"Howard County, Arkansas",10.27,35.86
39163,Vinton County,OH,Ohio,12800,30,1672,13.08000088,"Vinton County, Ohio",9.43,38.64
48487,Wilbarger County,TX,Texas,12887,37,11142,86.46000671,"Wilbarger County, Texas",11.87,24.98
05079,Lincoln County,AR,Arkansas,12941,39,5192,40.11000061,"Lincoln County, Arkansas",5.81,29.34
19197,Wright County,IA,Iowa,12943,41,6296,48.62999725,"Wright County, Iowa",12.59,34.92
21109,Jackson County,KY,Kentucky,12955,32,4436,34.27000046,"Jackson County, Kentucky",6.67,30.75
49027,Millard County,UT,Utah,12975,41,10259,79.06000519,"Millard County, Utah",17.35,28.54
22013,Bienville Parish,LA,Louisiana,12981,71,10234,78.81999969,"Bienville Parish, Louisiana",8.11,38.31
26141,Presque Isle County,MI,Michigan,12982,33,5142,39.59000397,"Presque Isle County, Michigan",12.07,32.85
26039,Crawford County,MI,Michigan,12988,16,1696,13.07000065,"Crawford County, Michigan",11.37,27.31
37143,Perquimans County,NC,North Carolina,13005,38,5653,43.49000168,"Perquimans County, North Carolina",11.48,24.55
21233,Webster County,KY,Kentucky,13017,52,7678,58.98999786,"Webster County, Kentucky",6.87,39.34
17017,Cass County,IL,Illinois,13042,38,7590,58.19999695,"Cass County, Illinois",11.66,34.13
48279,Lamb County,TX,Texas,13045,41,9831,75.36999512,"Lamb County, Texas",9.8,29.56
21135,Lewis County,KY,Kentucky,13080,38,3098,23.68999863,"Lewis County, Kentucky",5.26,33.58
17125,Mason County,IL,Illinois,13086,28,4121,31.5,"Mason County, Illinois",11.55,33.43
02150,Kodiak Island Borough,AK,Alaska,13101,28,4332,33.04000092,"Kodiak Island Borough, Alaska",17.94,22.97
30003,Big Horn County,MT,Montana,13124,42,4941,37.63999939,"Big Horn County, Montana",12.02,29.16
19029,Cass County,IA,Iowa,13127,40,6505,49.55999756,"Cass County, Iowa",16.17,28.72
21197,Powell County,KY,Kentucky,13129,33,4695,35.75,"Powell County, Kentucky",12.02,30.77
16079,Shoshone County,ID,Idaho,13169,24,2337,17.75,"Shoshone County, Idaho",6.78,29.39
01041,Crenshaw County,AL,Alabama,13194,62,8042,60.9600029,"Crenshaw County, Alabama",13.12,32.54
06051,Mono County,CA,California,13195,15,2158,16.35000038,"Mono County, California",21.51,20.34
20085,Jackson County,KS,Kansas,13232,24,3590,27.12999916,"Jackson County, Kansas",12.96,35.75
51007,Amelia County,VA,Virginia,13265,35,4565,34.40999603,"Amelia County, Virginia",11.28,35.69
28013,Calhoun County,MS,Mississippi,13266,72,11038,83.18999481,"Calhoun County, Mississippi",6.27,29.11
29151,Osage County,MO,Missouri,13274,33,8357,62.95999908,"Osage County, Missouri",15.25,40.16
17025,Clay County,IL,Illinois,13288,47,9448,71.11999512,"Clay County, Illinois",9.8,28.5
08081,Moffat County,CO,Colorado,13292,23,4190,31.52999878,"Moffat County, Colorado",14.72,31.37
17087,Johnson County,IL,Illinois,13308,30,3771,28.35000038,"Johnson County, Illinois",12.12,24.43
45009,Bamberg County,SC,South Carolina,13311,62,6369,47.84999847,"Bamberg County, South Carolina",10.02,27.19
55011,Buffalo County,WI,Wisconsin,13317,30,6770,50.84999847,"Buffalo County, Wisconsin",13.28,36.8
08007,Archuleta County,CO,Colorado,13359,24,4877,36.51000214,"Archuleta County, Colorado",25.61,18.34
40063,Hughes County,OK,Oklahoma,13367,56,6092,45.56000137,"Hughes County, Oklahoma",8.81,32.67
39111,Monroe County,OH,Ohio,13385,67,6281,46.90999603,"Monroe County, Ohio",7.16,46.99
16043,Fremont County,ID,Idaho,13388,34,10341,77.24000549,"Fremont County, Idaho",14.18,25.09
53051,Pend Oreille County,WA,Washington,13401,24,4556,33.98999786,"Pend Oreille County, Washington",13.44,27.41
48313,Madison County,TX,Texas,13455,31,6688,49.68999863,"Madison County, Texas",9.54,24.12
51690,Martinsville city,VA,Virginia,13485,49,16680,123.7100067,"Martinsville city, Virginia",14.5,24.7
47061,Grundy County,TN,Tennessee,13529,43,4013,29.67000008,"Grundy County, Tennessee",6.62,33.32
28041,Greene County,MS,Mississippi,13530,61,4371,32.29999924,"Greene County, Mississippi",7.73,24.72
17053,Ford County,IL,Illinois,13534,34,6292,46.5,"Ford County, Illinois",13.92,29.76
05065,Izard County,AR,Arkansas,13577,60,6720,49.50000381,"Izard County, Arkansas",10.01,27.43
48093,Comanche County,TX,Texas,13594,49,8097,59.55999756,"Comanche County, Texas",14.35,26.13
48455,Trinity County,TX,Texas,13602,48,6547,48.13999939,"Trinity County, Texas",9.74,29.8
12013,Calhoun County,FL,Florida,13648,30,3470,25.41999817,"Calhoun County, Florida",6.74,31.49
47161,Stewart County,TN,Tennessee,13657,59,7322,53.63000107,"Stewart County, Tennessee",12.03,35.12
21225,Union County,KY,Kentucky,13668,54,10092,73.83000183,"Union County, Kentucky",5.91,39.62
46102,Oglala Lakota County,SD,South Dakota,13672,24,3299,24.13999939,"Oglala Lakota County, South Dakota",6.79,17.58
37041,Chowan County,NC,North Carolina,13708,38,14614,106.6199951,"Chowan County, North Carolina",13.53,27.78
48059,Callahan County,TX,Texas,13708,37,7069,51.57000351,"Callahan County, Texas",16.93,27.21
21025,Breathitt County,KY,Kentucky,13718,29,2429,17.71000099,"Breathitt County, Kentucky",6.66,30.18
21175,Morgan County,KY,Kentucky,13726,28,3326,24.22000122,"Morgan County, Kentucky",7.31,31.17
56009,Converse County,WY,Wyoming,13751,26,3567,25.93000031,"Converse County, Wyoming",11.07,29.8
22127,Winn Parish,LA,Louisiana,13755,59,10696,77.76000214,"Winn Parish, Louisiana",12.59,32.62
17189,Washington County,IL,Illinois,13761,39,7969,57.92000198,"Washington County, Illinois",13.89,26.54
30035,Glacier County,MT,Montana,13778,26,11119,80.70999908,"Glacier County, Montana",14.55,27.91
39115,Morgan County,OH,Ohio,13802,42,3523,25.51999855,"Morgan County, Ohio",6.91,41.14
18111,Newton County,IN,Indiana,13830,22,3675,26.59000015,"Newton County, Indiana",9.56,39.61
51113,Madison County,VA,Virginia,13837,36,5897,42.59000015,"Madison County, Virginia",15.54,33.05
17193,White County,IL,Illinois,13877,49,9255,66.68999481,"White County, Illinois",11.87,29.53
28147,Walthall County,MS,Mississippi,13884,30,6671,48.04000092,"Walthall County, Mississippi",8.71,35.99
48505,Zapata County,TX,Texas,13889,22,9033,65.04000092,"Zapata County, Texas",11.13,26.76
40099,Murray County,OK,Oklahoma,13904,35,7194,51.75000381,"Murray County, Oklahoma",13.68,31.87
47033,Crockett County,TN,Tennessee,13911,63,9439,67.86000061,"Crockett County, Tennessee",9.81,33.52
27043,Faribault County,MN,Minnesota,13921,39,10339,74.27000427,"Faribault County, Minnesota",15.21,32.4
02130,Ketchikan Gateway Borough,AK,Alaska,13948,25,4385,31.42000008,"Ketchikan Gateway Borough, Alaska",16.93,24.65
01075,Lamar County,AL,Alabama,13972,85,9724,69.61000061,"Lamar County, Alabama",7.04,32.91
27113,Pennington County,MN,Minnesota,13992,32,8547,61.11000061,"Pennington County, Minnesota",14.63,27.45
12047,Hamilton County,FL,Florida,14004,37,4521,32.27999878,"Hamilton County, Florida",5.96,34.59
54087,Roane County,WV,West Virginia,14028,46,3092,22.04000092,"Roane County, West Virginia",7.28,37.46
55099,Price County,WI,Wisconsin,14054,37,7656,54.47999954,"Price County, Wisconsin",12.38,35.84
19005,Allamakee County,IA,Iowa,14061,37,8913,63.38999557,"Allamakee County, Iowa",13.28,34.19
21221,Trigg County,KY,Kentucky,14061,53,11609,82.58000183,"Trigg County, Kentucky",11.89,24.86
27159,Wadena County,MN,Minnesota,14065,46,7780,55.29999924,"Wadena County, Minnesota",13.25,31.14
13251,Screven County,GA,Georgia,14067,60,7277,51.72999954,"Screven County, Georgia",7.77,33.5
40035,Craig County,OK,Oklahoma,14107,47,8427,59.75000381,"Craig County, Oklahoma",9.49,33.51
39121,Noble County,OH,Ohio,14115,34,3662,25.94000053,"Noble County, Ohio",7.53,42.25
37173,Swain County,NC,North Carolina,14117,38,6541,46.34000397,"Swain County, North Carolina",12.53,23.03
45017,Calhoun County,SC,South Carolina,14119,41,5435,38.5,"Calhoun County, South Carolina",13.62,33.07
51051,Dickenson County,VA,Virginia,14124,26,2492,17.65999985,"Dickenson County, Virginia",8.49,28.47
31185,York County,NE,Nebraska,14125,32,8891,62.93000031,"York County, Nebraska",17.56,23.01
40005,Atoka County,OK,Oklahoma,14143,49,10297,72.80999756,"Atoka County, Oklahoma",11.53,32.57
21065,Estill County,KY,Kentucky,14163,38,5365,37.88999557,"Estill County, Kentucky",7.61,32.48
17127,Massac County,IL,Illinois,14169,51,9103,64.26000214,"Massac County, Illinois",9.96,30.64
22027,Claiborne Parish,LA,Louisiana,14170,68,8470,59.78000259,"Claiborne Parish, Louisiana",8.0,35.66
19141,O'Brien County,IA,Iowa,14182,40,9235,65.11999512,"O'Brien County, Iowa",16.84,32.18
29039,Cedar County,MO,Missouri,14188,36,5551,39.1400032,"Cedar County, Missouri",8.35,32.9
55107,Rusk County,WI,Wisconsin,14188,38,4739,33.3900032,"Rusk County, Wisconsin",11.82,35.3
12045,Gulf County,FL,Florida,14192,44,10726,75.58000183,"Gulf County, Florida",14.53,25.71
16041,Franklin County,ID,Idaho,14194,42,16854,118.7299957,"Franklin County, Idaho",10.6,39.79
40023,Choctaw County,OK,Oklahoma,14204,50,7314,51.49000168,"Choctaw County, Oklahoma",8.77,34.29
28129,Smith County,MS,Mississippi,14209,52,6388,44.93999863,"Smith County, Mississippi",6.1,32.24
01027,Clay County,AL,Alabama,14236,71,9775,68.6700058,"Clay County, Alabama",7.57,34.28
21119,Knott County,KY,Kentucky,14251,26,3768,26.42000008,"Knott County, Kentucky",7.35,23.37
25019,Nantucket County,MA,Massachusetts,14255,9,4645,32.59000015,"Nantucket County, Massachusetts",29.83,16.36
31151,Saline County,NE,Nebraska,14292,27,6743,47.18999863,"Saline County, Nebraska",14.04,26.76
54031,Hardy County,WV,West Virginia,14299,53,6291,44.0,"Hardy County, West Virginia",7.64,39.6
19023,Butler County,IA,Iowa,14334,43,6538,45.61000061,"Butler County, Iowa",14.01,33.71
20011,Bourbon County,KS,Kansas,14360,47,7592,52.86000443,"Bourbon County, Kansas",14.52,26.42
26053,Gogebic County,MI,Michigan,14380,30,4642,32.2899971,"Gogebic County, Michigan",13.18,29.46
29065,Dent County,MO,Missouri,14421,37,6260,43.39999771,"Dent County, Missouri",8.82,33.28
54103,Wetzel County,WV,West Virginia,14442,63,6647,46.02999878,"Wetzel County, West Virginia",8.47,40.49
39067,Harrison County,OH,Ohio,14483,49,3921,27.0700016,"Harrison County, Ohio",7.72,45.93
19129,Mills County,IA,Iowa,14484,21,4561,31.48999977,"Mills County, Iowa",19.13,28.88
47015,Cannon County,TN,Tennessee,14506,49,5680,39.14999771,"Cannon County, Tennessee",10.47,40.78
12065,Jefferson County,FL,Florida,14510,48,10177,70.13000488,"Jefferson County, Florida",14.87,24.64
49037,San Juan County,UT,Utah,14518,34,6941,47.81999969,"San Juan County, Utah",12.58,27.18
17139,Moultrie County,IL,Illinois,14526,40,10055,69.22999573,"Moultrie County, Illinois",13.72,29.41
56007,Carbon County,WY,Wyoming,14537,42,6806,46.84000397,"Carbon County, Wyoming",15.76,31.21
05021,Clay County,AR,Arkansas,14552,57,7559,51.95000076,"Clay County, Arkansas",7.18,31.17
08071,Las Animas County,CO,Colorado,14555,20,3845,26.40000153,"Las Animas County, Colorado",12.69,22.73
42057,Fulton County,PA,Pennsylvania,14556,44,4244,29.17000198,"Fulton County, Pennsylvania",8.92,45.39
29117,Livingston County,MO,Missouri,14557,38,8291,56.95000076,"Livingston County, Missouri",12.64,34.45
19085,Harrison County,IA,Iowa,14582,33,5870,40.27000046,"Harrison County, Iowa",13.08,34.91
13159,Jasper County,GA,Georgia,14588,35,6164,42.23999786,"Jasper County, Georgia",9.47,35.14
21191,Pendleton County,KY,Kentucky,14644,44,7055,48.15999985,"Pendleton County, Kentucky",7.79,34.81
51610,Falls Church city,VA,Virginia,14658,10,14283,97.43000031,"Falls Church city, Virginia",31.5,5.8
38053,McKenzie County,ND,North Dakota,14704,29,3791,25.79999924,"McKenzie County, North Dakota",21.0,23.97
48255,Karnes County,TX,Texas,14710,39,9315,63.31000137,"Karnes County, Texas",11.29,27.04
27129,Renville County,MN,Minnesota,14723,45,10970,74.5,"Renville County, Minnesota",11.66,32.79
48353,Nolan County,TX,Texas,14738,43,8580,58.18999863,"Nolan County, Texas",10.73,25.93
17149,Pike County,IL,Illinois,14739,44,6362,43.15999985,"Pike County, Illinois",10.53,36.48
48389,Reeves County,TX,Texas,14748,28,3787,25.6799984,"Reeves County, Texas",7.52,29.36
51125,Nelson County,VA,Virginia,14775,39,8114,54.91999817,"Nelson County, Virginia",17.77,29.45
13161,Jeff Davis County,GA,Georgia,14779,43,10385,70.25999451,"Jeff Davis County, Georgia",6.54,30.23
51043,Clarke County,VA,Virginia,14783,28,5650,38.21999741,"Clarke County, Virginia",19.89,24.73
01065,Hale County,AL,Alabama,14785,61,7974,53.94000244,"Hale County, Alabama",10.61,31.7
22059,LaSalle Parish,LA,Louisiana,14791,51,8930,60.36999893,"LaSalle Parish, Louisiana",12.38,35.6
29073,Gasconade County,MO,Missouri,14794,43,7643,51.65999985,"Gasconade County, Missouri",13.76,32.86
13221,Oglethorpe County,GA,Georgia,14825,34,4360,29.38999939,"Oglethorpe County, Georgia",10.79,32.43
19109,Kossuth County,IA,Iowa,14828,41,11654,78.58000183,"Kossuth County, Iowa",13.94,33.19
27143,Sibley County,MN,Minnesota,14836,41,9840,66.31999969,"Sibley County, Minnesota",12.59,36.3
21123,Larue County,KY,Kentucky,14867,39,7101,47.75999832,"Larue County, Kentucky",6.53,30.05
37121,Mitchell County,NC,North Carolina,14903,58,11244,75.45000458,"Mitchell County, North Carolina",14.64,24.37
47007,Bledsoe County,TN,Tennessee,14913,35,3050,20.43000031,"Bledsoe County, Tennessee",6.51,33.59
46027,Clay County,SD,South Dakota,14967,25,5112,34.15000153,"Clay County, South Dakota",26.54,17.54
48239,Jackson County,TX,Texas,14988,36,9189,61.31999969,"Jackson County, Texas",11.43,27.57
26011,Arenac County,MI,Michigan,15002,25,4216,28.10000038,"Arenac County, Michigan",8.53,35.35
22049,Jackson Parish,LA,Louisiana,15031,61,13151,87.48999786,"Jackson Parish, Louisiana",9.41,35.05
19079,Hamilton County,IA,Iowa,15039,35,7476,49.69999695,"Hamilton County, Iowa",18.25,29.51
35057,Torrance County,NM,New Mexico,15045,39,9322,61.95999908,"Torrance County, New Mexico",9.95,30.33
26113,Missaukee County,MI,Michigan,15052,27,4952,32.90999985,"Missaukee County, Michigan",11.03,36.1
01029,Cleburne County,AL,Alabama,15056,66,11829,78.58000183,"Cleburne County, Alabama",10.64,31.87
21069,Fleming County,KY,Kentucky,15082,58,4746,31.46999931,"Fleming County, Kentucky",9.33,30.58
40073,Kingfisher County,OK,Oklahoma,15184,31,8430,55.50999832,"Kingfisher County, Oklahoma",16.01,37.25
48371,Pecos County,TX,Texas,15193,37,7818,51.45999908,"Pecos County, Texas",7.42,27.11
29121,Macon County,MO,Missouri,15209,54,9751,64.09999847,"Macon County, Missouri",11.79,40.92
19145,Page County,IA,Iowa,15211,49,7105,46.69999695,"Page County, Iowa",14.8,30.96
51005,Alleghany County,VA,Virginia,15223,51,6855,45.04999924,"Alleghany County, Virginia",8.45,36.93
17101,Lawrence County,IL,Illinois,15280,45,4024,26.35000038,"Lawrence County, Illinois",9.25,28.01
22125,West Feliciana Parish,LA,Louisiana,15310,15,4621,30.19000053,"West Feliciana Parish, Louisiana",17.27,23.34
40095,Marshall County,OK,Oklahoma,15312,38,8931,58.34000015,"Marshall County, Oklahoma",11.13,30.44
27135,Roseau County,MN,Minnesota,15331,44,6979,45.52000046,"Roseau County, Minnesota",14.93,31.71
51077,Grayson County,VA,Virginia,15333,53,5835,38.05999756,"Grayson County, Virginia",11.66,29.24
18159,Tipton County,IN,Indiana,15359,27,5287,34.43999863,"Tipton County, Indiana",17.68,35.22
01129,Washington County,AL,Alabama,15388,75,10084,65.52999878,"Washington County, Alabama",6.28,38.25
27127,Redwood County,MN,Minnesota,15425,48,12393,80.34999847,"Redwood County, Minnesota",14.52,35.08
51830,Williamsburg city,VA,Virginia,15425,19,7601,49.27000427,"Williamsburg city, Virginia",25.7,15.42
18165,Vermillion County,IN,Indiana,15439,28,3668,23.76000023,"Vermillion County, Indiana",10.84,36.85
17023,Clark County,IL,Illinois,15455,48,10657,68.95999908,"Clark County, Illinois",13.89,35.02
54001,Barbour County,WV,West Virginia,15465,57,6870,44.40999985,"Barbour County, West Virginia",8.44,43.73
29135,Moniteau County,MO,Missouri,15473,43,7477,48.30999756,"Moniteau County, Missouri",14.02,34.74
18013,Brown County,IN,Indiana,15475,26,4556,29.45000076,"Brown County, Indiana",17.91,28.56
51063,Floyd County,VA,Virginia,15476,50,5273,34.06000137,"Floyd County, Virginia",13.77,32.48
17039,De Witt County,IL,Illinois,15516,30,5520,35.57000351,"De Witt County, Illinois",14.69,31.71
40117,Pawnee County,OK,Oklahoma,15553,47,9757,62.73999786,"Pawnee County, Oklahoma",12.51,37.02
55077,Marquette County,WI,Wisconsin,15592,36,5301,34.00999832,"Marquette County, Wisconsin",10.11,35.68
16047,Gooding County,ID,Idaho,15598,29,4087,26.20000076,"Gooding County, Idaho",11.87,32.81
28023,Clarke County,MS,Mississippi,15615,74,10365,66.37999725,"Clarke County, Mississippi",8.71,32.72
19067,Floyd County,IA,Iowa,15627,32,7579,48.47999954,"Floyd County, Iowa",14.46,33.07
51135,Nottoway County,VA,Virginia,15642,45,6016,38.46999741,"Nottoway County, Virginia",10.13,28.3
29155,Pemiscot County,MO,Missouri,15661,53,9818,62.69999695,"Pemiscot County, Missouri",7.23,36.8
19101,Jefferson County,IA,Iowa,15663,35,4691,29.95000076,"Jefferson County, Iowa",21.07,22.38
21103,Henry County,KY,Kentucky,15678,41,5909,37.68999863,"Henry County, Kentucky",7.85,34.46
27001,Aitkin County,MN,Minnesota,15697,42,7549,48.09999847,"Aitkin County, Minnesota",12.7,30.77
17131,Mercer County,IL,Illinois,15699,33,5742,36.56999969,"Mercer County, Illinois",11.59,33.77
17015,Carroll County,IL,Illinois,15702,39,7849,49.98999786,"Carroll County, Illinois",12.95,32.06
13163,Jefferson County,GA,Georgia,15709,68,8795,55.98999786,"Jefferson County, Georgia",8.49,34.6
08049,Grand County,CO,Colorado,15717,24,4194,26.69000053,"Grand County, Colorado",25.72,23.1
48289,Leon County,TX,Texas,15719,86,8822,56.13000107,"Leon County, Texas",11.27,33.47
20139,Osage County,KS,Kansas,15766,31,5286,33.54999924,"Osage County, Kansas",12.08,33.68
05141,Van Buren County,AR,Arkansas,15796,66,8369,52.98999786,"Van Buren County, Arkansas",9.31,32.43
17159,Richland County,IL,Illinois,15813,38,7188,45.45999908,"Richland County, Illinois",14.0,23.35
47153,Sequatchie County,TN,Tennessee,15826,31,5738,36.26999664,"Sequatchie County, Tennessee",9.76,33.24
05133,Sevier County,AR,Arkansas,15839,57,11208,70.77000427,"Sevier County, Arkansas",8.54,28.43
51025,Brunswick County,VA,Virginia,15849,65,8533,53.84000015,"Brunswick County, Virginia",8.24,26.27
47005,Benton County,TN,Tennessee,15864,60,7825,49.33999634,"Benton County, Tennessee",9.16,36.49
20133,Neosho County,KS,Kansas,15904,44,7479,47.0,"Neosho County, Kansas",12.18,26.77
31131,Otoe County,NE,Nebraska,15912,44,7881,49.53999329,"Otoe County, Nebraska",17.18,29.79
21045,Casey County,KY,Kentucky,15941,72,8161,51.20999908,"Casey County, Kentucky",6.62,30.31
55003,Ashland County,WI,Wisconsin,16027,37,7609,47.45999908,"Ashland County, Wisconsin",13.07,33.63
27065,Kanabec County,MN,Minnesota,16032,21,4240,26.43999863,"Kanabec County, Minnesota",9.39,32.83
21203,Rockcastle County,KY,Kentucky,16037,46,9252,57.68000031,"Rockcastle County, Kentucky",7.22,34.15
29013,Bates County,MO,Missouri,16042,50,7046,43.89999771,"Bates County, Missouri",10.13,42.37
51750,Radford city,VA,Virginia,16070,24,8096,50.38999557,"Radford city, Virginia",18.48,17.62
06105,Trinity County,CA,California,16112,23,2572,15.97999954,"Trinity County, California",12.59,33.2
55023,Crawford County,WI,Wisconsin,16113,34,8889,55.15999985,"Crawford County, Wisconsin",13.29,34.96
51011,Appomattox County,VA,Virginia,16119,43,10115,62.73999405,"Appomattox County, Virginia",15.94,29.96
12125,Union County,FL,Florida,16147,25,3954,24.5,"Union County, Florida",6.93,26.57
18121,Parke County,IN,Indiana,16156,46,5211,32.23999786,"Parke County, Indiana",7.43,32.9
13183,Long County,GA,Georgia,16168,25,4475,27.69000053,"Long County, Georgia",8.4,34.77
17191,Wayne County,IL,Illinois,16179,65,8826,54.54999924,"Wayne County, Illinois",10.15,29.12
05075,Lawrence County,AR,Arkansas,16216,68,9101,56.12999725,"Lawrence County, Arkansas",9.73,29.84
55007,Bayfield County,WI,Wisconsin,16220,37,5886,36.30000305,"Bayfield County, Wisconsin",20.61,25.59
47181,Wayne County,TN,Tennessee,16232,66,6182,38.07999802,"Wayne County, Tennessee",6.39,34.33
13083,Dade County,GA,Georgia,16251,33,6531,40.16999817,"Dade County, Georgia",11.3,28.42
21127,Lawrence County,KY,Kentucky,16293,41,5845,35.88000107,"Lawrence County, Kentucky",5.15,37.6
13027,Brooks County,GA,Georgia,16301,49,6761,41.47999954,"Brooks County, Georgia",11.94,28.94
30041,Hill County,MT,Montana,16309,37,5032,30.86000061,"Hill County, Montana",20.39,24.56
01057,Fayette County,AL,Alabama,16321,90,9847,60.34999847,"Fayette County, Alabama",9.12,31.77
20005,Atchison County,KS,Kansas,16348,30,9111,55.72000122,"Atchison County, Kansas",12.18,37.13
28061,Jasper County,MS,Mississippi,16367,71,7635,46.63999939,"Jasper County, Mississippi",10.84,38.12
08003,Alamosa County,CO,Colorado,16376,31,6306,38.51999664,"Alamosa County, Colorado",14.21,22.48
19041,Clay County,IA,Iowa,16384,36,10573,64.51000214,"Clay County, Iowa",16.89,28.78
42105,Potter County,PA,Pennsylvania,16396,40,6051,36.89999771,"Potter County, Pennsylvania",9.82,40.98
29143,New Madrid County,MO,Missouri,16434,53,9348,56.86000061,"New Madrid County, Missouri",7.19,38.18
18045,Fountain County,IN,Indiana,16479,34,4979,30.21999931,"Fountain County, Indiana",9.23,38.31
05087,Madison County,AR,Arkansas,16521,39,5332,32.29999924,"Madison County, Arkansas",7.3,39.73
19047,Crawford County,IA,Iowa,16525,38,8102,49.02000046,"Crawford County, Iowa",10.94,34.78
55013,Burnett County,WI,Wisconsin,16526,31,3788,22.92000198,"Burnett County, Wisconsin",14.82,32.55
38077,Richland County,ND,North Dakota,16529,43,11919,72.09999847,"Richland County, North Dakota",17.55,22.19
45061,Lee County,SC,South Carolina,16531,52,9117,55.13000107,"Lee County, South Carolina",9.23,32.44
16049,Idaho County,ID,Idaho,16541,44,10074,60.89999771,"Idaho County, Idaho",15.99,30.29
19121,Madison County,IA,Iowa,16548,33,5836,35.27999878,"Madison County, Iowa",17.49,30.98
04012,La Paz County,AZ,Arizona,16557,37,5068,30.60000038,"La Paz County, Arizona",8.3,26.2
05107,Phillips County,AR,Arkansas,16568,64,9178,55.38000107,"Phillips County, Arkansas",10.58,26.15
35053,Socorro County,NM,New Mexico,16595,31,6535,39.36999893,"Socorro County, New Mexico",10.22,34.03
55065,Lafayette County,WI,Wisconsin,16611,47,7646,46.02999878,"Lafayette County, Wisconsin",13.52,38.27
55129,Washburn County,WI,Wisconsin,16623,36,4950,29.76999855,"Washburn County, Wisconsin",16.29,29.37
19095,Iowa County,IA,Iowa,16662,34,8397,50.38999939,"Iowa County, Iowa",15.96,33.68
41001,Baker County,OR,Oregon,16668,33,5456,32.72000122,"Baker County, Oregon",17.63,24.94
17147,Piatt County,IL,Illinois,16673,36,6094,36.56999969,"Piatt County, Illinois",19.89,28.47
54091,Taylor County,WV,West Virginia,16705,40,8885,53.18000412,"Taylor County, West Virginia",12.27,35.02
17005,Bond County,IL,Illinois,16725,44,7279,43.51999664,"Bond County, Illinois",13.24,26.32
18139,Rush County,IN,Indiana,16752,35,5093,30.39999962,"Rush County, Indiana",10.59,38.75
05067,Jackson County,AR,Arkansas,16755,64,8877,53.0,"Jackson County, Arkansas",7.28,32.28
48395,Robertson County,TX,Texas,16757,47,11178,66.72000122,"Robertson County, Texas",12.81,32.86
12029,Dixie County,FL,Florida,16759,26,3465,20.66000175,"Dixie County, Florida",5.79,33.22
51071,Giles County,VA,Virginia,16787,57,8593,51.20000076,"Giles County, Virginia",11.57,33.07
23021,Piscataquis County,ME,Maine,16800,27,2958,17.57999992,"Piscataquis County, Maine",13.32,33.7
46127,Union County,SD,South Dakota,16811,28,5629,33.49000168,"Union County, South Dakota",18.85,24.6
51029,Buckingham County,VA,Virginia,16824,40,3535,21.0,"Buckingham County, Virginia",7.0,32.66
05089,Marion County,AR,Arkansas,16826,40,5643,33.53000259,"Marion County, Arkansas",10.76,28.15
05037,Cross County,AR,Arkansas,16833,62,9769,58.02999878,"Cross County, Arkansas",8.19,33.58
17187,Warren County,IL,Illinois,16835,31,5733,34.06999969,"Warren County, Illinois",15.84,28.97
17045,Edgar County,IL,Illinois,16866,48,7602,45.08999634,"Edgar County, Illinois",12.69,31.69
19083,Hardin County,IA,Iowa,16878,48,8354,49.50999832,"Hardin County, Iowa",15.06,31.42
13241,Rabun County,GA,Georgia,16883,48,11211,66.41000366,"Rabun County, Georgia",13.93,22.98
21147,McCreary County,KY,Kentucky,16888,30,4601,27.22999954,"McCreary County, Kentucky",5.24,27.6
08051,Gunnison County,CO,Colorado,16918,20,5514,32.60000229,"Gunnison County, Colorado",41.14,14.28
48415,Scurry County,TX,Texas,16932,42,9741,57.53000259,"Scurry County, Texas",11.51,22.27
21079,Garrard County,KY,Kentucky,16953,35,8534,50.33000183,"Garrard County, Kentucky",9.91,28.23
48145,Falls County,TX,Texas,16968,54,9202,54.23999786,"Falls County, Texas",8.98,29.77
28051,Holmes County,MS,Mississippi,17000,75,8299,48.79999924,"Holmes County, Mississippi",8.15,33.39
54041,Lewis County,WV,West Virginia,17033,47,5348,31.38999939,"Lewis County, West Virginia",9.91,39.95
19043,Clayton County,IA,Iowa,17043,47,10277,60.29999924,"Clayton County, Iowa",12.78,40.67
54065,Morgan County,WV,West Virginia,17063,33,4444,26.05000114,"Morgan County, West Virginia",9.62,35.98
29059,Dallas County,MO,Missouri,17071,34,7278,42.61999893,"Dallas County, Missouri",5.99,41.29
05047,Franklin County,AR,Arkansas,17097,51,8104,47.40999985,"Franklin County, Arkansas",8.69,33.22
29053,Cooper County,MO,Missouri,17103,53,9115,53.31000519,"Cooper County, Missouri",15.06,29.45
28017,Chickasaw County,MS,Mississippi,17106,84,13148,76.86999512,"Chickasaw County, Mississippi",9.81,28.92
21161,Mason County,KY,Kentucky,17120,62,10063,58.77999878,"Mason County, Kentucky",11.94,27.92
06043,Mariposa County,CA,California,17131,24,4930,28.77000046,"Mariposa County, California",17.95,19.23
19171,Tama County,IA,Iowa,17135,33,7288,42.52999878,"Tama County, Iowa",11.41,36.99
01067,Henry County,AL,Alabama,17146,48,10551,61.52999878,"Henry County, Alabama",12.34,26.87
05001,Arkansas County,AR,Arkansas,17149,75,11556,67.41000366,"Arkansas County, Arkansas",10.77,36.67
30067,Park County,MT,Montana,17191,32,5372,31.23999786,"Park County, Montana",22.19,22.76
13017,Ben Hill County,GA,Georgia,17194,39,10799,62.82000351,"Ben Hill County, Georgia",7.61,41.61
51520,Bristol city,VA,Virginia,17219,46,18137,105.3199997,"Bristol city, Virginia",10.43,22.96
51685,Manassas Park city,VA,Virginia,17219,3,1907,11.06999969,"Manassas Park city, Virginia",18.4,24.33
13075,Cook County,GA,Georgia,17229,35,6968,40.42999649,"Cook County, Georgia",9.48,29.93
17181,Union County,IL,Illinois,17244,50,7698,44.63000107,"Union County, Illinois",15.9,27.92
05135,Sharp County,AR,Arkansas,17271,68,11320,65.54000092,"Sharp County, Arkansas",6.97,33.4
32013,Humboldt County,NV,Nevada,17285,17,6860,39.67000198,"Humboldt County, Nevada",12.97,27.07
55103,Richland County,WI,Wisconsin,17304,45,5891,34.0399971,"Richland County, Wisconsin",12.72,35.87
47023,Chester County,TN,Tennessee,17341,51,8848,51.03000259,"Chester County, Tennessee",9.82,36.18
05043,Drew County,AR,Arkansas,17350,74,13944,80.35999298,"Drew County, Arkansas",14.95,32.09
08097,Pitkin County,CO,Colorado,17358,13,5129,29.54000092,"Pitkin County, Colorado",43.0,11.88
08093,Park County,CO,Colorado,17390,18,3686,21.19999886,"Park County, Colorado",22.83,24.31
37131,Northampton County,NC,North Carolina,17471,51,10216,58.47000122,"Northampton County, North Carolina",10.27,31.52
48287,Lee County,TX,Texas,17478,39,11807,67.56999969,"Lee County, Texas",9.44,33.16
19055,Delaware County,IA,Iowa,17488,30,9312,53.25999832,"Delaware County, Iowa",12.11,40.01
47139,Polk County,TN,Tennessee,17544,71,12040,68.62999725,"Polk County, Tennessee",7.59,26.02
29163,Pike County,MO,Missouri,17587,68,8114,46.13000107,"Pike County, Missouri",10.45,39.77
51141,Patrick County,VA,Virginia,17608,68,7504,42.61999893,"Patrick County, Virginia",9.57,27.67
31159,Seward County,NE,Nebraska,17609,43,11726,66.58000183,"Seward County, Nebraska",21.64,25.28
17067,Hancock County,IL,Illinois,17620,54,7722,43.79999924,"Hancock County, Illinois",15.78,32.0
48051,Burleson County,TX,Texas,17642,45,11748,66.5799942,"Burleson County, Texas",15.52,32.93
19059,Dickinson County,IA,Iowa,17703,25,11938,67.43000031,"Dickinson County, Iowa",23.83,23.08
28159,Winston County,MS,Mississippi,17714,77,12296,69.41000366,"Winston County, Mississippi",10.9,32.69
48133,Eastland County,TX,Texas,17725,71,15979,90.15000153,"Eastland County, Texas",12.04,24.38
46065,Hughes County,SD,South Dakota,17765,39,11446,64.43000031,"Hughes County, South Dakota",25.74,22.57
53055,San Juan County,WA,Washington,17788,28,4200,23.59000015,"San Juan County, Washington",29.9,13.55
37011,Avery County,NC,North Carolina,17806,68,8124,45.62999344,"Avery County, North Carolina",14.64,21.46
51101,King William County,VA,Virginia,17810,27,5763,32.34999847,"King William County, Virginia",16.89,27.11
12041,Gilchrist County,FL,Florida,17864,31,4751,26.60000038,"Gilchrist County, Florida",9.11,33.35
47075,Haywood County,TN,Tennessee,17864,77,11476,64.25,"Haywood County, Tennessee",7.37,39.7
48503,Young County,TX,Texas,17867,61,15760,88.23000336,"Young County, Texas",16.47,24.84
28007,Attala County,MS,Mississippi,17889,62,10170,56.8599968,"Attala County, Mississippi",10.64,23.86
36097,Schuyler County,NY,New York,17898,25,9400,52.52000046,"Schuyler County, New York",12.74,28.3
47171,Unicoi County,TN,Tennessee,17928,44,6718,37.4600029,"Unicoi County, Tennessee",11.39,28.39
37015,Bertie County,NC,North Carolina,17934,59,8698,48.50000381,"Bertie County, North Carolina",8.79,28.62
26079,Kalkaska County,MI,Michigan,17939,22,3412,19.01000214,"Kalkaska County, Michigan",8.81,35.32
47091,Johnson County,TN,Tennessee,17948,56,9338,52.0399971,"Johnson County, Tennessee",8.1,30.59
05053,Grant County,AR,Arkansas,17958,58,9002,50.11999893,"Grant County, Arkansas",14.15,31.89
12079,Madison County,FL,Florida,17968,61,9219,51.27000427,"Madison County, Florida",9.08,28.1
26019,Benzie County,MI,Michigan,17970,31,3971,22.09000015,"Benzie County, Michigan",20.86,25.43
21207,Russell County,KY,Kentucky,17991,56,8270,45.96999741,"Russell County, Kentucky",8.5,29.66
51175,Southampton County,VA,Virginia,17996,48,8720,48.4600029,"Southampton County, Virginia",13.16,23.13
13025,Brantley County,GA,Georgia,18021,32,6069,33.68000031,"Brantley County, Georgia",3.36,35.11
13011,Banks County,GA,Georgia,18035,33,14102,78.19999695,"Banks County, Georgia",9.92,27.03
55113,Sawyer County,WI,Wisconsin,18074,39,6667,36.88999939,"Sawyer County, Wisconsin",16.09,28.42
29003,Andrew County,MO,Missouri,18135,24,8078,44.52999878,"Andrew County, Missouri",16.43,31.07
42093,Montour County,PA,Pennsylvania,18136,34,6754,37.23999786,"Montour County, Pennsylvania",16.29,37.02
13019,Berrien County,GA,Georgia,18160,32,8645,47.61000061,"Berrien County, Georgia",9.51,34.85
51570,Colonial Heights city,VA,Virginia,18170,25,19619,107.9999924,"Colonial Heights city, Virginia",15.73,26.68
29229,Wright County,MO,Missouri,18188,71,11899,65.40000153,"Wright County, Missouri",7.67,34.55
48035,Bosque County,TX,Texas,18235,57,8642,47.38000107,"Bosque County, Texas",12.99,27.51
28131,Stone County,MS,Mississippi,18333,39,7355,40.11999893,"Stone County, Mississippi",9.8,26.35
28031,Covington County,MS,Mississippi,18340,60,10939,59.63000107,"Covington County, Mississippi",10.12,27.08
20087,Jefferson County,KS,Kansas,18368,41,6732,36.65000153,"Jefferson County, Kansas",16.68,35.15
48163,Frio County,TX,Texas,18385,22,3667,19.95000076,"Frio County, Texas",4.22,27.39
20041,Dickinson County,KS,Kansas,18402,56,7879,42.79999924,"Dickinson County, Kansas",18.14,26.64
13001,Appling County,GA,Georgia,18444,65,13036,70.66999817,"Appling County, Georgia",4.77,33.27
37199,Yancey County,NC,North Carolina,18470,49,7320,39.61999893,"Yancey County, North Carolina",11.97,27.86
51193,Westmoreland County,VA,Virginia,18477,33,8067,43.65000153,"Westmoreland County, Virginia",9.91,31.66
29186,Ste. Genevieve County,MO,Missouri,18479,26,9052,48.98999786,"Ste. Genevieve County, Missouri",10.15,31.7
47049,Fentress County,TN,Tennessee,18489,41,6748,36.49000168,"Fentress County, Tennessee",12.07,31.59
13171,Lamar County,GA,Georgia,18500,36,6882,37.20000458,"Lamar County, Georgia",8.2,31.41
19031,Cedar County,IA,Iowa,18505,32,6478,35.01000214,"Cedar County, Iowa",15.6,35.5
45049,Hampton County,SC,South Carolina,18561,77,11270,60.7100029,"Hampton County, South Carolina",8.08,35.43
05121,Randolph County,AR,Arkansas,18571,57,10619,57.18000031,"Randolph County, Arkansas",8.82,28.61
48117,Deaf Smith County,TX,Texas,18583,37,11648,62.68000031,"Deaf Smith County, Texas",8.53,30.17
48003,Andrews County,TX,Texas,18610,27,12171,65.41000366,"Andrews County, Texas",10.91,26.16
28025,Clay County,MS,Mississippi,18636,62,16506,88.55999756,"Clay County, Mississippi",13.24,27.71
37185,Warren County,NC,North Carolina,18642,55,8147,43.68999863,"Warren County, North Carolina",9.84,31.21
19157,Poweshiek County,IA,Iowa,18662,35,6420,34.40000153,"Poweshiek County, Iowa",14.8,34.8
02050,Bethel Census Area,AK,Alaska,18666,62,7216,38.67000198,"Bethel Census Area, Alaska",5.68,38.75
17033,Crawford County,IL,Illinois,18679,53,7603,40.70999908,"Crawford County, Illinois",11.19,22.74
22029,Concordia Parish,LA,Louisiana,18687,49,9035,48.34999466,"Concordia Parish, Louisiana",8.99,30.87
08089,Otero County,CO,Colorado,18690,45,6973,37.29999924,"Otero County, Colorado",13.02,25.34
21097,Harrison County,KY,Kentucky,18692,52,8822,47.22000504,"Harrison County, Kentucky",7.61,33.33
39125,Paulding County,OH,Ohio,18806,42,7733,41.12000275,"Paulding County, Ohio",11.68,40.87
27055,Houston County,MN,Minnesota,18843,29,11704,62.11999893,"Houston County, Minnesota",17.11,32.35
28141,Tishomingo County,MS,Mississippi,18850,75,9456,50.15999985,"Tishomingo County, Mississippi",7.52,29.73
45081,Saluda County,SC,South Carolina,18862,58,9385,49.72999954,"Saluda County, South Carolina",11.35,28.5
13231,Pike County,GA,Georgia,18889,39,9327,49.38000107,"Pike County, Georgia",10.81,29.67
21001,Adair County,KY,Kentucky,18903,52,6128,32.40999985,"Adair County, Kentucky",8.6,31.28
13133,Greene County,GA,Georgia,18915,43,11751,62.11999893,"Greene County, Georgia",18.72,25.99
40091,McIntosh County,OK,Oklahoma,18941,59,10644,56.18999863,"McIntosh County, Oklahoma",9.71,35.21
29157,Perry County,MO,Missouri,18956,29,13259,69.95999908,"Perry County, Missouri",13.47,36.24
27161,Waseca County,MN,Minnesota,18968,38,12150,64.06999969,"Waseca County, Minnesota",16.27,29.7
47085,Humphreys County,TN,Tennessee,18990,64,7871,41.45999908,"Humphreys County, Tennessee",8.99,38.81
06027,Inyo County,CA,California,19016,37,5857,30.79000092,"Inyo County, California",16.44,27.16
55047,Green Lake County,WI,Wisconsin,19018,44,10455,54.97999573,"Green Lake County, Wisconsin",14.54,34.77
01013,Butler County,AL,Alabama,19051,89,11645,61.1400032,"Butler County, Alabama",10.1,40.4
05003,Ashley County,AR,Arkansas,19062,97,16676,87.45999908,"Ashley County, Arkansas",9.12,40.91
54047,McDowell County,WV,West Virginia,19111,73,4197,21.94999886,"McDowell County, West Virginia",4.43,37.43
01107,Pickens County,AL,Alabama,19123,99,13315,69.60999298,"Pickens County, Alabama",9.63,32.46
16045,Gem County,ID,Idaho,19123,26,6790,35.50999832,"Gem County, Idaho",13.68,29.09
46005,Beadle County,SD,South Dakota,19149,49,11625,60.70000076,"Beadle County, South Dakota",15.41,28.2
18123,Perry County,IN,Indiana,19170,35,7398,38.59000015,"Perry County, Indiana",10.41,36.89
35041,Roosevelt County,NM,New Mexico,19191,40,11356,59.15999985,"Roosevelt County, New Mexico",14.75,25.8
24029,Kent County,MD,Maryland,19198,48,7477,38.95000458,"Kent County, Maryland",21.11,29.2
05113,Polk County,AR,Arkansas,19221,73,10359,53.88999939,"Polk County, Arkansas",9.77,28.52
21099,Hart County,KY,Kentucky,19288,72,9086,47.11000061,"Hart County, Kentucky",6.6,32.21
01091,Marengo County,AL,Alabama,19323,86,16840,87.15000916,"Marengo County, Alabama",9.97,33.09
37149,Polk County,NC,North Carolina,19328,57,9728,50.33000183,"Polk County, North Carolina",20.47,22.24
20021,Cherokee County,KS,Kansas,19362,52,6532,33.73000336,"Cherokee County, Kansas",13.35,29.01
29015,Benton County,MO,Missouri,19394,46,9053,46.68999863,"Benton County, Missouri",7.5,31.05
35028,Los Alamos County,NM,New Mexico,19419,31,10653,54.8599968,"Los Alamos County, New Mexico",25.2,9.15
48161,Freestone County,TX,Texas,19435,52,10713,55.13000488,"Freestone County, Texas",10.69,24.67
08015,Chaffee County,CO,Colorado,19476,34,7357,37.77000046,"Chaffee County, Colorado",21.34,19.02
19097,Jackson County,IA,Iowa,19485,28,10210,52.40000153,"Jackson County, Iowa",13.6,37.53
21215,Spencer County,KY,Kentucky,19490,21,6777,34.77999496,"Spencer County, Kentucky",13.09,28.89
55067,Langlade County,WI,Wisconsin,19491,36,11219,57.55999756,"Langlade County, Wisconsin",10.77,37.13
40001,Adair County,OK,Oklahoma,19495,57,11186,57.36999893,"Adair County, Oklahoma",7.47,37.91
19065,Fayette County,IA,Iowa,19509,51,9381,48.07000351,"Fayette County, Iowa",12.87,36.17
01087,Macon County,AL,Alabama,19532,79,11646,59.61999893,"Macon County, Alabama",11.0,25.36
22037,East Feliciana Parish,LA,Louisiana,19539,53,9481,48.50999832,"East Feliciana Parish, Louisiana",10.46,32.01
21231,Wayne County,KY,Kentucky,19555,54,13100,66.98999786,"Wayne County, Kentucky",8.28,31.6
21155,Marion County,KY,Kentucky,19581,39,10033,51.25,"Marion County, Kentucky",6.87,33.73
56023,Lincoln County,WY,Wyoming,19581,53,12775,65.23999786,"Lincoln County, Wyoming",14.76,28.54
21213,Simpson County,KY,Kentucky,19594,41,9000,45.91999817,"Simpson County, Kentucky",7.81,38.29
49013,Duchesne County,UT,Utah,19596,41,11388,58.12000275,"Duchesne County, Utah",9.86,34.82
13105,Elbert County,GA,Georgia,19637,66,12358,62.9600029,"Elbert County, Georgia",7.69,32.94
12059,Holmes County,FL,Florida,19653,69,7776,39.56999969,"Holmes County, Florida",7.41,34.16
48177,Gonzales County,TX,Texas,19653,48,16356,83.23999786,"Gonzales County, Texas",8.6,37.55
48253,Jones County,TX,Texas,19663,51,9161,46.57999802,"Jones County, Texas",9.2,20.94
30053,Lincoln County,MT,Montana,19677,45,6013,30.56999969,"Lincoln County, Montana",14.39,31.31
29217,Vernon County,MO,Missouri,19707,49,8635,43.84000397,"Vernon County, Missouri",10.5,36.36
13229,Pierce County,GA,Georgia,19716,38,12282,62.29000092,"Pierce County, Georgia",7.2,35.21
17041,Douglas County,IL,Illinois,19740,64,12466,63.15000153,"Douglas County, Illinois",14.25,28.88
01099,Monroe County,AL,Alabama,19772,80,12987,65.68000031,"Monroe County, Alabama",8.55,41.32
22041,Franklin Parish,LA,Louisiana,19774,72,14809,74.90999603,"Franklin Parish, Louisiana",8.72,34.03
28153,Wayne County,MS,Mississippi,19779,82,11973,60.5399971,"Wayne County, Mississippi",9.28,28.29
06063,Plumas County,CA,California,19790,39,7604,38.43000031,"Plumas County, California",15.63,21.62
48457,Tyler County,TX,Texas,19798,57,10423,52.65000153,"Tyler County, Texas",10.51,32.33
47173,Union County,TN,Tennessee,19802,27,6809,34.37999725,"Union County, Tennessee",5.9,34.52
18147,Spencer County,IN,Indiana,19810,46,9214,46.52000046,"Spencer County, Indiana",11.19,38.28
48123,DeWitt County,TX,Texas,19824,48,8989,45.34000015,"DeWitt County, Texas",9.15,30.69
18117,Orange County,IN,Indiana,19867,68,7483,37.68000031,"Orange County, Indiana",8.45,35.97
47159,Smith County,TN,Tennessee,19904,55,7311,36.72999954,"Smith County, Tennessee",11.74,34.81
55119,Taylor County,WI,Wisconsin,19913,37,11597,58.23999786,"Taylor County, Wisconsin",10.71,38.69
13091,Dodge County,GA,Georgia,19925,82,13101,65.73999786,"Dodge County, Georgia",10.3,30.27
46035,Davison County,SD,South Dakota,19956,36,12455,62.41999817,"Davison County, South Dakota",19.36,26.95
48337,Montague County,TX,Texas,19965,61,8718,43.68999863,"Montague County, Texas",12.24,30.31
13303,Washington County,GA,Georgia,19988,67,9724,48.63999939,"Washington County, Georgia",10.11,37.85
27091,Martin County,MN,Minnesota,20025,46,16034,80.06000519,"Martin County, Minnesota",15.66,32.28
22083,Richland Parish,LA,Louisiana,20043,72,10804,53.89999771,"Richland Parish, Louisiana",7.96,30.09
05057,Hempstead County,AR,Arkansas,20065,94,12677,63.19000244,"Hempstead County, Arkansas",10.18,33.72
19191,Winneshiek County,IA,Iowa,20070,42,13926,69.37998962,"Winneshiek County, Iowa",18.52,31.18
47041,DeKalb County,TN,Tennessee,20080,69,8588,42.75999832,"DeKalb County, Tennessee",12.52,29.5
13211,Morgan County,GA,Georgia,20097,50,12453,61.9600029,"Morgan County, Georgia",13.57,31.9
48057,Calhoun County,TX,Texas,20106,48,14168,70.45999908,"Calhoun County, Texas",11.14,25.19
13081,Crisp County,GA,Georgia,20128,59,11376,56.52000046,"Crisp County, Georgia",7.66,35.01
48489,Willacy County,TX,Texas,20164,33,4631,22.97999954,"Willacy County, Texas",6.41,28.27
20099,Labette County,KS,Kansas,20184,58,10715,53.11000443,"Labette County, Kansas",14.15,24.95
22093,St. James Parish,LA,Louisiana,20192,28,23822,117.9800034,"St. James Parish, Louisiana",11.18,37.54
21017,Bourbon County,KY,Kentucky,20252,48,9087,44.88000107,"Bourbon County, Kentucky",13.5,29.62
05149,Yell County,AR,Arkansas,20263,74,8813,43.47999954,"Yell County, Arkansas",8.84,32.29
35027,Lincoln County,NM,New Mexico,20269,38,9464,46.70000076,"Lincoln County, New Mexico",16.53,28.0
18015,Carroll County,IN,Indiana,20306,44,6122,30.16000366,"Carroll County, Indiana",10.76,35.89
48285,Lavaca County,TX,Texas,20337,48,17548,86.29000092,"Lavaca County, Texas",13.29,37.07
21051,Clay County,KY,Kentucky,20345,47,8872,43.61000061,"Clay County, Kentucky",4.33,27.15
51027,Buchanan County,VA,Virginia,20355,38,5150,25.31000137,"Buchanan County, Virginia",5.58,28.93
49007,Carbon County,UT,Utah,20412,47,12575,61.61000061,"Carbon County, Utah",11.09,24.51
21027,Breckinridge County,KY,Kentucky,20432,65,10832,53.01000214,"Breckinridge County, Kentucky",8.24,32.44
56041,Uinta County,WY,Wyoming,20450,51,12710,62.15999985,"Uinta County, Wyoming",12.56,30.54
37079,Greene County,NC,North Carolina,20451,52,5411,26.44999886,"Greene County, North Carolina",7.66,22.73
54043,Lincoln County,WV,West Virginia,20463,47,3572,17.46999931,"Lincoln County, West Virginia",5.79,37.73
40153,Woodward County,OK,Oklahoma,20470,41,14318,69.93999481,"Woodward County, Oklahoma",13.54,31.46
18075,Jay County,IN,Indiana,20478,65,7670,37.46999741,"Jay County, Indiana",8.3,42.2
18049,Fulton County,IN,Indiana,20480,44,6548,32.00999832,"Fulton County, Indiana",9.39,34.6
19087,Henry County,IA,Iowa,20482,40,6828,33.33000183,"Henry County, Iowa",16.26,28.47
51079,Greene County,VA,Virginia,20552,26,4250,20.68999863,"Greene County, Virginia",15.66,25.41
48089,Colorado County,TX,Texas,20557,47,12423,60.43999863,"Colorado County, Texas",14.1,34.16
55061,Kewaunee County,WI,Wisconsin,20563,23,13656,66.40000153,"Kewaunee County, Wisconsin",14.77,36.96
19019,Buchanan County,IA,Iowa,20565,43,10620,51.64999771,"Buchanan County, Iowa",15.71,32.75
21003,Allen County,KY,Kentucky,20588,42,7057,34.27000046,"Allen County, Kentucky",11.15,33.5
45011,Barnwell County,SC,South Carolina,20589,66,12332,59.91999817,"Barnwell County, South Carolina",8.16,30.94
25007,Dukes County,MA,Massachusetts,20600,27,5157,25.04000092,"Dukes County, Massachusetts",24.33,21.86
13199,Meriwether County,GA,Georgia,20613,60,8854,42.91999435,"Meriwether County, Georgia",6.78,32.84
53001,Adams County,WA,Washington,20613,38,11071,53.70999908,"Adams County, Washington",8.35,22.4
48233,Hutchinson County,TX,Texas,20617,55,10947,53.11999893,"Hutchinson County, Texas",11.8,25.1
19105,Jones County,IA,Iowa,20646,37,9522,46.11999893,"Jones County, Iowa",14.05,33.97
55001,Adams County,WI,Wisconsin,20654,18,2566,12.40999985,"Adams County, Wisconsin",10.52,32.73
05029,Conway County,AR,Arkansas,20715,80,10617,51.25999832,"Conway County, Arkansas",13.42,33.39
22077,Pointe Coupee Parish,LA,Louisiana,20758,41,11710,56.41000366,"Pointe Coupee Parish, Louisiana",10.83,33.5
19027,Carroll County,IA,Iowa,20760,41,17026,82.01000214,"Carroll County, Iowa",18.13,30.09
26129,Ogemaw County,MI,Michigan,20770,28,5789,27.84999847,"Ogemaw County, Michigan",8.23,31.48
13321,Worth County,GA,Georgia,20784,50,9892,47.59000397,"Worth County, Georgia",6.38,34.27
18153,Sullivan County,IN,Indiana,20817,47,7168,34.42000198,"Sullivan County, Indiana",8.0,34.46
19021,Buena Vista County,IA,Iowa,20823,46,10443,50.13999939,"Buena Vista County, Iowa",14.42,28.14
48019,Bandera County,TX,Texas,20851,39,12968,62.20000458,"Bandera County, Texas",15.3,28.03
31177,Washington County,NE,Nebraska,20865,26,9732,46.65999985,"Washington County, Nebraska",22.66,27.34
27039,Dodge County,MN,Minnesota,20867,38,12395,59.41000366,"Dodge County, Minnesota",20.7,28.72
17145,Perry County,IL,Illinois,20945,46,9217,44.01000214,"Perry County, Illinois",8.43,26.98
45039,Fairfield County,SC,South Carolina,20948,80,14497,69.19999695,"Fairfield County, South Carolina",11.76,36.6
17173,Shelby County,IL,Illinois,20990,60,9825,46.79999924,"Shelby County, Illinois",11.5,39.41
29141,Morgan County,MO,Missouri,21006,58,8842,42.09000015,"Morgan County, Missouri",8.11,30.93
47129,Morgan County,TN,Tennessee,21035,45,11006,52.29000092,"Morgan County, Tennessee",6.28,33.43
22007,Assumption Parish,LA,Louisiana,21039,22,13035,61.95999908,"Assumption Parish, Louisiana",9.83,32.71
22111,Union Parish,LA,Louisiana,21107,83,14316,67.83000183,"Union Parish, Louisiana",12.57,37.2
05083,Logan County,AR,Arkansas,21131,86,14893,70.48999786,"Logan County, Arkansas",8.26,35.33
55053,Jackson County,WI,Wisconsin,21145,44,7295,34.49000168,"Jackson County, Wisconsin",9.65,36.63
29049,Clinton County,MO,Missouri,21184,35,9475,44.70000076,"Clinton County, Missouri",15.17,38.4
37115,Madison County,NC,North Carolina,21193,84,10587,49.93999863,"Madison County, North Carolina",18.82,26.1
48179,Gray County,TX,Texas,21227,47,17718,83.46000671,"Gray County, Texas",10.61,24.4
27045,Fillmore County,MN,Minnesota,21228,73,15643,73.68000031,"Fillmore County, Minnesota",15.59,29.27
29147,Nodaway County,MO,Missouri,21241,42,11004,51.79999924,"Nodaway County, Missouri",15.61,31.86
48299,Llano County,TX,Texas,21243,38,8811,41.45999908,"Llano County, Texas",18.48,22.68
28079,Leake County,MS,Mississippi,21275,85,12940,60.81999969,"Leake County, Mississippi",9.71,29.91
28101,Newton County,MS,Mississippi,21291,67,11278,52.97000122,"Newton County, Mississippi",11.6,25.61
18119,Owen County,IN,Indiana,21321,43,5171,24.25,"Owen County, Indiana",9.79,33.59
27057,Hubbard County,MN,Minnesota,21344,33,7214,33.80000305,"Hubbard County, Minnesota",18.59,25.66
48341,Moore County,TX,Texas,21358,48,13177,61.69000244,"Moore County, Texas",9.36,22.17
54109,Wyoming County,WV,West Virginia,21382,80,7818,36.56000137,"Wyoming County, West Virginia",7.2,40.64
40139,Texas County,OK,Oklahoma,21384,60,13797,64.51000214,"Texas County, Oklahoma",18.69,24.39
27157,Wabasha County,MN,Minnesota,21387,38,15139,70.79999542,"Wabasha County, Minnesota",16.48,29.49
28027,Coahoma County,MS,Mississippi,21390,52,11290,52.81000137,"Coahoma County, Mississippi",11.27,18.18
05019,Clark County,AR,Arkansas,21446,99,16891,78.78999329,"Clark County, Arkansas",16.53,28.33
17051,Fayette County,IL,Illinois,21488,53,11074,51.55999374,"Fayette County, Illinois",8.91,33.18
17083,Jersey County,IL,Illinois,21512,34,8335,38.74000168,"Jersey County, Illinois",15.15,31.18
49041,Sevier County,UT,Utah,21522,48,13421,62.36000061,"Sevier County, Utah",14.34,27.4
08075,Logan County,CO,Colorado,21528,38,8164,37.91999817,"Logan County, Colorado",13.43,26.72
48219,Hockley County,TX,Texas,21537,57,13325,61.8599968,"Hockley County, Texas",10.86,23.68
21133,Letcher County,KY,Kentucky,21548,60,6687,31.04000092,"Letcher County, Kentucky",4.94,29.2
37091,Hertford County,NC,North Carolina,21552,55,12391,57.50000381,"Hertford County, North Carolina",9.16,27.82
51169,Scott County,VA,Virginia,21576,71,8938,41.39999771,"Scott County, Virginia",9.78,30.49
31043,Dakota County,NE,Nebraska,21582,25,9093,42.13000107,"Dakota County, Nebraska",10.77,29.67
38093,Stutsman County,ND,North Dakota,21593,45,10957,50.73999786,"Stutsman County, North Dakota",18.35,31.42
48165,Gaines County,TX,Texas,21598,33,9789,45.32999802,"Gaines County, Texas",7.38,25.54
16067,Minidoka County,ID,Idaho,21613,39,10546,48.80999756,"Minidoka County, Idaho",8.61,25.82
48281,Lampasas County,TX,Texas,21627,39,9722,44.94999695,"Lampasas County, Texas",12.35,22.39
28043,Grenada County,MS,Mississippi,21629,64,14171,65.52000427,"Grenada County, Mississippi",12.37,23.24
13189,McDuffie County,GA,Georgia,21632,46,15547,71.87000275,"McDuffie County, Georgia",8.71,31.18
31067,Gage County,NE,Nebraska,21704,53,13309,61.32999802,"Gage County, Nebraska",15.08,30.69
13205,Mitchell County,GA,Georgia,21755,52,11188,51.44000244,"Mitchell County, Georgia",7.44,26.63
12123,Taylor County,FL,Florida,21796,58,9622,44.13000488,"Taylor County, Florida",6.72,33.38
54005,Boone County,WV,West Virginia,21809,60,5128,23.5,"Boone County, West Virginia",6.62,38.4
28139,Tippah County,MS,Mississippi,21815,86,15107,69.26999664,"Tippah County, Mississippi",9.38,26.84
06011,Colusa County,CA,California,21839,30,10452,47.84999847,"Colusa County, California",11.49,25.8
51147,Prince Edward County,VA,Virginia,21849,45,6597,30.17000008,"Prince Edward County, Virginia",14.87,27.08
47151,Scott County,TN,Tennessee,21850,38,7737,35.40999985,"Scott County, Tennessee",5.25,36.87
39175,Wyandot County,OH,Ohio,21900,41,10280,46.95999908,"Wyandot County, Ohio",12.24,40.45
29083,Henry County,MO,Missouri,21946,60,10834,49.36000061,"Henry County, Missouri",9.58,35.98
20175,Seward County,KS,Kansas,21964,44,9691,44.11999512,"Seward County, Kansas",7.87,24.27
01111,Randolph County,AL,Alabama,21967,99,10894,49.58999634,"Randolph County, Alabama",9.7,28.26
37117,Martin County,NC,North Carolina,22031,70,8244,37.42000198,"Martin County, North Carolina",9.48,28.01
17085,Jo Daviess County,IL,Illinois,22035,45,9392,42.61999893,"Jo Daviess County, Illinois",16.44,30.81
13237,Putnam County,GA,Georgia,22047,40,7330,33.23999786,"Putnam County, Georgia",14.35,32.23
37007,Anson County,NC,North Carolina,22055,106,17010,77.11000061,"Anson County, North Carolina",7.89,33.99
48225,Houston County,TX,Texas,22066,91,12764,57.84000015,"Houston County, Texas",10.99,27.37
48293,Limestone County,TX,Texas,22146,78,14430,65.13000488,"Limestone County, Texas",11.72,28.22
22085,Sabine Parish,LA,Louisiana,22155,97,17531,79.11999512,"Sabine Parish, Louisiana",8.91,38.79
22043,Grant Parish,LA,Louisiana,22169,56,9486,42.79000092,"Grant Parish, Louisiana",7.7,31.8
51105,Lee County,VA,Virginia,22173,101,13230,59.64999771,"Lee County, Virginia",7.2,27.54
19123,Mahaska County,IA,Iowa,22190,45,9629,43.40999603,"Mahaska County, Iowa",15.08,34.9
51820,Waynesboro city,VA,Virginia,22196,51,15064,67.84999847,"Waynesboro city, Virginia",15.99,26.69
39105,Meigs County,OH,Ohio,22210,76,5934,26.70999718,"Meigs County, Ohio",7.45,40.69
31155,Saunders County,NE,Nebraska,22278,45,9947,44.65999985,"Saunders County, Nebraska",19.47,26.66
53003,Asotin County,WA,Washington,22285,26,6293,28.23999977,"Asotin County, Washington",15.14,21.75
27105,Nobles County,MN,Minnesota,22290,51,14489,65.02000427,"Nobles County, Minnesota",11.77,28.07
01007,Bibb County,AL,Alabama,22293,81,10887,48.84000015,"Bibb County, Alabama",7.4,36.77
26089,Leelanau County,MI,Michigan,22301,31,6719,30.12999916,"Leelanau County, Michigan",26.78,18.34
20191,Sumner County,KS,Kansas,22382,60,10308,46.04999924,"Sumner County, Kansas",17.62,29.11
40009,Beckham County,OK,Oklahoma,22410,52,15281,68.18000031,"Beckham County, Oklahoma",11.5,25.09
48365,Panola County,TX,Texas,22491,82,13854,61.59999847,"Panola County, Texas",11.56,25.78
47133,Overton County,TN,Tennessee,22511,57,7463,33.13999939,"Overton County, Tennessee",7.91,39.1
54009,Brooke County,WV,West Virginia,22559,50,6617,29.34000015,"Brooke County, West Virginia",13.17,32.74
19183,Washington County,IA,Iowa,22565,49,9342,41.37999725,"Washington County, Iowa",15.76,34.93
21167,Mercer County,KY,Kentucky,22641,60,13920,61.48999786,"Mercer County, Kentucky",10.25,28.34
05103,Ouachita County,AR,Arkansas,22650,140,24487,108.090004,"Ouachita County, Arkansas",8.84,34.69
51163,Rockbridge County,VA,Virginia,22650,61,7708,34.02000046,"Rockbridge County, Virginia",15.03,28.35
21115,Johnson County,KY,Kentucky,22680,49,6768,29.81999969,"Johnson County, Kentucky",8.3,34.31
53039,Klickitat County,WA,Washington,22735,37,5657,24.88000107,"Klickitat County, Washington",19.09,21.06
37033,Caswell County,NC,North Carolina,22736,61,9736,42.83999634,"Caswell County, North Carolina",10.42,28.34
22003,Allen Parish,LA,Louisiana,22750,57,10576,46.50999832,"Allen Parish, Louisiana",8.23,36.21
13107,Emanuel County,GA,Georgia,22768,50,7155,31.42000008,"Emanuel County, Georgia",6.1,33.14
18047,Franklin County,IN,Indiana,22785,36,8494,37.27000046,"Franklin County, Indiana",13.31,35.25
05027,Columbia County,AR,Arkansas,22801,99,18864,82.73000336,"Columbia County, Arkansas",12.97,38.06
13267,Tattnall County,GA,Georgia,22842,54,9815,42.97000122,"Tattnall County, Georgia",7.72,26.89
26133,Osceola County,MI,Michigan,22891,44,6881,30.05000114,"Osceola County, Michigan",10.14,36.59
51127,New Kent County,VA,Virginia,22945,23,6409,27.93999863,"New Kent County, Virginia",20.49,25.63
05111,Poinsett County,AR,Arkansas,22965,102,17088,74.41000366,"Poinsett County, Arkansas",8.28,35.66
51670,Hopewell city,VA,Virginia,23033,39,10458,45.41000366,"Hopewell city, Virginia",8.95,27.4
55125,Vilas County,WI,Wisconsin,23047,42,7914,34.34000015,"Vilas County, Wisconsin",17.97,28.12
29055,Crawford County,MO,Missouri,23056,55,6860,29.73999786,"Crawford County, Missouri",8.36,33.78
01025,Clarke County,AL,Alabama,23087,112,17471,75.66000366,"Clarke County, Alabama",8.39,36.71
05123,St. Francis County,AR,Arkansas,23090,90,13387,57.95999908,"St. Francis County, Arkansas",6.34,27.73
54027,Hampshire County,WV,West Virginia,23093,63,6661,28.87999916,"Hampshire County, West Virginia",7.41,39.95
29177,Ray County,MO,Missouri,23158,50,9028,38.97000122,"Ray County, Missouri",9.98,42.31
29119,McDonald County,MO,Missouri,23303,47,9105,39.09000015,"McDonald County, Missouri",8.27,34.77
46135,Yankton County,SD,South Dakota,23310,44,13909,59.63999939,"Yankton County, South Dakota",15.05,24.48
56039,Teton County,WY,Wyoming,23331,22,10488,44.95999908,"Teton County, Wyoming",37.23,13.32
29195,Saline County,MO,Missouri,23333,58,11385,48.7899971,"Saline County, Missouri",15.7,31.35
53049,Pacific County,WA,Washington,23365,42,7024,30.04999924,"Pacific County, Washington",13.51,25.74
18149,Starke County,IN,Indiana,23371,36,6346,27.17000008,"Starke County, Indiana",8.04,36.48
18041,Fayette County,IN,Indiana,23398,43,11533,49.28000259,"Fayette County, Indiana",10.48,34.16
27093,Meeker County,MN,Minnesota,23400,39,11203,47.88000107,"Meeker County, Minnesota",12.58,32.87
13119,Franklin County,GA,Georgia,23424,53,14111,60.23999786,"Franklin County, Georgia",9.89,26.4
26009,Antrim County,MI,Michigan,23431,44,5686,24.27000046,"Antrim County, Michigan",18.75,27.68
41015,Curry County,OR,Oregon,23446,38,5537,23.61000061,"Curry County, Oregon",13.63,24.14
26143,Roscommon County,MI,Michigan,23459,37,4999,21.31999969,"Roscommon County, Michigan",8.7,31.21
26109,Menominee County,MI,Michigan,23502,36,11545,49.11999893,"Menominee County, Michigan",12.05,39.39
42067,Juniata County,PA,Pennsylvania,23509,77,9179,39.03000641,"Juniata County, Pennsylvania",9.99,43.63
29221,Washington County,MO,Missouri,23514,57,8020,34.09999847,"Washington County, Missouri",7.76,31.85
22075,Plaquemines Parish,LA,Louisiana,23515,25,17500,74.43000031,"Plaquemines Parish, Louisiana",13.29,30.5
47057,Grainger County,TN,Tennessee,23527,61,12264,52.13999939,"Grainger County, Tennessee",8.36,33.18
01133,Winston County,AL,Alabama,23540,74,13708,58.21999741,"Winston County, Alabama",7.95,32.54
40133,Seminole County,OK,Oklahoma,23556,84,13654,57.95000458,"Seminole County, Oklahoma",9.66,30.31
54059,Mingo County,WV,West Virginia,23568,70,6958,29.51999855,"Mingo County, West Virginia",5.21,37.79
51139,Page County,VA,Virginia,23709,50,7529,31.75000191,"Page County, Virginia",8.43,36.87
55049,Iowa County,WI,Wisconsin,23709,50,13702,57.81000137,"Iowa County, Wisconsin",16.49,31.82
17165,Saline County,IL,Illinois,23768,75,13848,58.25999832,"Saline County, Illinois",13.49,23.11
21183,Ohio County,KY,Kentucky,23772,89,16227,68.25,"Ohio County, Kentucky",6.73,31.73
54097,Upshur County,WV,West Virginia,23816,65,7770,32.61000061,"Upshur County, West Virginia",9.97,42.9
48007,Aransas County,TX,Texas,23830,32,13909,58.38000107,"Aransas County, Texas",15.73,22.21
21005,Anderson County,KY,Kentucky,23852,44,12913,54.14999771,"Anderson County, Kentucky",14.32,29.03
28057,Itawamba County,MS,Mississippi,23863,96,11140,46.67000198,"Itawamba County, Mississippi",7.17,22.9
41027,Hood River County,OR,Oregon,23977,36,9467,39.48000336,"Hood River County, Oregon",18.38,18.23
48419,Shelby County,TX,Texas,24022,89,12853,53.51000214,"Shelby County, Texas",10.33,29.35
21013,Bell County,KY,Kentucky,24097,82,20397,84.65000153,"Bell County, Kentucky",4.47,32.29
31047,Dawson County,NE,Nebraska,24111,61,13160,54.61000061,"Dawson County, Nebraska",12.57,25.21
51600,Fairfax city,VA,Virginia,24146,42,22747,94.22000122,"Fairfax city, Virginia",29.05,12.2
16053,Jerome County,ID,Idaho,24237,32,7626,31.47000122,"Jerome County, Idaho",9.76,25.81
16013,Blaine County,ID,Idaho,24272,23,8766,36.11000061,"Blaine County, Idaho",26.8,19.99
21137,Lincoln County,KY,Kentucky,24275,69,12891,53.09000015,"Lincoln County, Kentucky",6.95,31.89
45001,Abbeville County,SC,South Carolina,24295,87,15239,62.75999832,"Abbeville County, South Carolina",13.0,29.26
28039,George County,MS,Mississippi,24350,72,11597,47.61999893,"George County, Mississippi",9.75,26.52
18143,Scott County,IN,Indiana,24384,38,7878,32.30000305,"Scott County, Indiana",7.88,34.02
48149,Fayette County,TX,Texas,24435,60,20413,83.54000092,"Fayette County, Texas",16.3,35.51
28091,Marion County,MS,Mississippi,24441,98,18970,77.62999725,"Marion County, Mississippi",7.94,30.75
29215,Texas County,MO,Missouri,24487,88,12937,52.82999802,"Texas County, Missouri",9.08,31.65
18135,Randolph County,IN,Indiana,24502,58,6763,27.62000084,"Randolph County, Indiana",9.85,37.05
41031,Jefferson County,OR,Oregon,24502,31,7116,29.03000069,"Jefferson County, Oregon",14.35,22.51
55137,Waushara County,WI,Wisconsin,24520,47,7406,30.21999931,"Waushara County, Wisconsin",10.92,34.8
48463,Uvalde County,TX,Texas,24564,55,14034,57.13000488,"Uvalde County, Texas",14.5,24.22
13033,Burke County,GA,Georgia,24596,51,9959,40.46999741,"Burke County, Georgia",10.04,31.49
54067,Nicholas County,WV,West Virginia,24604,79,9445,38.38999939,"Nicholas County, West Virginia",9.63,43.19
24039,Somerset County,MD,Maryland,24620,49,5561,22.58999825,"Somerset County, Maryland",10.81,28.52
13291,Union County,GA,Georgia,24632,55,15065,61.14999771,"Union County, Georgia",12.95,27.88
16031,Cassia County,ID,Idaho,24655,52,14250,57.79000092,"Cassia County, Idaho",14.3,23.51
21205,Rowan County,KY,Kentucky,24662,34,6146,24.92000008,"Rowan County, Kentucky",11.31,25.63
18181,White County,IN,Indiana,24688,44,8106,32.84000015,"White County, Indiana",11.42,34.06
08119,Teller County,CO,Colorado,24710,28,7695,31.13000107,"Teller County, Colorado",20.52,20.15
05023,Cleburne County,AR,Arkansas,24711,74,15665,63.36999893,"Cleburne County, Arkansas",10.39,32.91
29175,Randolph County,MO,Missouri,24716,51,9796,39.65000153,"Randolph County, Missouri",12.4,29.55
29131,Miller County,MO,Missouri,24722,62,12789,51.72000122,"Miller County, Missouri",12.75,33.22
51075,Goochland County,VA,Virginia,24727,39,11467,46.38999939,"Goochland County, Virginia",23.73,17.22
41013,Crook County,OR,Oregon,24738,26,5695,23.01999855,"Crook County, Oregon",13.4,25.76
48331,Milam County,TX,Texas,24754,87,14732,59.51000595,"Milam County, Texas",10.43,32.58
36123,Yates County,NY,New York,24774,42,8354,33.71999741,"Yates County, New York",14.16,29.01
40065,Jackson County,OK,Oklahoma,24785,61,16366,66.01999664,"Jackson County, Oklahoma",14.4,24.82
08107,Routt County,CO,Colorado,24829,24,7748,31.19999695,"Routt County, Colorado",31.83,13.95
47081,Hickman County,TN,Tennessee,24925,75,8402,33.72000122,"Hickman County, Tennessee",6.57,37.44
21081,Grant County,KY,Kentucky,24941,48,12555,50.33000183,"Grant County, Kentucky",8.94,36.9
29007,Audrain County,MO,Missouri,24962,68,12918,51.72999954,"Audrain County, Missouri",9.36,35.18
13055,Chattooga County,GA,Georgia,24965,77,12724,50.9600029,"Chattooga County, Georgia",6.06,25.25
01019,Cherokee County,AL,Alabama,24971,89,12551,50.26000214,"Cherokee County, Alabama",6.28,31.53
19017,Bremer County,IA,Iowa,24988,47,15150,60.6400032,"Bremer County, Iowa",22.5,28.34
28117,Prentiss County,MS,Mississippi,25008,92,18416,73.61999512,"Prentiss County, Mississippi",8.31,26.22
26101,Manistee County,MI,Michigan,25032,38,5827,23.28000069,"Manistee County, Michigan",15.6,27.83
26137,Otsego County,MI,Michigan,25091,31,7662,30.53000069,"Otsego County, Michigan",16.89,28.25
47097,Lauderdale County,TN,Tennessee,25143,81,12686,50.45000458,"Lauderdale County, Tennessee",6.07,32.24
47111,Macon County,TN,Tennessee,25216,40,5970,23.68000221,"Macon County, Tennessee",5.35,34.41
18129,Posey County,IN,Indiana,25222,46,11431,45.33000183,"Posey County, Indiana",14.96,32.94
01005,Barbour County,AL,Alabama,25223,93,17330,68.68999481,"Barbour County, Alabama",7.28,29.06
26069,Iosco County,MI,Michigan,25237,42,7904,31.34000015,"Iosco County, Michigan",9.58,31.71
27153,Todd County,MN,Minnesota,25262,56,12162,48.13999939,"Todd County, Minnesota",10.5,34.53
27083,Lyon County,MN,Minnesota,25269,44,15662,61.97999954,"Lyon County, Minnesota",19.41,27.63
29001,Adair County,MO,Missouri,25314,54,10446,41.26000214,"Adair County, Missouri",14.4,31.71
12133,Washington County,FL,Florida,25318,61,8991,35.5,"Washington County, Florida",7.95,33.81
13111,Fannin County,GA,Georgia,25319,60,19899,78.59000397,"Fannin County, Georgia",12.76,28.48
12049,Hardee County,FL,Florida,25327,64,16242,64.11999512,"Hardee County, Florida",6.64,40.09
51775,Salem city,VA,Virginia,25346,42,18913,74.62000275,"Salem city, Virginia",17.85,22.42
20149,Pottawatomie County,KS,Kansas,25348,42,12665,49.96999741,"Pottawatomie County, Kansas",22.4,25.5
16075,Payette County,ID,Idaho,25386,43,12241,48.22999954,"Payette County, Idaho",11.86,29.31
26051,Gladwin County,MI,Michigan,25386,42,7415,29.20000076,"Gladwin County, Michigan",8.92,34.6
35029,Luna County,NM,New Mexico,25427,42,16347,64.29999542,"Luna County, New Mexico",7.51,29.19
13035,Butts County,GA,Georgia,25434,42,11191,43.99000168,"Butts County, Georgia",7.82,32.22
54053,Mason County,WV,West Virginia,25453,55,5936,23.33000183,"Mason County, West Virginia",11.51,36.56
47069,Hardeman County,TN,Tennessee,25462,111,14971,58.79000473,"Hardeman County, Tennessee",7.19,33.1
20009,Barton County,KS,Kansas,25493,57,14953,58.65000153,"Barton County, Kansas",14.73,26.78
32001,Churchill County,NV,Nevada,25516,25,9513,37.27000046,"Churchill County, Nevada",13.59,24.21
19011,Benton County,IA,Iowa,25575,44,11486,44.90999985,"Benton County, Iowa",14.19,34.15
26031,Cheboygan County,MI,Michigan,25579,40,6924,27.07999992,"Cheboygan County, Michigan",13.27,31.58
22067,Morehouse Parish,LA,Louisiana,25629,88,14606,56.97999954,"Morehouse Parish, Louisiana",10.13,33.73
40049,Garvin County,OK,Oklahoma,25656,92,18584,72.45000458,"Garvin County, Oklahoma",10.86,36.93
45037,Edgefield County,SC,South Carolina,25657,53,13682,53.34999847,"Edgefield County, South Carolina",10.14,27.68
19149,Plymouth County,IA,Iowa,25698,48,15707,61.13000107,"Plymouth County, Iowa",16.86,32.04
05071,Johnson County,AR,Arkansas,25749,66,12671,49.19000244,"Johnson County, Arkansas",10.53,33.06
51790,Staunton city,VA,Virginia,25750,65,15252,59.24000168,"Staunton city, Virginia",16.96,24.22
37123,Montgomery County,NC,North Carolina,25751,88,14708,57.11000061,"Montgomery County, North Carolina",11.21,27.22
46081,Lawrence County,SD,South Dakota,25768,41,10187,39.5399971,"Lawrence County, South Dakota",23.8,22.24
51167,Russell County,VA,Virginia,25781,65,12193,47.30000305,"Russell County, Virginia",6.95,30.13
13147,Hart County,GA,Georgia,25828,67,18842,72.97999573,"Hart County, Georgia",12.26,28.46
08083,Montezuma County,CO,Colorado,25849,49,8811,34.06999969,"Montezuma County, Colorado",18.75,27.32
47109,McNairy County,TN,Tennessee,25866,107,17124,66.21000671,"McNairy County, Tennessee",7.74,37.51
27015,Brown County,MN,Minnesota,25912,41,22766,87.84999847,"Brown County, Minnesota",16.51,32.68
50015,Lamoille County,VT,Vermont,25945,33,6375,24.56999969,"Lamoille County, Vermont",25.86,20.45
26043,Dickinson County,MI,Michigan,25947,43,12792,49.2899971,"Dickinson County, Michigan",16.25,30.85
28127,Simpson County,MS,Mississippi,25949,93,23070,88.91999817,"Simpson County, Mississippi",12.6,21.95
28133,Sunflower County,MS,Mississippi,25971,73,10318,39.72000122,"Sunflower County, Mississippi",9.95,23.81
20059,Franklin County,KS,Kansas,25996,60,9009,34.62000275,"Franklin County, Kansas",12.88,31.85
21217,Taylor County,KY,Kentucky,26023,67,17582,67.58000183,"Taylor County, Kentucky",14.24,29.45
26029,Charlevoix County,MI,Michigan,26054,41,9200,35.29999924,"Charlevoix County, Michigan",19.28,25.12
08039,Elbert County,CO,Colorado,26062,28,6649,25.50999832,"Elbert County, Colorado",23.68,22.36
42131,Wyoming County,PA,Pennsylvania,26069,46,9306,35.68999863,"Wyoming County, Pennsylvania",13.35,42.4
41061,Union County,OR,Oregon,26196,48,8995,34.33000183,"Union County, Oregon",16.75,26.72
13131,Grady County,GA,Georgia,26236,67,14464,55.11999893,"Grady County, Georgia",8.96,33.49
21085,Grayson County,KY,Kentucky,26420,75,11260,42.61999893,"Grayson County, Kentucky",6.24,35.78
27095,Mille Lacs County,MN,Minnesota,26459,49,14524,54.88999939,"Mille Lacs County, Minnesota",10.8,31.16
18021,Clay County,IN,Indiana,26466,53,8361,31.60000229,"Clay County, Indiana",11.77,36.1
18031,Decatur County,IN,Indiana,26472,43,11280,42.59000015,"Decatur County, Indiana",13.16,39.65
37009,Ashe County,NC,North Carolina,26577,85,12081,45.45000076,"Ashe County, North Carolina",13.53,26.93
36049,Lewis County,NY,New York,26582,55,12162,45.73999786,"Lewis County, New York",10.48,39.78
31025,Cass County,NE,Nebraska,26598,44,7347,27.63000107,"Cass County, Nebraska",19.69,25.59
21043,Carter County,KY,Kentucky,26627,70,8214,30.84000397,"Carter County, Kentucky",7.26,32.65
01061,Geneva County,AL,Alabama,26659,92,15369,57.66999817,"Geneva County, Alabama",7.76,28.9
26127,Oceana County,MI,Michigan,26659,49,6990,26.26000023,"Oceana County, Michigan",12.97,32.05
45069,Marlboro County,SC,South Carolina,26667,78,11242,42.1400032,"Marlboro County, South Carolina",4.66,35.58
41065,Wasco County,OR,Oregon,26670,37,6717,25.17000008,"Wasco County, Oregon",12.67,22.59
19015,Boone County,IA,Iowa,26715,46,12350,46.22000504,"Boone County, Iowa",18.04,28.34
55057,Juneau County,WI,Wisconsin,26718,39,9854,36.86000061,"Juneau County, Wisconsin",10.37,32.55
39019,Carroll County,OH,Ohio,26721,58,11068,41.38999939,"Carroll County, Ohio",8.27,44.53
51099,King George County,VA,Virginia,26723,27,6257,23.41999817,"King George County, Virginia",21.84,23.37
48171,Gillespie County,TX,Texas,26725,39,22217,83.11999512,"Gillespie County, Texas",23.83,26.08
28163,Yazoo County,MS,Mississippi,26743,79,12906,48.25,"Yazoo County, Mississippi",8.13,24.55
13257,Stephens County,GA,Georgia,26784,49,15496,57.83999634,"Stephens County, Georgia",10.3,31.37
13085,Dawson County,GA,Georgia,26798,38,12723,47.46999741,"Dawson County, Georgia",21.93,21.54
22031,De Soto Parish,LA,Louisiana,26812,89,15285,56.99999619,"De Soto Parish, Louisiana",9.78,33.63
21095,Harlan County,KY,Kentucky,26831,105,13879,51.71999359,"Harlan County, Kentucky",4.86,26.32
47071,Hardin County,TN,Tennessee,26831,89,15874,59.13999939,"Hardin County, Tennessee",11.59,36.33
21239,Woodford County,KY,Kentucky,26871,53,16840,62.65999603,"Woodford County, Kentucky",22.65,22.22
54057,Mineral County,WV,West Virginia,26938,75,10101,37.49999619,"Mineral County, West Virginia",10.1,41.27
40015,Caddo County,OK,Oklahoma,26945,97,19391,71.97000122,"Caddo County, Oklahoma",11.29,36.36
13279,Toombs County,GA,Georgia,27030,81,16850,62.32000351,"Toombs County, Georgia",9.36,29.6
17075,Iroquois County,IL,Illinois,27077,67,11681,43.1400032,"Iroquois County, Illinois",10.95,34.46
39131,Pike County,OH,Ohio,27088,49,5429,20.04000092,"Pike County, Ohio",8.68,38.28
35006,Cibola County,NM,New Mexico,27172,54,14505,53.38000107,"Cibola County, New Mexico",11.01,24.94
22121,West Baton Rouge Parish,LA,Louisiana,27199,24,12493,45.91999817,"West Baton Rouge Parish, Louisiana",13.92,30.75
35047,San Miguel County,NM,New Mexico,27201,55,22282,81.91999817,"San Miguel County, New Mexico",11.15,20.34
17109,McDonough County,IL,Illinois,27238,51,9157,33.61999893,"McDonough County, Illinois",15.95,27.4
45087,Union County,SC,South Carolina,27244,87,21264,78.07000732,"Union County, South Carolina",9.73,32.73
51065,Fluvanna County,VA,Virginia,27249,27,6674,24.48999977,"Fluvanna County, Virginia",22.41,20.3
47185,White County,TN,Tennessee,27351,90,12140,44.38999557,"White County, Tennessee",7.75,33.95
41057,Tillamook County,OR,Oregon,27390,41,8175,29.84000206,"Tillamook County, Oregon",13.12,22.24
50019,Orleans County,VT,Vermont,27393,49,6683,24.38999939,"Orleans County, Vermont",14.87,33.58
48407,San Jacinto County,TX,Texas,27402,45,5841,21.28999901,"San Jacinto County, Texas",10.0,32.85
21141,Logan County,KY,Kentucky,27432,95,19252,70.15000153,"Logan County, Kentucky",10.28,34.81
39001,Adams County,OH,Ohio,27477,61,5631,20.49999809,"Adams County, Ohio",8.46,37.69
18079,Jennings County,IN,Indiana,27613,56,8957,32.45000076,"Jennings County, Indiana",9.11,36.9
39069,Henry County,OH,Ohio,27662,58,17891,64.66999817,"Henry County, Ohio",11.67,40.79
13293,Upson County,GA,Georgia,27700,64,16440,59.34999847,"Upson County, Georgia",8.66,27.76
06015,Del Norte County,CA,California,27743,29,3908,14.09000015,"Del Norte County, California",9.46,25.74
28145,Union County,MS,Mississippi,27777,84,23029,82.90999603,"Union County, Mississippi",9.5,26.1
54035,Jackson County,WV,West Virginia,27791,61,13287,47.84000015,"Jackson County, West Virginia",9.99,36.15
47077,Henderson County,TN,Tennessee,27842,69,13747,49.38000107,"Henderson County, Tennessee",9.09,36.14
54083,Randolph County,WV,West Virginia,27932,74,10269,36.77999878,"Randolph County, West Virginia",10.16,41.47
51053,Dinwiddie County,VA,Virginia,27947,46,9763,34.92999649,"Dinwiddie County, Virginia",11.36,30.12
13207,Monroe County,GA,Georgia,27957,55,7528,26.93000031,"Monroe County, Georgia",13.21,28.06
13225,Peach County,GA,Georgia,27981,45,12750,45.55000305,"Peach County, Georgia",10.53,25.6
51630,Fredericksburg city,VA,Virginia,27982,53,37171,132.8299866,"Fredericksburg city, Virginia",23.44,19.29
17107,Logan County,IL,Illinois,27987,58,13248,47.34000397,"Logan County, Illinois",13.29,30.27
28123,Scott County,MS,Mississippi,27990,96,18390,65.69999695,"Scott County, Mississippi",6.85,28.17
13311,White County,GA,Georgia,28003,41,12210,43.59999847,"White County, Georgia",12.02,24.07
39073,Hocking County,OH,Ohio,28050,57,6515,23.23000145,"Hocking County, Ohio",9.35,39.33
28137,Tate County,MS,Mississippi,28064,69,16760,59.73000336,"Tate County, Mississippi",9.46,28.05
37053,Currituck County,NC,North Carolina,28100,35,6545,23.28000069,"Currituck County, North Carolina",18.19,25.97
21173,Montgomery County,KY,Kentucky,28114,48,11869,42.20999908,"Montgomery County, Kentucky",8.59,30.45
51840,Winchester city,VA,Virginia,28120,45,21474,76.37000275,"Winchester city, Virginia",20.26,20.22
18179,Wells County,IN,Indiana,28180,68,13770,48.8599968,"Wells County, Indiana",13.51,35.45
18175,Washington County,IN,Indiana,28182,70,9241,32.79999924,"Washington County, Indiana",9.1,33.68
35017,Grant County,NM,New Mexico,28185,55,15977,56.70000076,"Grant County, New Mexico",15.53,22.14
12003,Baker County,FL,Florida,28259,36,9390,33.20999908,"Baker County, Florida",9.73,31.95
05015,Carroll County,AR,Arkansas,28260,81,12385,43.81999588,"Carroll County, Arkansas",14.02,30.44
29069,Dunklin County,MO,Missouri,28283,69,12230,43.20999908,"Dunklin County, Missouri",8.1,32.62
17135,Montgomery County,IL,Illinois,28288,79,11374,40.19999695,"Montgomery County, Illinois",11.33,33.11
51197,Wythe County,VA,Virginia,28290,94,13581,47.99000168,"Wythe County, Virginia",11.24,32.34
45033,Dillon County,SC,South Carolina,28292,78,15712,55.54000092,"Dillon County, South Carolina",8.38,34.43
12007,Bradford County,FL,Florida,28303,56,11507,40.67000198,"Bradford County, Florida",6.32,31.95
46029,Codington County,SD,South Dakota,28325,53,18512,65.35999298,"Codington County, South Dakota",14.88,31.83
28083,Leflore County,MS,Mississippi,28339,82,17186,60.62000656,"Leflore County, Mississippi",10.89,31.22
13169,Jones County,GA,Georgia,28347,37,11524,40.65000153,"Jones County, Georgia",12.43,32.77
28029,Copiah County,MS,Mississippi,28368,100,15680,55.25999832,"Copiah County, Mississippi",12.62,26.09
48363,Palo Pinto County,TX,Texas,28409,72,15793,55.58000183,"Palo Pinto County, Texas",12.01,28.67
55069,Lincoln County,WI,Wisconsin,28415,43,15554,54.72999954,"Lincoln County, Wisconsin",12.97,35.16
49039,Sanpete County,UT,Utah,28437,65,18539,65.19000244,"Sanpete County, Utah",13.96,28.18
47017,Carroll County,TN,Tennessee,28440,91,15982,56.18999863,"Carroll County, Tennessee",11.45,35.26
48067,Cass County,TX,Texas,28454,104,19191,67.41999817,"Cass County, Texas",12.72,35.67
21193,Perry County,KY,Kentucky,28473,74,9978,35.04000092,"Perry County, Kentucky",5.8,26.45
40039,Custer County,OK,Oklahoma,28513,79,21315,74.75998688,"Custer County, Oklahoma",17.99,23.15
29127,Marion County,MO,Missouri,28525,71,13698,48.02999878,"Marion County, Missouri",15.72,30.97
16039,Elmore County,ID,Idaho,28666,43,10585,36.93999863,"Elmore County, Idaho",15.13,23.31
29207,Stoddard County,MO,Missouri,28672,72,9496,33.11999893,"Stoddard County, Missouri",8.52,35.42
27079,Le Sueur County,MN,Minnesota,28674,31,13591,47.38999939,"Le Sueur County, Minnesota",16.43,32.11
37039,Cherokee County,NC,North Carolina,28774,76,12761,44.38000107,"Cherokee County, North Carolina",13.22,28.3
45053,Jasper County,SC,South Carolina,28791,51,10809,37.56000137,"Jasper County, South Carolina",15.08,33.82
24023,Garrett County,MD,Maryland,28806,96,10873,37.76000214,"Garrett County, Maryland",13.59,37.67
47115,Marion County,TN,Tennessee,28837,91,11898,41.25999832,"Marion County, Tennessee",8.31,33.88
27115,Pine County,MN,Minnesota,28876,56,15768,54.59999847,"Pine County, Minnesota",10.55,33.16
26007,Alpena County,MI,Michigan,28907,46,10203,35.27000046,"Alpena County, Michigan",11.57,29.8
06021,Glenn County,CA,California,28917,50,13530,46.80000305,"Glenn County, California",11.37,23.54
39161,Van Wert County,OH,Ohio,28931,51,10282,35.52999878,"Van Wert County, Ohio",10.46,40.25
20051,Ellis County,KS,Kansas,28934,43,20137,69.59999847,"Ellis County, Kansas",24.57,21.87
39047,Fayette County,OH,Ohio,28951,52,13708,47.34999847,"Fayette County, Ohio",10.15,39.0
18137,Ripley County,IN,Indiana,28995,65,16520,56.96999741,"Ripley County, Indiana",11.43,36.41
26105,Mason County,MI,Michigan,29052,45,10407,35.82000351,"Mason County, Michigan",13.39,32.02
28099,Neshoba County,MS,Mississippi,29087,100,16972,58.36000061,"Neshoba County, Mississippi",8.01,26.78
54029,Hancock County,WV,West Virginia,29095,52,14125,48.54000092,"Hancock County, West Virginia",10.31,34.9
08087,Morgan County,CO,Colorado,29111,49,11042,37.90999985,"Morgan County, Colorado",12.25,25.95
51035,Carroll County,VA,Virginia,29155,82,11832,40.58999634,"Carroll County, Virginia",10.65,31.68
45067,Marion County,SC,South Carolina,29183,79,18856,64.58999634,"Marion County, South Carolina",7.73,40.05
39053,Gallia County,OH,Ohio,29220,65,8882,30.40999985,"Gallia County, Ohio",9.85,36.45
48185,Grimes County,TX,Texas,29268,56,14077,48.09999847,"Grimes County, Texas",11.25,23.95
50017,Orange County,VT,Vermont,29277,51,2975,10.15999985,"Orange County, Vermont",16.27,30.91
01093,Marion County,AL,Alabama,29341,98,16422,55.96999741,"Marion County, Alabama",7.99,28.03
13087,Decatur County,GA,Georgia,29367,83,15957,54.31999588,"Decatur County, Georgia",8.27,28.12
23007,Franklin County,ME,Maine,29456,50,7472,25.39999962,"Franklin County, Maine",16.23,33.19
28001,Adams County,MS,Mississippi,29538,73,25470,86.22000122,"Adams County, Mississippi",10.15,26.73
37017,Bladen County,NC,North Carolina,29606,121,20572,69.48000336,"Bladen County, North Carolina",12.84,24.42
13261,Sumter County,GA,Georgia,29616,64,15382,51.93000031,"Sumter County, Georgia",10.18,28.17
56029,Park County,WY,Wyoming,29624,62,13819,46.6099968,"Park County, Wyoming",21.84,21.11
36095,Schoharie County,NY,New York,29714,55,7437,25.01000023,"Schoharie County, New York",13.39,30.96
51173,Smyth County,VA,Virginia,29800,93,10585,35.52999878,"Smyth County, Virginia",9.93,30.94
46093,Meade County,SD,South Dakota,29852,56,10486,35.11999893,"Meade County, South Dakota",18.58,24.77
13143,Haralson County,GA,Georgia,29919,60,16157,54.00999832,"Haralson County, Georgia",10.75,27.56
21163,Meade County,KY,Kentucky,30003,42,14645,48.81000137,"Meade County, Kentucky",10.71,27.67
27021,Cass County,MN,Minnesota,30066,54,7191,23.91999817,"Cass County, Minnesota",18.04,28.27
55029,Door County,WI,Wisconsin,30066,52,16719,55.59999847,"Door County, Wisconsin",22.99,27.6
13195,Madison County,GA,Georgia,30120,51,10439,34.65999985,"Madison County, Georgia",10.15,28.17
13305,Wayne County,GA,Georgia,30144,79,19831,65.80000305,"Wayne County, Georgia",7.4,31.86
17157,Randolph County,IL,Illinois,30163,71,15721,52.12000275,"Randolph County, Illinois",7.82,31.2
48015,Austin County,TX,Texas,30167,61,18464,61.19999695,"Austin County, Texas",16.03,29.88
21121,Knox County,KY,Kentucky,30193,74,18412,60.97999954,"Knox County, Kentucky",7.8,31.6
20113,McPherson County,KS,Kansas,30223,72,15816,52.31000137,"McPherson County, Kansas",20.56,23.01
50005,Caledonia County,VT,Vermont,30233,59,11549,38.20999908,"Caledonia County, Vermont",19.45,30.47
22047,Iberville Parish,LA,Louisiana,30241,43,14033,46.39999771,"Iberville Parish, Louisiana",10.35,33.07
40115,Ottawa County,OK,Oklahoma,30285,85,21460,70.87000275,"Ottawa County, Oklahoma",9.71,28.79
51117,Mecklenburg County,VA,Virginia,30319,105,13443,44.34000397,"Mecklenburg County, Virginia",14.8,26.31
51145,Powhatan County,VA,Virginia,30333,37,13208,43.52999878,"Powhatan County, Virginia",21.28,22.05
47055,Giles County,TN,Tennessee,30346,126,17892,58.93999863,"Giles County, Tennessee",12.34,35.77
54051,Marshall County,WV,West Virginia,30591,68,11440,37.41000366,"Marshall County, West Virginia",10.47,38.39
21021,Boyle County,KY,Kentucky,30614,80,22582,73.77999878,"Boyle County, Kentucky",13.89,27.36
39065,Hardin County,OH,Ohio,30696,71,9456,30.79000282,"Hardin County, Ohio",9.91,43.49
55123,Vernon County,WI,Wisconsin,30714,94,17046,55.50999832,"Vernon County, Wisconsin",15.1,33.77
55121,Trempealeau County,WI,Wisconsin,30760,52,18190,59.13999939,"Trempealeau County, Wisconsin",13.43,35.86
47131,Obion County,TN,Tennessee,30787,119,22962,74.58999634,"Obion County, Tennessee",9.94,35.67
18055,Greene County,IN,Indiana,30803,78,9467,30.72999954,"Greene County, Indiana",9.97,34.25
40089,McCurtain County,OK,Oklahoma,30814,137,17219,55.88999939,"McCurtain County, Oklahoma",10.18,35.78
26035,Clare County,MI,Michigan,30856,55,9875,32.0,"Clare County, Michigan",7.41,31.94
51033,Caroline County,VA,Virginia,30887,42,10462,33.87000275,"Caroline County, Virginia",14.44,32.86
16051,Jefferson County,ID,Idaho,30891,66,27270,88.27000427,"Jefferson County, Idaho",17.14,20.8
27047,Freeborn County,MN,Minnesota,30895,60,18178,58.84000015,"Freeborn County, Minnesota",11.88,29.82
56033,Sheridan County,WY,Wyoming,30921,45,11462,37.06999969,"Sheridan County, Wyoming",16.81,23.41
21177,Muhlenberg County,KY,Kentucky,30928,98,22913,74.06999969,"Muhlenberg County, Kentucky",8.32,34.83
18169,Wabash County,IN,Indiana,30976,72,10944,35.32000351,"Wabash County, Indiana",11.75,36.49
28011,Bolivar County,MS,Mississippi,30985,96,16523,53.30999756,"Bolivar County, Mississippi",14.38,18.83
42047,Elk County,PA,Pennsylvania,30990,44,17169,55.36999893,"Elk County, Pennsylvania",12.97,43.47
45089,Williamsburg County,SC,South Carolina,31026,105,17600,56.72000122,"Williamsburg County, South Carolina",8.88,39.16
48273,Kleberg County,TX,Texas,31040,42,19441,62.61999893,"Kleberg County, Texas",17.15,19.4
48025,Bee County,TX,Texas,31047,47,16561,53.33000183,"Bee County, Texas",5.62,20.89
08117,Summit County,CO,Colorado,31055,22,9707,31.27000046,"Summit County, Colorado",37.99,12.59
29209,Stone County,MO,Missouri,31076,58,10326,33.25,"Stone County, Missouri",13.62,28.75
23029,Washington County,ME,Maine,31095,81,6154,19.79000092,"Washington County, Maine",14.91,31.75
30047,Lake County,MT,Montana,31134,56,9193,29.50999832,"Lake County, Montana",20.79,21.43
45027,Clarendon County,SC,South Carolina,31144,93,16274,52.25999832,"Clarendon County, South Carolina",10.07,32.61
28115,Pontotoc County,MS,Mississippi,31184,95,20668,66.29000092,"Pontotoc County, Mississippi",10.42,22.93
27119,Polk County,MN,Minnesota,31192,79,17032,54.59999847,"Polk County, Minnesota",19.09,26.5
08029,Delta County,CO,Colorado,31196,60,9192,29.47000122,"Delta County, Colorado",14.54,29.17
31001,Adams County,NE,Nebraska,31205,51,15307,49.06000137,"Adams County, Nebraska",15.76,23.47
48449,Titus County,TX,Texas,31247,87,29080,93.05999756,"Titus County, Texas",12.15,28.43
33007,Coos County,NH,New Hampshire,31268,53,10105,32.32999802,"Coos County, New Hampshire",12.55,31.78
51009,Amherst County,VA,Virginia,31307,68,17857,57.04999924,"Amherst County, Virginia",13.67,30.33
13123,Gilmer County,GA,Georgia,31353,42,11915,38.02000046,"Gilmer County, Georgia",12.84,28.74
26063,Huron County,MI,Michigan,31407,73,16476,52.44000244,"Huron County, Michigan",10.53,39.0
20125,Montgomery County,KS,Kansas,31486,98,16196,51.43000031,"Montgomery County, Kansas",14.24,25.66
29167,Polk County,MO,Missouri,31519,66,12411,39.37999725,"Polk County, Missouri",14.2,33.59
41045,Malheur County,OR,Oregon,31571,58,14831,46.95000076,"Malheur County, Oregon",10.09,22.1
21157,Marshall County,KY,Kentucky,31659,84,21605,68.22999573,"Marshall County, Kentucky",11.69,27.81
47025,Claiborne County,TN,Tennessee,32043,98,18289,57.07000351,"Claiborne County, Tennessee",10.24,30.18
01059,Franklin County,AL,Alabama,32113,101,20080,62.52000427,"Franklin County, Alabama",10.27,34.83
20111,Lyon County,KS,Kansas,32179,57,14479,45.02000046,"Lyon County, Kansas",16.65,26.46
47079,Henry County,TN,Tennessee,32199,125,19627,60.95999527,"Henry County, Tennessee",11.03,38.87
22053,Jefferson Davis Parish,LA,Louisiana,32250,51,22498,69.75,"Jefferson Davis Parish, Louisiana",11.07,35.65
02110,Juneau City and Borough,AK,Alaska,32255,48,10531,32.62000275,"Juneau City and Borough, Alaska",25.31,16.49
45023,Chester County,SC,South Carolina,32294,123,22104,68.45999908,"Chester County, South Carolina",9.42,35.48
22039,Evangeline Parish,LA,Louisiana,32350,47,16073,49.68999863,"Evangeline Parish, Louisiana",9.31,31.67
48189,Hale County,TX,Texas,32522,73,27107,83.34999847,"Hale County, Texas",11.18,25.02
24019,Dorchester County,MD,Maryland,32531,81,11588,35.61999893,"Dorchester County, Maryland",11.65,34.01
54045,Logan County,WV,West Virginia,32567,92,8304,25.51000023,"Logan County, West Virginia",6.58,38.66
39079,Jackson County,OH,Ohio,32653,79,8951,27.42000008,"Jackson County, Ohio",10.19,40.46
06035,Lassen County,CA,California,32730,32,8438,25.78000069,"Lassen County, California",9.11,21.54
47143,Rhea County,TN,Tennessee,32870,91,14117,42.96999741,"Rhea County, Tennessee",10.69,29.67
47183,Weakley County,TN,Tennessee,32902,112,20294,61.66999817,"Weakley County, Tennessee",11.6,33.67
17137,Morgan County,IL,Illinois,32915,58,13567,41.2100029,"Morgan County, Illinois",13.25,34.55
18073,Jasper County,IN,Indiana,32918,50,15824,48.08000183,"Jasper County, Indiana",10.23,37.3
53031,Jefferson County,WA,Washington,32977,38,6840,20.73000145,"Jefferson County, Washington",23.24,17.6
54025,Greenbrier County,WV,West Virginia,32977,112,14459,43.83999634,"Greenbrier County, West Virginia",12.51,29.31
48241,Jasper County,TX,Texas,32980,102,22141,67.12999725,"Jasper County, Texas",7.87,39.35
29107,Lafayette County,MO,Missouri,32984,77,18430,55.8599968,"Lafayette County, Missouri",12.61,38.91
37175,Transylvania County,NC,North Carolina,32986,66,17741,53.77999878,"Transylvania County, North Carolina",21.05,19.65
01109,Pike County,AL,Alabama,33009,84,16122,48.84999847,"Pike County, Alabama",16.03,27.9
18051,Gibson County,IN,Indiana,33011,66,14247,43.13999939,"Gibson County, Indiana",13.06,35.01
05059,Hot Spring County,AR,Arkansas,33040,104,16719,50.62000275,"Hot Spring County, Arkansas",10.01,30.3
01079,Lawrence County,AL,Alabama,33073,101,23019,69.59999847,"Lawrence County, Alabama",10.19,33.78
18077,Jefferson County,IN,Indiana,33147,73,13156,39.68999481,"Jefferson County, Indiana",11.33,32.91
13177,Lee County,GA,Georgia,33163,34,10635,32.06999969,"Lee County, Georgia",15.46,21.2
18023,Clinton County,IN,Indiana,33190,61,14102,42.48999405,"Clinton County, Indiana",9.74,39.46
28107,Panola County,MS,Mississippi,33208,102,16842,50.71999741,"Panola County, Mississippi",10.4,24.29
13227,Pickens County,GA,Georgia,33216,34,10916,32.86000061,"Pickens County, Georgia",14.58,27.17
17011,Bureau County,IL,Illinois,33244,69,12662,38.07999802,"Bureau County, Illinois",13.82,30.79
38059,Morton County,ND,North Dakota,33291,51,17990,54.04999542,"Morton County, North Dakota",20.74,23.02
24011,Caroline County,MD,Maryland,33293,60,11835,35.56999969,"Caroline County, Maryland",11.37,36.13
18027,Daviess County,IN,Indiana,33381,102,19020,56.98000717,"Daviess County, Indiana",8.6,31.23
51001,Accomack County,VA,Virginia,33413,97,14397,43.06000137,"Accomack County, Virginia",11.33,31.6
19125,Marion County,IA,Iowa,33414,68,18129,54.25999832,"Marion County, Iowa",20.93,28.55
40081,Lincoln County,OK,Oklahoma,33458,83,16546,49.45000458,"Lincoln County, Oklahoma",10.39,36.01
51730,Petersburg city,VA,Virginia,33458,73,29685,88.73000336,"Petersburg city, Virginia",12.75,28.48
13187,Lumpkin County,GA,Georgia,33488,33,8690,25.95000076,"Lumpkin County, Georgia",18.56,21.28
19111,Lee County,IA,Iowa,33555,60,14185,42.2899971,"Lee County, Iowa",13.55,32.73
51023,Botetourt County,VA,Virginia,33596,79,17013,50.6400032,"Botetourt County, Virginia",16.62,29.78
17057,Fulton County,IL,Illinois,33609,72,10124,30.12000084,"Fulton County, Illinois",12.48,30.48
38089,Stark County,ND,North Dakota,33646,47,21386,63.54000092,"Stark County, North Dakota",17.84,28.01
26165,Wexford County,MI,Michigan,33673,55,10111,30.01000023,"Wexford County, Michigan",13.54,29.33
28093,Marshall County,MS,Mississippi,33752,110,19777,58.59000397,"Marshall County, Mississippi",9.55,30.27
12129,Wakulla County,FL,Florida,33764,47,6825,20.20999908,"Wakulla County, Florida",11.55,26.39
51155,Pulaski County,VA,Virginia,33800,83,11499,34.02000046,"Pulaski County, Virginia",12.49,27.76
36099,Seneca County,NY,New York,33814,52,12290,36.33000183,"Seneca County, New York",11.99,26.74
12027,DeSoto County,FL,Florida,33976,57,11478,33.75999832,"DeSoto County, Florida",8.14,35.69
27097,Morrison County,MN,Minnesota,34010,55,20555,60.42000198,"Morrison County, Minnesota",12.76,34.73
51083,Halifax County,VA,Virginia,34022,119,20337,59.77999878,"Halifax County, Virginia",10.25,29.11
20079,Harvey County,KS,Kansas,34024,74,15678,46.09999847,"Harvey County, Kansas",20.95,18.52
17021,Christian County,IL,Illinois,34032,60,11006,32.33000183,"Christian County, Illinois",12.75,33.23
26047,Emmet County,MI,Michigan,34112,52,11342,33.22999954,"Emmet County, Michigan",20.54,22.96
17103,Lee County,IL,Illinois,34145,59,15651,45.84999847,"Lee County, Illinois",12.36,27.88
37165,Scotland County,NC,North Carolina,34174,82,12587,36.83000183,"Scotland County, North Carolina",10.17,28.22
28095,Monroe County,MS,Mississippi,34180,124,18137,53.06999969,"Monroe County, Mississippi",10.52,30.3
18183,Whitley County,IN,Indiana,34191,57,12904,37.74000168,"Whitley County, Indiana",16.18,31.16
20121,Miami County,KS,Kansas,34191,59,13805,40.36000061,"Miami County, Kansas",19.95,29.51
54077,Preston County,WV,West Virginia,34216,106,11073,32.37000275,"Preston County, West Virginia",9.97,40.59
20057,Ford County,KS,Kansas,34287,48,20288,59.16999435,"Ford County, Kansas",10.57,22.04
31141,Platte County,NE,Nebraska,34296,48,24733,72.12000275,"Platte County, Nebraska",15.48,26.34
47117,Marshall County,TN,Tennessee,34318,88,16726,48.74000168,"Marshall County, Tennessee",10.9,34.03
46011,Brookings County,SD,South Dakota,34375,56,17397,50.59000015,"Brookings County, South Dakota",26.49,22.1
18151,Steuben County,IN,Indiana,34435,56,13594,39.46999741,"Steuben County, Indiana",13.79,34.21
39137,Putnam County,OH,Ohio,34451,48,24792,71.97000122,"Putnam County, Ohio",15.35,38.65
27103,Nicollet County,MN,Minnesota,34454,33,17604,51.11000443,"Nicollet County, Minnesota",22.9,22.45
35055,Taos County,NM,New Mexico,34489,74,29843,86.52000427,"Taos County, New Mexico",18.82,22.33
29009,Barry County,MO,Missouri,34534,96,17947,51.95999908,"Barry County, Missouri",10.24,35.35
20035,Cowley County,KS,Kansas,34549,76,13578,39.30999756,"Cowley County, Kansas",14.03,24.12
55019,Clark County,WI,Wisconsin,34659,85,20051,57.85000229,"Clark County, Wisconsin",9.71,36.49
13145,Harris County,GA,Georgia,34668,60,11947,34.45000076,"Harris County, Georgia",18.66,20.77
17049,Effingham County,IL,Illinois,34668,62,19947,57.54000092,"Effingham County, Illinois",16.14,29.85
31111,Lincoln County,NE,Nebraska,34676,50,8957,25.84999847,"Lincoln County, Nebraska",14.08,24.39
28003,Alcorn County,MS,Mississippi,34740,111,25279,72.80000305,"Alcorn County, Mississippi",11.43,24.44
01017,Chambers County,AL,Alabama,34772,120,19381,55.72999954,"Chambers County, Alabama",10.48,30.08
49051,Wasatch County,UT,Utah,34788,62,18746,53.8900032,"Wasatch County, Utah",28.82,18.31
48227,Howard County,TX,Texas,34860,62,19255,55.25,"Howard County, Texas",9.14,23.91
28085,Lincoln County,MS,Mississippi,34907,98,23889,68.44000244,"Lincoln County, Mississippi",9.1,31.78
39117,Morrow County,OH,Ohio,34950,74,12138,34.74000168,"Morrow County, Ohio",10.22,39.29
17133,Monroe County,IL,Illinois,34962,35,20021,57.24000168,"Monroe County, Illinois",22.91,23.07
30093,Silver Bow County,MT,Montana,35133,41,15379,43.77999878,"Silver Bow County, Montana",19.77,27.76
27005,Becker County,MN,Minnesota,35183,62,18617,52.92000198,"Becker County, Minnesota",17.94,25.41
23015,Lincoln County,ME,Maine,35237,47,7111,20.20000076,"Lincoln County, Maine",20.61,27.52
47103,Lincoln County,TN,Tennessee,35319,118,20714,58.66000366,"Lincoln County, Tennessee",11.68,36.0
39127,Perry County,OH,Ohio,35408,70,9682,27.34000015,"Perry County, Ohio",8.61,42.76
19179,Wapello County,IA,Iowa,35437,61,10380,29.26999855,"Wapello County, Iowa",12.34,29.8
29219,Warren County,MO,Missouri,35532,33,13355,37.58000183,"Warren County, Missouri",12.94,31.9
31119,Madison County,NE,Nebraska,35585,53,24265,68.18000031,"Madison County, Nebraska",16.48,27.47
49047,Uintah County,UT,Utah,35620,69,18306,51.38999939,"Uintah County, Utah",11.99,31.68
48147,Fannin County,TX,Texas,35662,107,17755,49.81000137,"Fannin County, Texas",12.19,28.51
48477,Washington County,TX,Texas,35805,70,25581,71.44000244,"Washington County, Texas",18.24,27.82
18001,Adams County,IN,Indiana,35809,121,29536,82.48999786,"Adams County, Indiana",10.44,37.09
17105,Livingston County,IL,Illinois,35815,68,14954,41.75,"Livingston County, Illinois",11.15,35.57
19167,Sioux County,IA,Iowa,35872,81,26776,74.64000702,"Sioux County, Iowa",20.98,27.08
48217,Hill County,TX,Texas,35874,105,22074,61.54000092,"Hill County, Texas",12.08,26.54
21071,Floyd County,KY,Kentucky,35942,79,11966,33.27999878,"Floyd County, Kentucky",6.98,32.5
42059,Greene County,PA,Pennsylvania,35954,84,13026,36.23999786,"Greene County, Pennsylvania",11.75,37.15
18103,Miami County,IN,Indiana,35962,52,7978,22.16000175,"Miami County, Indiana",9.16,33.82
21089,Greenup County,KY,Kentucky,35962,82,12918,35.93000031,"Greenup County, Kentucky",8.82,31.61
47029,Cocke County,TN,Tennessee,35999,99,14025,38.97000122,"Cocke County, Tennessee",6.91,40.51
29105,Laclede County,MO,Missouri,36039,80,19932,55.32000351,"Laclede County, Missouri",10.8,36.7
31157,Scotts Bluff County,NE,Nebraska,36084,69,17042,47.23000336,"Scotts Bluff County, Nebraska",16.16,24.84
51195,Wise County,VA,Virginia,36130,93,10997,30.44999886,"Wise County, Virginia",8.38,26.46
27017,Carlton County,MN,Minnesota,36207,57,14048,38.79999924,"Carlton County, Minnesota",15.54,26.1
13299,Ware County,GA,Georgia,36251,105,22109,60.97999573,"Ware County, Georgia",10.16,33.42
51137,Orange County,VA,Virginia,36254,59,14719,40.61999893,"Orange County, Virginia",16.22,29.98
48321,Matagorda County,TX,Texas,36255,80,20212,55.75000381,"Matagorda County, Texas",12.91,23.81
18083,Knox County,IN,Indiana,36282,72,16098,44.39999771,"Knox County, Indiana",10.04,30.23
37003,Alexander County,NC,North Carolina,36444,80,23031,63.18999863,"Alexander County, North Carolina",9.98,31.21
22011,Beauregard Parish,LA,Louisiana,36549,99,25913,70.90000153,"Beauregard Parish, Louisiana",12.11,29.73
39031,Coshocton County,OH,Ohio,36612,99,15550,42.48000336,"Coshocton County, Ohio",9.77,39.93
21083,Graves County,KY,Kentucky,36649,120,26796,73.11000061,"Graves County, Kentucky",9.26,33.86
18069,Huntington County,IN,Indiana,36662,66,14328,39.10000229,"Huntington County, Indiana",13.65,35.77
23023,Sagadahoc County,ME,Maine,36699,51,8893,24.22999954,"Sagadahoc County, Maine",21.76,25.79
40111,Okmulgee County,OK,Oklahoma,36706,104,24989,68.08999634,"Okmulgee County, Oklahoma",9.97,30.45
21235,Whitley County,KY,Kentucky,36712,91,21236,57.84000397,"Whitley County, Kentucky",9.99,30.08
18133,Putnam County,IN,Indiana,36726,58,10611,28.87999916,"Putnam County, Indiana",10.82,36.39
20061,Geary County,KS,Kansas,36739,53,13842,37.67000198,"Geary County, Kansas",14.56,18.5
01053,Escambia County,AL,Alabama,36757,115,24084,65.50999451,"Escambia County, Alabama",8.76,35.85
27085,McLeod County,MN,Minnesota,36771,51,25678,69.83000183,"McLeod County, Minnesota",11.96,30.91
26033,Chippewa County,MI,Michigan,36785,69,10053,27.33999825,"Chippewa County, Michigan",15.05,25.09
48223,Hopkins County,TX,Texas,36787,107,20513,55.75999832,"Hopkins County, Texas",15.03,28.77
47045,Dyer County,TN,Tennessee,36801,111,22465,61.04999924,"Dyer County, Tennessee",11.55,26.2
17027,Clinton County,IL,Illinois,36899,47,21384,57.95999908,"Clinton County, Illinois",15.14,26.35
26041,Delta County,MI,Michigan,36903,58,21142,57.27999496,"Delta County, Michigan",13.3,31.95
37055,Dare County,NC,North Carolina,36915,57,18660,50.54999542,"Dare County, North Carolina",25.65,18.64
22119,Webster Parish,LA,Louisiana,36967,102,24751,66.96000671,"Webster Parish, Louisiana",10.34,36.38
21049,Clark County,KY,Kentucky,36972,66,15413,41.67000198,"Clark County, Kentucky",12.33,29.16
19187,Webster County,IA,Iowa,36999,57,18412,49.75000381,"Webster County, Iowa",14.94,28.41
37113,Macon County,NC,North Carolina,37014,102,20602,55.63000488,"Macon County, North Carolina",15.73,26.21
56001,Albany County,WY,Wyoming,37066,48,11046,29.81999969,"Albany County, Wyoming",29.8,10.68
55045,Green County,WI,Wisconsin,37093,45,11653,31.42000008,"Green County, Wisconsin",16.05,30.59
39171,Williams County,OH,Ohio,37102,74,21069,56.78000259,"Williams County, Ohio",9.83,37.97
21035,Calloway County,KY,Kentucky,37103,96,22760,61.36999893,"Calloway County, Kentucky",17.29,24.68
17081,Jefferson County,IL,Illinois,37113,92,17377,46.80000305,"Jefferson County, Illinois",11.19,25.15
31053,Dodge County,NE,Nebraska,37167,56,19751,53.14000702,"Dodge County, Nebraska",12.52,31.08
37197,Yadkin County,NC,North Carolina,37214,94,24015,64.51999664,"Yadkin County, North Carolina",10.18,29.54
42031,Clarion County,PA,Pennsylvania,37241,109,17641,47.39999771,"Clarion County, Pennsylvania",13.64,40.53
50003,Bennington County,VT,Vermont,37347,52,14385,38.5,"Bennington County, Vermont",21.98,24.5
26061,Houghton County,MI,Michigan,37361,62,13498,36.11000061,"Houghton County, Michigan",18.9,27.43
50001,Addison County,VT,Vermont,37363,53,11912,31.88999939,"Addison County, Vermont",25.01,27.14
05009,Boone County,AR,Arkansas,37373,101,24564,65.72999573,"Boone County, Arkansas",11.32,27.2
36031,Essex County,NY,New York,37381,61,13920,37.25,"Essex County, New York",16.56,25.73
27147,Steele County,MN,Minnesota,37406,46,22910,61.25,"Steele County, Minnesota",18.61,28.64
42035,Clinton County,PA,Pennsylvania,37450,84,12613,33.68999863,"Clinton County, Pennsylvania",12.37,43.31
22069,Natchitoches Parish,LA,Louisiana,37515,115,19434,51.81999969,"Natchitoches Parish, Louisiana",11.98,33.18
24041,Talbot County,MD,Maryland,37526,68,18632,49.65000153,"Talbot County, Maryland",21.25,20.49
01039,Covington County,AL,Alabama,37570,118,21733,57.85000229,"Covington County, Alabama",9.31,31.61
51109,Louisa County,VA,Virginia,37596,62,11546,30.69999886,"Louisa County, Virginia",15.33,27.87
45071,Newberry County,SC,South Carolina,37719,117,19306,51.19000244,"Newberry County, South Carolina",13.64,31.42
17121,Marion County,IL,Illinois,37729,106,19354,51.28999329,"Marion County, Illinois",10.43,28.35
17055,Franklin County,IL,Illinois,37804,109,17993,47.59000397,"Franklin County, Illinois",11.91,26.31
19099,Jasper County,IA,Iowa,37813,63,12522,33.13000107,"Jasper County, Iowa",13.52,35.95
55085,Oneida County,WI,Wisconsin,37845,53,14561,38.47999954,"Oneida County, Wisconsin",16.64,27.69
18017,Cass County,IN,Indiana,37870,75,13951,36.84000397,"Cass County, Indiana",8.9,34.84
18107,Montgomery County,IN,Indiana,37936,63,12732,33.57000351,"Montgomery County, Indiana",13.38,35.07
05063,Independence County,AR,Arkansas,37938,119,27735,73.09999847,"Independence County, Arkansas",12.58,28.53
29109,Lawrence County,MO,Missouri,38001,103,20026,52.70999527,"Lawrence County, Missouri",11.46,34.27
29201,Scott County,MO,Missouri,38059,89,20649,54.27000427,"Scott County, Missouri",12.16,33.89
40123,Pontotoc County,OK,Oklahoma,38065,102,25999,68.29999542,"Pontotoc County, Oklahoma",18.03,26.68
48049,Brown County,TX,Texas,38095,85,23777,62.41999435,"Brown County, Texas",14.96,27.68
39039,Defiance County,OH,Ohio,38286,79,31468,82.18999481,"Defiance County, Ohio",11.82,37.59
46013,Brown County,SD,South Dakota,38301,82,28800,75.20000458,"Brown County, South Dakota",21.76,26.26
42115,Susquehanna County,PA,Pennsylvania,38434,75,12423,32.32000351,"Susquehanna County, Pennsylvania",12.47,41.49
39059,Guernsey County,OH,Ohio,38438,96,13748,35.77000046,"Guernsey County, Ohio",9.6,37.25
01047,Dallas County,AL,Alabama,38462,128,21197,55.11000061,"Dallas County, Alabama",10.28,32.14
17203,Woodford County,IL,Illinois,38467,63,13837,35.97000122,"Woodford County, Illinois",21.6,27.38
20055,Finney County,KS,Kansas,38470,48,23940,62.22999954,"Finney County, Kansas",11.42,19.16
04009,Graham County,AZ,Arizona,38533,69,17601,45.68000031,"Graham County, Arizona",10.06,22.58
42123,Warren County,PA,Pennsylvania,38587,78,14558,37.73000336,"Warren County, Pennsylvania",12.82,41.28
45029,Colleton County,SC,South Carolina,38604,132,20038,51.90000153,"Colleton County, South Carolina",10.7,39.4
51093,Isle of Wight County,VA,Virginia,38606,66,18239,47.25,"Isle of Wight County, Virginia",16.69,24.73
51073,Gloucester County,VA,Virginia,38711,47,13413,34.65999985,"Gloucester County, Virginia",15.71,26.35
39021,Champaign County,OH,Ohio,38714,74,11312,29.22000122,"Champaign County, Ohio",10.33,40.12
48249,Jim Wells County,TX,Texas,38891,49,29025,74.63999939,"Jim Wells County, Texas",12.57,29.54
19057,Des Moines County,IA,Iowa,38910,62,13969,35.90999985,"Des Moines County, Iowa",13.25,27.96
55083,Oconto County,WI,Wisconsin,38965,51,17383,44.61999893,"Oconto County, Wisconsin",12.83,38.16
20037,Crawford County,KS,Kansas,38972,74,16462,42.22999954,"Crawford County, Kansas",19.1,27.05
54099,Wayne County,WV,West Virginia,38982,84,10858,27.85000038,"Wayne County, West Virginia",10.19,32.93
27041,Douglas County,MN,Minnesota,39006,62,22957,58.84999466,"Douglas County, Minnesota",19.12,27.8
40097,Mayes County,OK,Oklahoma,39046,113,23186,59.3900032,"Mayes County, Oklahoma",10.84,33.02
05139,Union County,AR,Arkansas,39054,162,32122,82.25000763,"Union County, Arkansas",14.43,28.3
29225,Webster County,MO,Missouri,39085,96,18155,46.45999908,"Webster County, Missouri",11.31,32.63
37145,Person County,NC,North Carolina,39097,74,18371,46.99000168,"Person County, North Carolina",11.03,30.14
56013,Fremont County,WY,Wyoming,39234,85,14669,37.36000061,"Fremont County, Wyoming",15.15,24.35
47013,Campbell County,TN,Tennessee,39272,78,15787,40.18999863,"Campbell County, Tennessee",8.06,31.39
40135,Sequoyah County,OK,Oklahoma,39281,88,17491,44.52999878,"Sequoyah County, Oklahoma",9.68,32.36
16057,Latah County,ID,Idaho,39517,50,11813,29.86999893,"Latah County, Idaho",25.65,16.66
23027,Waldo County,ME,Maine,39607,47,5895,14.86999893,"Waldo County, Maine",20.4,26.87
12051,Hendry County,FL,Florida,39619,59,16277,41.07999802,"Hendry County, Florida",5.54,26.93
12093,Okeechobee County,FL,Florida,39644,47,15002,37.84000397,"Okeechobee County, Florida",10.3,31.19
18061,Harrison County,IN,Indiana,39654,79,12214,30.80999947,"Harrison County, Indiana",11.49,34.96
22009,Avoyelles Parish,LA,Louisiana,39693,72,23563,59.35000229,"Avoyelles Parish, Louisiana",8.42,29.87
26107,Mecosta County,MI,Michigan,39714,56,11639,29.32999992,"Mecosta County, Michigan",13.93,32.23
42109,Snyder County,PA,Pennsylvania,39736,98,18112,45.56000137,"Snyder County, Pennsylvania",13.2,39.91
29091,Howell County,MO,Missouri,39750,94,16592,41.72999954,"Howell County, Missouri",10.14,32.27
13213,Murray County,GA,Georgia,39973,44,14436,36.12000275,"Murray County, Georgia",7.39,25.77
27099,Mower County,MN,Minnesota,40029,60,22540,56.27000046,"Mower County, Minnesota",15.36,27.56
19127,Marshall County,IA,Iowa,40105,59,21351,53.20000076,"Marshall County, Iowa",14.48,29.26
28113,Pike County,MS,Mississippi,40324,100,27581,68.38000488,"Pike County, Mississippi",9.44,29.73
36073,Orleans County,NY,New York,40343,61,17307,42.87999725,"Orleans County, New York",10.62,32.83
35039,Rio Arriba County,NM,New Mexico,40363,90,31976,79.19999695,"Rio Arriba County, New Mexico",10.58,28.82
39123,Ottawa County,OH,Ohio,40364,54,21329,52.82999802,"Ottawa County, Ohio",16.2,31.23
40041,Delaware County,OK,Oklahoma,40397,93,17030,42.14999771,"Delaware County, Oklahoma",12.3,30.87
51185,Tazewell County,VA,Virginia,40429,124,12726,31.47999954,"Tazewell County, Virginia",9.78,30.54
42083,McKean County,PA,Pennsylvania,40432,84,14850,36.71999741,"McKean County, Pennsylvania",12.16,38.84
18087,LaGrange County,IN,Indiana,40446,191,24594,60.80000305,"LaGrange County, Indiana",7.59,24.91
06005,Amador County,CA,California,40474,38,11078,27.3900013,"Amador County, California",12.33,24.55
54019,Fayette County,WV,West Virginia,40488,121,14440,35.65000153,"Fayette County, West Virginia",10.3,35.48
36121,Wyoming County,NY,New York,40531,67,12538,30.93000031,"Wyoming County, New York",11.12,32.04
37139,Pasquotank County,NC,North Carolina,40568,79,19444,47.93000412,"Pasquotank County, North Carolina",14.5,24.2
23013,Knox County,ME,Maine,40607,66,12429,30.61000061,"Knox County, Maine",21.73,25.59
26151,Sanilac County,MI,Michigan,40611,87,12144,29.88000107,"Sanilac County, Michigan",9.33,37.45
05093,Mississippi County,AR,Arkansas,40685,157,29858,73.41000366,"Mississippi County, Arkansas",10.03,30.38
51187,Warren County,VA,Virginia,40727,48,15748,38.67000198,"Warren County, Virginia",13.71,31.25
55115,Shawano County,WI,Wisconsin,40881,84,22507,55.06999969,"Shawano County, Wisconsin",11.12,40.36
48459,Upshur County,TX,Texas,40892,113,18197,44.5,"Upshur County, Texas",12.63,27.56
38105,Williams County,ND,North Dakota,40950,55,15601,38.11000061,"Williams County, North Dakota",20.17,23.41
47177,Warren County,TN,Tennessee,40953,134,20756,50.68000031,"Warren County, Tennessee",8.9,36.16
39135,Preble County,OH,Ohio,40999,73,9175,22.39999962,"Preble County, Ohio",11.55,38.93
42117,Tioga County,PA,Pennsylvania,41045,112,12745,31.05999756,"Tioga County, Pennsylvania",12.12,39.59
41007,Clatsop County,OR,Oregon,41072,48,12622,30.73999786,"Clatsop County, Oregon",15.45,23.04
47021,Cheatham County,TN,Tennessee,41072,69,11946,29.07999992,"Cheatham County, Tennessee",13.7,31.9
27059,Isanti County,MN,Minnesota,41135,41,8262,20.09000015,"Isanti County, Minnesota",12.82,30.84
01123,Tallapoosa County,AL,Alabama,41311,139,30202,73.12000275,"Tallapoosa County, Alabama",11.87,26.01
13277,Tift County,GA,Georgia,41344,75,23117,55.90000153,"Tift County, Georgia",7.96,29.29
27009,Benton County,MN,Minnesota,41379,39,21648,52.32000351,"Benton County, Minnesota",16.94,26.2
48481,Wharton County,TX,Texas,41570,82,30481,73.30999756,"Wharton County, Texas",12.75,24.05
05005,Baxter County,AR,Arkansas,41627,90,20363,48.90999985,"Baxter County, Arkansas",11.77,28.56
40087,McClain County,OK,Oklahoma,41662,76,18131,43.52000046,"McClain County, Oklahoma",16.88,27.12
48097,Cooke County,TX,Texas,41668,82,28654,68.75,"Cooke County, Texas",14.73,25.2
26057,Gratiot County,MI,Michigan,41761,64,10053,24.08000183,"Gratiot County, Michigan",11.37,32.34
13219,Oconee County,GA,Georgia,41799,39,13147,31.4600029,"Oconee County, Georgia",24.0,16.65
55075,Marinette County,WI,Wisconsin,41872,63,23091,55.13999939,"Marinette County, Wisconsin",10.92,36.43
47047,Fayette County,TN,Tennessee,41990,113,23953,57.06999588,"Fayette County, Tennessee",14.63,28.09
39027,Clinton County,OH,Ohio,42018,67,12259,29.1400013,"Clinton County, Ohio",12.56,33.41
39033,Crawford County,OH,Ohio,42025,86,24477,58.25999832,"Crawford County, Ohio",9.96,40.42
16069,Nez Perce County,ID,Idaho,42090,53,18954,45.02999878,"Nez Perce County, Idaho",17.04,25.12
53047,Okanogan County,WA,Washington,42104,87,14726,35.0,"Okanogan County, Washington",12.97,24.56
29023,Butler County,MO,Missouri,42130,89,16739,39.75,"Butler County, Missouri",7.99,31.72
55093,Pierce County,WI,Wisconsin,42212,52,19278,45.68000031,"Pierce County, Wisconsin",19.72,27.69
56037,Sweetwater County,WY,Wyoming,42272,54,19062,45.07999802,"Sweetwater County, Wyoming",13.73,24.22
49043,Summit County,UT,Utah,42357,49,21184,50.01000214,"Summit County, Utah",35.24,14.41
54069,Ohio County,WV,West Virginia,42425,71,22582,53.22000122,"Ohio County, West Virginia",19.18,30.46
22095,St. John the Baptist Parish,LA,Louisiana,42477,37,25353,59.67000198,"St. John the Baptist Parish, Louisiana",11.29,30.79
39107,Mercer County,OH,Ohio,42528,76,32987,77.56000519,"Mercer County, Ohio",12.57,40.68
48143,Erath County,TX,Texas,42545,81,20253,47.63000107,"Erath County, Texas",22.23,20.29
37181,Vance County,NC,North Carolina,42578,105,22797,53.51999664,"Vance County, North Carolina",11.6,29.67
51590,Danville city,VA,Virginia,42590,94,30988,72.75999451,"Danville city, Virginia",11.15,28.03
05091,Miller County,AR,Arkansas,42600,107,26699,62.67000198,"Miller County, Arkansas",11.22,27.95
08085,Montrose County,CO,Colorado,42679,68,13877,32.5,"Montrose County, Colorado",16.53,26.62
42119,Union County,PA,Pennsylvania,42681,73,14563,34.13999939,"Union County, Pennsylvania",12.85,31.76
37059,Davie County,NC,North Carolina,42712,86,20767,48.61000061,"Davie County, North Carolina",16.11,27.57
39051,Fulton County,OH,Ohio,42713,74,22839,53.47999573,"Fulton County, Ohio",11.31,39.54
29029,Camden County,MO,Missouri,42745,67,17315,40.50000381,"Camden County, Missouri",15.25,33.06
51683,Manassas city,VA,Virginia,42772,36,36887,86.23999786,"Manassas city, Virginia",19.61,22.48
47051,Franklin County,TN,Tennessee,42774,129,21241,49.67999649,"Franklin County, Tennessee",12.37,32.89
40137,Stephens County,OK,Oklahoma,42848,100,26979,62.95999908,"Stephens County, Oklahoma",12.19,37.09
13233,Polk County,GA,Georgia,42853,78,27227,63.53000641,"Polk County, Georgia",7.9,31.09
12075,Levy County,FL,Florida,42915,79,18576,43.27999878,"Levy County, Florida",9.65,34.54
53017,Douglas County,WA,Washington,42938,43,12157,28.31000137,"Douglas County, Washington",13.76,24.2
37153,Richmond County,NC,North Carolina,42946,146,29482,68.63999939,"Richmond County, North Carolina",11.51,25.46
29159,Pettis County,MO,Missouri,42980,93,22605,52.58000183,"Pettis County, Missouri",11.33,29.45
51149,Prince George County,VA,Virginia,43010,35,10361,24.10000038,"Prince George County, Virginia",16.67,22.54
33019,Sullivan County,NH,New Hampshire,43063,52,10018,23.28000069,"Sullivan County, New Hampshire",18.78,30.62
13069,Coffee County,GA,Georgia,43092,92,19461,45.13999939,"Coffee County, Georgia",7.6,30.38
37099,Jackson County,NC,North Carolina,43109,96,17791,41.28000259,"Jackson County, North Carolina",15.71,23.19
19033,Cerro Gordo County,IA,Iowa,43127,68,24882,57.66999817,"Cerro Gordo County, Iowa",15.65,29.34
19139,Muscatine County,IA,Iowa,43235,64,13868,32.06999969,"Muscatine County, Iowa",14.89,28.71
18033,DeKalb County,IN,Indiana,43265,74,15211,35.15000153,"DeKalb County, Indiana",13.23,36.49
45025,Chesterfield County,SC,South Carolina,43273,149,21879,50.58000565,"Chesterfield County, South Carolina",8.21,33.3
39071,Highland County,OH,Ohio,43317,96,13932,32.15999985,"Highland County, Ohio",7.72,37.61
12121,Suwannee County,FL,Florida,43474,110,21928,50.44000244,"Suwannee County, Florida",8.88,32.75
18037,Dubois County,IN,Indiana,43637,56,28720,65.83000183,"Dubois County, Indiana",18.74,33.81
39015,Brown County,OH,Ohio,43676,60,12718,29.12000084,"Brown County, Ohio",9.09,38.78
40071,Kay County,OK,Oklahoma,43700,99,30936,70.76999664,"Kay County, Oklahoma",14.01,26.11
27067,Kandiyohi County,MN,Minnesota,43732,71,29513,67.48000336,"Kandiyohi County, Minnesota",17.04,23.78
22087,St. Bernard Parish,LA,Louisiana,43764,30,19414,44.37000275,"St. Bernard Parish, Louisiana",9.93,25.43
40121,Pittsburg County,OK,Oklahoma,43773,135,32512,74.27000427,"Pittsburg County, Oklahoma",12.09,30.0
13009,Baldwin County,GA,Georgia,43799,63,15310,34.94000244,"Baldwin County, Georgia",14.96,26.77
39097,Madison County,OH,Ohio,43824,64,11648,26.56999969,"Madison County, Ohio",12.32,33.61
12039,Gadsden County,FL,Florida,43826,139,25500,58.17999268,"Gadsden County, Florida",11.89,29.89
06093,Siskiyou County,CA,California,44076,83,20873,47.37000275,"Siskiyou County, California",14.45,22.97
42061,Huntingdon County,PA,Pennsylvania,44092,135,16545,37.54000092,"Huntingdon County, Pennsylvania",11.93,41.54
47099,Lawrence County,TN,Tennessee,44159,136,26932,60.97000122,"Lawrence County, Tennessee",8.04,34.43
30081,Ravalli County,MT,Montana,44174,65,12526,28.36000061,"Ravalli County, Montana",18.0,25.09
51171,Shenandoah County,VA,Virginia,44186,121,17944,40.61999893,"Shenandoah County, Virginia",12.75,34.47
39075,Holmes County,OH,Ohio,44223,262,33900,76.65999603,"Holmes County, Ohio",7.03,26.73
48259,Kendall County,TX,Texas,44279,43,34168,77.16999817,"Kendall County, Texas",28.7,16.09
29027,Callaway County,MO,Missouri,44283,72,13311,30.06000137,"Callaway County, Missouri",15.64,27.19
55031,Douglas County,WI,Wisconsin,44295,47,13518,30.52999878,"Douglas County, Wisconsin",17.21,25.29
36025,Delaware County,NY,New York,44308,101,13158,29.69999886,"Delaware County, New York",11.85,32.53
53037,Kittitas County,WA,Washington,44337,44,11320,25.53000069,"Kittitas County, Washington",22.84,19.97
21009,Barren County,KY,Kentucky,44485,89,19122,42.97999954,"Barren County, Kentucky",10.58,33.41
42065,Jefferson County,PA,Pennsylvania,44492,150,21239,47.76999664,"Jefferson County, Pennsylvania",10.8,46.89
37169,Stokes County,NC,North Carolina,44520,83,25936,58.25999832,"Stokes County, North Carolina",9.18,32.9
37111,McDowell County,NC,North Carolina,44578,114,20194,45.29999924,"McDowell County, North Carolina",12.99,25.29
17177,Stephenson County,IL,Illinois,44630,84,26841,60.13000107,"Stephenson County, Illinois",13.76,28.23
29161,Phelps County,MO,Missouri,44638,81,17492,39.16999817,"Phelps County, Missouri",16.49,24.55
37013,Beaufort County,NC,North Carolina,44652,156,24131,54.02999878,"Beaufort County, North Carolina",12.52,26.64
28149,Warren County,MS,Mississippi,44722,105,30219,67.56999969,"Warren County, Mississippi",15.06,23.04
13029,Bryan County,GA,Georgia,44738,39,13956,31.18999863,"Bryan County, Georgia",20.94,22.09
21101,Henderson County,KY,Kentucky,44793,73,25861,57.74000168,"Henderson County, Kentucky",10.43,29.61
48499,Wood County,TX,Texas,44843,141,30885,68.87999725,"Wood County, Texas",12.18,26.23
26023,Branch County,MI,Michigan,44862,70,15232,33.95999908,"Branch County, Michigan",10.57,34.56
28151,Washington County,MS,Mississippi,44922,132,33972,75.6499939,"Washington County, Mississippi",12.38,26.22
17117,Macoupin County,IL,Illinois,44967,98,18684,41.54000092,"Macoupin County, Illinois",12.62,34.48
55095,Polk County,WI,Wisconsin,44977,84,16713,37.15999985,"Polk County, Wisconsin",15.73,32.75
18093,Lawrence County,IN,Indiana,45011,88,17935,39.84000015,"Lawrence County, Indiana",11.3,32.35
01021,Chilton County,AL,Alabama,45014,133,33161,73.65999603,"Chilton County, Alabama",8.19,36.1
27061,Itasca County,MN,Minnesota,45014,89,17759,39.45000076,"Itasca County, Minnesota",16.12,26.86
18145,Shelby County,IN,Indiana,45055,70,19005,42.18999863,"Shelby County, Indiana",13.11,36.26
06009,Calaveras County,CA,California,45292,57,7831,17.27000046,"Calaveras County, California",13.5,25.86
21107,Hopkins County,KY,Kentucky,45423,122,28291,62.27999878,"Hopkins County, Kentucky",8.79,31.11
55033,Dunn County,WI,Wisconsin,45440,69,21694,47.70999908,"Dunn County, Wisconsin",19.38,29.15
22117,Washington Parish,LA,Louisiana,45463,115,24423,53.71999741,"Washington Parish, Louisiana",8.13,32.45
05055,Greene County,AR,Arkansas,45736,106,21376,46.71999741,"Greene County, Arkansas",11.67,33.69
26059,Hillsdale County,MI,Michigan,45746,76,11128,24.34000015,"Hillsdale County, Michigan",11.22,34.71
13275,Thomas County,GA,Georgia,45798,113,28645,62.54000092,"Thomas County, Georgia",14.11,25.77
40113,Osage County,OK,Oklahoma,45818,103,20455,44.63000107,"Osage County, Oklahoma",13.87,30.65
42099,Perry County,PA,Pennsylvania,45842,101,14314,31.22999954,"Perry County, Pennsylvania",12.77,39.64
48055,Caldwell County,TX,Texas,45883,70,20872,45.49000168,"Caldwell County, Texas",10.64,31.41
13071,Colquitt County,GA,Georgia,45898,101,24336,53.02000046,"Colquitt County, Georgia",7.49,30.61
50025,Windham County,VT,Vermont,45905,61,12431,27.07999802,"Windham County, Vermont",22.57,25.54
13137,Habersham County,GA,Georgia,46031,79,24008,52.16999817,"Habersham County, Georgia",11.43,24.34
28045,Hancock County,MS,Mississippi,46053,55,13319,28.90999985,"Hancock County, Mississippi",15.71,23.06
40013,Bryan County,OK,Oklahoma,46067,89,33294,72.30000305,"Bryan County, Oklahoma",14.77,29.31
18099,Marshall County,IN,Indiana,46095,91,17678,38.3900032,"Marshall County, Indiana",12.48,33.19
42087,Mifflin County,PA,Pennsylvania,46143,135,22008,47.70000076,"Mifflin County, Pennsylvania",8.5,43.22
39091,Logan County,OH,Ohio,46150,86,17859,38.70999908,"Logan County, Ohio",11.4,40.8
27007,Beltrami County,MN,Minnesota,46228,69,16133,34.87000275,"Beltrami County, Minnesota",18.49,23.56
47123,Monroe County,TN,Tennessee,46250,118,27680,59.84999847,"Monroe County, Tennessee",10.29,30.28
55081,Monroe County,WI,Wisconsin,46274,84,19617,42.39999771,"Monroe County, Wisconsin",14.82,31.77
39011,Auglaize County,OH,Ohio,46422,61,24232,52.17000198,"Auglaize County, Ohio",11.44,39.1
18071,Jackson County,IN,Indiana,46428,82,25372,54.63000488,"Jackson County, Indiana",12.03,32.99
53065,Stevens County,WA,Washington,46445,73,15238,32.81000137,"Stevens County, Washington",12.44,27.78
36003,Allegany County,NY,New York,46456,96,15352,33.04000092,"Allegany County, New York",11.8,29.69
19045,Clinton County,IA,Iowa,46460,71,22474,48.37999725,"Clinton County, Iowa",13.88,32.94
51540,Charlottesville city,VA,Virginia,46553,69,37532,80.61000061,"Charlottesville city, Virginia",27.13,13.18
48071,Chambers County,TX,Texas,46571,48,16610,35.67000198,"Chambers County, Texas",14.89,22.35
55005,Barron County,WI,Wisconsin,46711,90,23679,50.7100029,"Barron County, Wisconsin",13.94,31.17
21179,Nelson County,KY,Kentucky,46738,64,20882,44.65999985,"Nelson County, Kentucky",11.67,29.43
36023,Cortland County,NY,New York,46809,50,15294,32.68999863,"Cortland County, New York",14.73,25.35
17029,Coles County,IL,Illinois,46863,80,22969,49.02000046,"Coles County, Illinois",15.25,25.63
56005,Campbell County,WY,Wyoming,47026,51,18098,38.47999954,"Campbell County, Wyoming",13.22,30.72
40021,Cherokee County,OK,Oklahoma,47078,75,18001,38.22000122,"Cherokee County, Oklahoma",17.33,25.41
16017,Bonner County,ID,Idaho,47110,55,12027,25.53999901,"Bonner County, Idaho",17.6,24.23
36017,Chenango County,NY,New York,47220,77,16983,35.96999741,"Chenango County, New York",10.47,33.87
12063,Jackson County,FL,Florida,47319,143,24945,52.71999741,"Jackson County, Florida",7.47,28.94
18113,Noble County,IN,Indiana,47457,85,13529,28.5,"Noble County, Indiana",10.92,32.83
36033,Franklin County,NY,New York,47555,65,24103,50.68000031,"Franklin County, New York",10.6,27.41
42009,Bedford County,PA,Pennsylvania,47577,150,18970,39.8900032,"Bedford County, Pennsylvania",9.41,44.92
27049,Goodhue County,MN,Minnesota,47582,87,30931,65.01999664,"Goodhue County, Minnesota",17.24,28.58
48465,Val Verde County,TX,Texas,47586,56,19774,41.56999969,"Val Verde County, Texas",12.43,19.4
04023,Santa Cruz County,AZ,Arizona,47669,46,42058,88.23000336,"Santa Cruz County, Arizona",13.11,22.22
36039,Greene County,NY,New York,47931,77,16762,34.97000122,"Greene County, New York",12.43,31.95
53075,Whitman County,WA,Washington,47973,76,14802,30.85000038,"Whitman County, Washington",24.89,12.69
16011,Bingham County,ID,Idaho,47992,98,25977,54.11999512,"Bingham County, Idaho",14.21,27.18
40019,Carter County,OK,Oklahoma,48003,124,38347,79.88000488,"Carter County, Oklahoma",12.0,30.58
21211,Shelby County,KY,Kentucky,48065,71,23775,49.47000504,"Shelby County, Kentucky",16.83,23.33
40079,Le Flore County,OK,Oklahoma,48129,158,29873,62.05000305,"Le Flore County, Oklahoma",10.95,33.39
05035,Crittenden County,AR,Arkansas,48163,96,31727,65.87999725,"Crittenden County, Arkansas",11.7,29.21
39149,Shelby County,OH,Ohio,48230,57,30797,63.82999802,"Shelby County, Ohio",12.28,36.96
21019,Boyd County,KY,Kentucky,48261,101,25243,52.31999588,"Boyd County, Kentucky",10.99,26.83
22061,Lincoln Parish,LA,Louisiana,48396,85,26407,54.56999588,"Lincoln Parish, Louisiana",20.9,23.67
35009,Curry County,NM,New Mexico,48430,66,26251,54.20999908,"Curry County, New Mexico",13.54,21.16
36107,Tioga County,NY,New York,48455,74,16694,34.48000336,"Tioga County, New York",15.77,28.91
37083,Halifax County,NC,North Carolina,48622,118,21731,44.72000122,"Halifax County, North Carolina",9.9,31.09
37061,Duplin County,NC,North Carolina,48715,149,20076,41.22999573,"Duplin County, North Carolina",10.2,27.44
22115,Vernon Parish,LA,Louisiana,48750,110,27201,55.81000137,"Vernon Parish, Louisiana",13.0,33.22
37065,Edgecombe County,NC,North Carolina,48900,103,19317,39.49999619,"Edgecombe County, North Carolina",11.61,30.15
18065,Henry County,IN,Indiana,48914,90,14318,29.27000046,"Henry County, Indiana",10.75,35.17
08043,Fremont County,CO,Colorado,48939,56,13031,26.62000084,"Fremont County, Colorado",11.66,22.14
48013,Atascosa County,TX,Texas,48981,75,30327,61.91999817,"Atascosa County, Texas",11.37,34.48
48053,Burnet County,TX,Texas,49130,80,26389,53.72000122,"Burnet County, Texas",17.27,26.07
17073,Henry County,IL,Illinois,49284,80,21472,43.54999924,"Henry County, Illinois",16.47,30.0
01045,Dale County,AL,Alabama,49326,112,24837,50.36999893,"Dale County, Alabama",12.55,24.09
22101,St. Mary Parish,LA,Louisiana,49406,91,30326,61.38000488,"St. Mary Parish, Louisiana",6.65,43.86
32005,Douglas County,NV,Nevada,49488,31,20191,40.81000137,"Douglas County, Nevada",20.14,20.14
36057,Montgomery County,NY,New York,49532,76,23799,48.04000092,"Montgomery County, New York",10.64,30.07
40083,Logan County,OK,Oklahoma,49555,73,16276,32.84000015,"Logan County, Oklahoma",20.09,24.57
13175,Laurens County,GA,Georgia,49570,139,29482,59.4600029,"Laurens County, Georgia",8.84,34.87
27169,Winona County,MN,Minnesota,49671,78,27838,56.02000046,"Winona County, Minnesota",20.55,23.42
48493,Wilson County,TX,Texas,49753,41,20163,40.53000259,"Wilson County, Texas",15.99,27.99
24035,Queen Anne's County,MD,Maryland,49874,63,20403,40.90000153,"Queen Anne's County, Maryland",21.55,25.97
50011,Franklin County,VT,Vermont,49946,47,18323,36.69000244,"Franklin County, Vermont",17.09,33.02
17095,Knox County,IL,Illinois,49967,76,12302,24.61000061,"Knox County, Illinois",12.37,27.94
26123,Newaygo County,MI,Michigan,49978,80,17754,35.52000046,"Newaygo County, Michigan",11.83,35.93
31019,Buffalo County,NE,Nebraska,50084,65,26047,52.0,"Buffalo County, Nebraska",22.19,21.68
48277,Lamar County,TX,Texas,50088,131,26233,52.38999939,"Lamar County, Texas",12.8,27.36
33003,Carroll County,NH,New Hampshire,50107,48,9342,18.64999962,"Carroll County, New Hampshire",21.73,23.31
48373,Polk County,TX,Texas,50123,98,17092,34.07999802,"Polk County, Texas",10.45,26.81
47003,Bedford County,TN,Tennessee,50237,112,20737,41.30000305,"Bedford County, Tennessee",12.13,33.85
41041,Lincoln County,OR,Oregon,50395,74,11103,22.06000137,"Lincoln County, Oregon",17.22,19.29
48073,Cherokee County,TX,Texas,50412,162,30131,59.77000427,"Cherokee County, Texas",11.53,24.0
47053,Gibson County,TN,Tennessee,50429,191,32894,65.22000122,"Gibson County, Tennessee",11.59,31.77
42121,Venango County,PA,Pennsylvania,50454,119,22486,44.58000565,"Venango County, Pennsylvania",13.06,42.49
23025,Somerset County,ME,Maine,50477,68,8356,16.56999969,"Somerset County, Maine",13.42,33.68
37047,Columbus County,NC,North Carolina,50623,174,28559,56.43000031,"Columbus County, North Carolina",8.69,31.95
18029,Dearborn County,IN,Indiana,50679,62,16477,32.52999878,"Dearborn County, Indiana",16.86,33.34
48325,Medina County,TX,Texas,50748,61,34770,68.52999878,"Medina County, Texas",12.58,25.41
44001,Bristol County,RI,Rhode Island,50793,28,25016,49.25,"Bristol County, Rhode Island",26.03,17.88
51089,Henry County,VA,Virginia,50948,127,27483,53.92999649,"Henry County, Virginia",9.53,25.3
42127,Wayne County,PA,Pennsylvania,51155,66,18262,35.70000076,"Wayne County, Pennsylvania",12.45,36.28
21073,Franklin County,KY,Kentucky,51541,86,23248,45.12999725,"Franklin County, Kentucky",18.26,23.13
26027,Cass County,MI,Michigan,51589,63,12243,23.72000122,"Cass County, Michigan",13.71,27.1
32023,Nye County,NV,Nevada,51591,49,11121,21.54999924,"Nye County, Nevada",7.53,30.02
22099,St. Martin Parish,LA,Louisiana,51767,37,29576,57.13000107,"St. Martin Parish, Louisiana",11.53,38.11
17141,Ogle County,IL,Illinois,51788,74,24543,47.38000107,"Ogle County, Illinois",14.18,29.03
28105,Oktibbeha County,MS,Mississippi,51788,91,25085,48.43000031,"Oktibbeha County, Mississippi",20.88,16.63
55135,Waupaca County,WI,Wisconsin,51812,88,27809,53.68000031,"Waupaca County, Wisconsin",15.1,36.8
51660,Harrisonburg city,VA,Virginia,51814,74,29134,56.22999954,"Harrisonburg city, Virginia",20.04,21.53
39037,Darke County,OH,Ohio,51881,89,23770,45.81000137,"Darke County, Ohio",9.89,42.64
55043,Grant County,WI,Wisconsin,51938,94,28334,54.54999924,"Grant County, Wisconsin",14.48,31.2
37093,Hoke County,NC,North Carolina,52082,64,15216,29.21000099,"Hoke County, North Carolina",12.57,25.61
48401,Rusk County,TX,Texas,52214,132,22589,43.27000046,"Rusk County, Texas",10.38,24.94
19181,Warren County,IA,Iowa,52403,67,17106,32.63999939,"Warren County, Iowa",21.87,26.96
55015,Calumet County,WI,Wisconsin,52442,33,24516,46.75,"Calumet County, Wisconsin",22.4,29.81
39005,Ashland County,OH,Ohio,52447,135,23342,44.50000381,"Ashland County, Ohio",14.39,37.47
40147,Washington County,OK,Oklahoma,52455,100,43751,83.38999939,"Washington County, Oklahoma",18.96,29.04
24047,Worcester County,MD,Maryland,52460,112,33534,63.94000244,"Worcester County, Maryland",18.68,27.83
17063,Grundy County,IL,Illinois,52533,43,18989,36.13999939,"Grundy County, Illinois",16.67,27.82
22089,St. Charles Parish,LA,Louisiana,52549,44,30093,57.25999832,"St. Charles Parish, Louisiana",21.34,26.91
51047,Culpeper County,VA,Virginia,52552,71,24646,46.90999985,"Culpeper County, Virginia",15.89,25.22
01071,Jackson County,AL,Alabama,52579,156,28326,53.86000061,"Jackson County, Alabama",10.62,30.92
41009,Columbia County,OR,Oregon,52589,60,12562,23.88999939,"Columbia County, Oregon",12.04,26.44
48265,Kerr County,TX,Texas,52598,82,33072,62.86000061,"Kerr County, Texas",18.17,23.68
48349,Navarro County,TX,Texas,52624,112,23703,45.05000305,"Navarro County, Texas",10.99,24.02
16065,Madison County,ID,Idaho,52913,79,28343,53.56999969,"Madison County, Idaho",27.73,12.16
17077,Jackson County,IL,Illinois,52974,116,24385,46.03000259,"Jackson County, Illinois",16.27,19.04
21113,Jessamine County,KY,Kentucky,52991,56,29415,55.50999832,"Jessamine County, Kentucky",17.49,24.43
04007,Gila County,AZ,Arizona,53272,88,17611,33.06000137,"Gila County, Arizona",12.04,23.74
47107,McMinn County,TN,Tennessee,53276,153,36546,68.59999847,"McMinn County, Tennessee",11.05,28.31
26157,Tuscola County,MI,Michigan,53323,91,20097,37.70000076,"Tuscola County, Michigan",9.18,38.71
36035,Fulton County,NY,New York,53324,46,12429,23.3200016,"Fulton County, New York",9.81,29.56
47145,Roane County,TN,Tennessee,53404,132,32412,60.69000244,"Roane County, Tennessee",11.41,29.71
17007,Boone County,IL,Illinois,53448,34,25050,46.87999725,"Boone County, Illinois",14.6,26.85
01031,Coffee County,AL,Alabama,53465,126,37072,69.36000061,"Coffee County, Alabama",13.89,22.68
32007,Elko County,NV,Nevada,53702,55,25057,46.66999817,"Elko County, Nevada",11.15,27.29
51191,Washington County,VA,Virginia,53935,124,29479,54.65999985,"Washington County, Virginia",15.03,26.07
29169,Pulaski County,MO,Missouri,53955,82,19128,35.43999481,"Pulaski County, Missouri",16.87,23.94
29101,Johnson County,MO,Missouri,54013,84,15804,29.26000023,"Johnson County, Missouri",17.16,26.35
37189,Watauga County,NC,North Carolina,54086,94,23195,42.90999985,"Watauga County, North Carolina",23.34,17.36
20169,Saline County,KS,Kansas,54303,83,23591,43.44000244,"Saline County, Kansas",17.96,25.34
47043,Dickson County,TN,Tennessee,54315,131,25474,46.91999817,"Dickson County, Tennessee",10.84,33.86
51067,Franklin County,VA,Virginia,54477,114,26576,48.78000259,"Franklin County, Virginia",13.92,27.98
47089,Jefferson County,TN,Tennessee,54683,117,30968,56.63999939,"Jefferson County, Tennessee",10.97,30.83
13039,Camden County,GA,Georgia,54768,69,18815,34.34999847,"Camden County, Georgia",14.34,26.76
40051,Grady County,OK,Oklahoma,54795,101,25480,46.49000168,"Grady County, Oklahoma",16.06,34.29
47105,Loudon County,TN,Tennessee,54886,105,30179,54.97999954,"Loudon County, Tennessee",17.9,25.46
39147,Seneca County,OH,Ohio,55069,79,24675,44.84000015,"Seneca County, Ohio",11.35,40.0
37107,Lenoir County,NC,North Carolina,55122,147,29885,54.22000122,"Lenoir County, North Carolina",10.98,25.21
23009,Hancock County,ME,Maine,55478,103,9893,17.81999969,"Hancock County, Maine",21.3,27.68
06109,Tuolumne County,CA,California,55620,57,13346,23.98999977,"Tuolumne County, California",14.53,21.77
08067,La Plata County,CO,Colorado,55638,64,16206,29.13999939,"La Plata County, Colorado",27.86,17.49
17195,Whiteside County,IL,Illinois,55691,102,34999,62.84000015,"Whiteside County, Illinois",12.11,31.53
51031,Campbell County,VA,Virginia,55696,109,29549,53.06999969,"Campbell County, Virginia",15.44,27.44
08037,Eagle County,CO,Colorado,55731,41,17938,32.18999863,"Eagle County, Colorado",34.62,13.11
28071,Lafayette County,MS,Mississippi,55813,85,22002,39.40999985,"Lafayette County, Mississippi",24.6,15.53
29213,Taney County,MO,Missouri,56066,84,24248,43.25000381,"Taney County, Missouri",14.55,28.81
28109,Pearl River County,MS,Mississippi,56145,100,35360,62.96999741,"Pearl River County, Mississippi",9.91,23.58
54049,Marion County,WV,West Virginia,56205,126,26277,46.72999954,"Marion County, West Virginia",14.5,34.69
45021,Cherokee County,SC,South Carolina,56216,109,35226,62.66999817,"Cherokee County, South Carolina",8.68,30.87
48199,Hardin County,TX,Texas,56231,99,26611,47.34000015,"Hardin County, Texas",13.89,33.82
47019,Carter County,TN,Tennessee,56356,126,26075,46.28000259,"Carter County, Tennessee",11.48,29.03
27025,Chisago County,MN,Minnesota,56621,48,19567,34.55000305,"Chisago County, Minnesota",16.35,28.58
47073,Hawkins County,TN,Tennessee,56721,165,30470,53.72000122,"Hawkins County, Tennessee",11.18,33.65
48473,Waller County,TX,Texas,56794,65,19068,33.58999634,"Waller County, Texas",15.3,27.9
21209,Scott County,KY,Kentucky,57155,74,18332,32.07999802,"Scott County, Kentucky",18.27,23.21
01033,Colbert County,AL,Alabama,57227,142,34511,60.29999924,"Colbert County, Alabama",10.91,30.87
49021,Iron County,UT,Utah,57289,94,31022,54.15000153,"Iron County, Utah",20.77,19.77
22113,Vermilion Parish,LA,Louisiana,57359,50,27999,48.81999969,"Vermilion Parish, Louisiana",11.95,34.91
54079,Putnam County,WV,West Virginia,57440,70,22943,39.93999863,"Putnam County, West Virginia",15.98,32.4
13129,Gordon County,GA,Georgia,57544,92,32694,56.81000137,"Gordon County, Georgia",8.67,26.67
22001,Acadia Parish,LA,Louisiana,57576,77,34353,59.68000031,"Acadia Parish, Louisiana",10.41,34.75
49003,Box Elder County,UT,Utah,57666,142,51926,90.04999542,"Box Elder County, Utah",17.29,27.17
54037,Jefferson County,WV,West Virginia,57701,70,19291,33.42000198,"Jefferson County, West Virginia",19.1,24.72
50027,Windsor County,VT,Vermont,57753,90,14354,24.86000061,"Windsor County, Vermont",21.94,25.82
23017,Oxford County,ME,Maine,57777,84,10076,17.47000122,"Oxford County, Maine",13.95,34.43
48323,Maverick County,TX,Texas,57887,57,44695,77.20000458,"Maverick County, Texas",12.02,17.89
47031,Coffee County,TN,Tennessee,57889,125,28329,48.95000076,"Coffee County, Tennessee",12.86,31.29
48001,Anderson County,TX,Texas,57922,116,31049,53.59999847,"Anderson County, Texas",7.18,26.16
39087,Lawrence County,OH,Ohio,58240,91,16762,28.80000114,"Lawrence County, Ohio",10.65,39.92
36037,Genesee County,NY,New York,58388,67,25034,42.87000275,"Genesee County, New York",12.92,31.74
55021,Columbia County,WI,Wisconsin,58490,82,22890,39.13999939,"Columbia County, Wisconsin",16.49,27.6
36077,Otsego County,NY,New York,58524,108,18319,31.29000092,"Otsego County, New York",18.06,25.39
42103,Pike County,PA,Pennsylvania,58535,36,14020,23.94999886,"Pike County, Pennsylvania",15.94,28.25
39129,Pickaway County,OH,Ohio,58539,70,12149,20.76000023,"Pickaway County, Ohio",12.17,36.63
39077,Huron County,OH,Ohio,58565,86,22238,37.97999954,"Huron County, Ohio",9.85,40.13
32510,Carson City,NV,Nevada,58639,39,20143,34.35000229,"Carson City, Nevada",15.04,21.65
29145,Newton County,MO,Missouri,58648,113,29142,49.69000244,"Newton County, Missouri",14.78,30.38
21195,Pike County,KY,Kentucky,58669,129,19564,33.34999847,"Pike County, Kentucky",7.15,32.95
02122,Kenai Peninsula Borough,AK,Alaska,58799,136,25268,42.96999741,"Kenai Peninsula Borough, Alaska",16.15,23.97
01001,Autauga County,AL,Alabama,58805,110,30249,51.41000366,"Autauga County, Alabama",16.69,25.52
28087,Lowndes County,MS,Mississippi,58879,149,49602,84.23999786,"Lowndes County, Mississippi",14.72,26.78
39143,Sandusky County,OH,Ohio,58896,80,24733,41.95999908,"Sandusky County, Ohio",10.81,37.79
37163,Sampson County,NC,North Carolina,59036,207,40988,69.43000031,"Sampson County, North Carolina",10.16,29.99
01009,Blount County,AL,Alabama,59134,145,33895,57.32000351,"Blount County, Alabama",8.89,26.58
01113,Russell County,AL,Alabama,59183,125,36124,61.04000092,"Russell County, Alabama",11.24,24.18
32019,Lyon County,NV,Nevada,59235,44,12228,20.6400013,"Lyon County, Nevada",9.7,26.36
48467,Van Zandt County,TX,Texas,59541,134,25383,42.61999893,"Van Zandt County, Texas",11.75,26.87
29113,Lincoln County,MO,Missouri,59574,59,17338,29.1099987,"Lincoln County, Missouri",13.54,35.64
54055,Mercer County,WV,West Virginia,59664,132,30861,51.70000076,"Mercer County, West Virginia",13.44,29.57
39167,Washington County,OH,Ohio,59771,130,21869,36.56999969,"Washington County, Ohio",11.18,37.13
50023,Washington County,VT,Vermont,59807,88,25435,42.55000305,"Washington County, Vermont",25.32,22.94
42015,Bradford County,PA,Pennsylvania,59967,122,18114,30.20000267,"Bradford County, Pennsylvania",11.76,43.24
27111,Otter Tail County,MN,Minnesota,60081,137,33731,56.13000488,"Otter Tail County, Minnesota",17.99,24.85
05033,Crawford County,AR,Arkansas,60133,142,31726,52.76999664,"Crawford County, Arkansas",12.93,27.8
36043,Herkimer County,NY,New York,60139,85,19812,32.93999863,"Herkimer County, New York",12.1,30.12
37141,Pender County,NC,North Carolina,60203,99,24045,39.91999817,"Pender County, North Carolina",19.27,22.06
51143,Pittsylvania County,VA,Virginia,60501,140,25542,42.23999786,"Pittsylvania County, Virginia",10.41,29.18
50021,Rutland County,VT,Vermont,60572,97,24217,39.97999573,"Rutland County, Vermont",20.08,30.66
26149,St. Joseph County,MI,Michigan,60939,113,24392,40.01999664,"St. Joseph County, Michigan",10.11,30.79
47167,Tipton County,TN,Tennessee,60970,130,33119,54.31999588,"Tipton County, Tennessee",11.0,29.94
37077,Granville County,NC,North Carolina,60992,89,31072,50.94000244,"Granville County, North Carolina",16.02,25.43
47035,Cumberland County,TN,Tennessee,61145,121,32792,53.63000107,"Cumberland County, Tennessee",10.71,31.26
36115,Washington County,NY,New York,61302,83,16825,27.44000053,"Washington County, New York",11.57,31.72
36021,Columbia County,NY,New York,61570,82,15455,25.1099987,"Columbia County, New York",17.58,24.78
48221,Hood County,TX,Texas,61598,68,31041,50.40999985,"Hood County, Texas",19.71,23.39
08045,Garfield County,CO,Colorado,61685,67,23349,37.86000061,"Garfield County, Colorado",21.08,21.47
36051,Livingston County,NY,New York,61834,97,27239,44.04000473,"Livingston County, New York",14.79,26.51
20155,Reno County,KS,Kansas,61898,106,28708,46.38999939,"Reno County, Kansas",13.4,23.8
37087,Haywood County,NC,North Carolina,62089,143,38080,61.33999634,"Haywood County, North Carolina",17.0,21.53
35015,Eddy County,NM,New Mexico,62314,88,32666,52.41000366,"Eddy County, New Mexico",10.73,26.8
26015,Barry County,MI,Michigan,62423,62,15348,24.60000038,"Barry County, Michigan",15.94,31.61
39009,Athens County,OH,Ohio,62431,97,11994,19.22000122,"Athens County, Ohio",14.54,29.23
37167,Stanly County,NC,North Carolina,62504,150,37097,59.32999802,"Stanly County, North Carolina",12.69,26.45
53071,Walla Walla County,WA,Washington,62584,74,25019,39.98000336,"Walla Walla County, Washington",16.37,16.08
21125,Laurel County,KY,Kentucky,62613,101,26979,43.10000229,"Laurel County, Kentucky",9.05,29.6
39083,Knox County,OH,Ohio,62721,128,25054,39.91999817,"Knox County, Ohio",15.08,34.54
39159,Union County,OH,Ohio,62784,68,19335,30.81999969,"Union County, Ohio",23.7,29.39
40047,Garfield County,OK,Oklahoma,62846,109,40186,63.91999435,"Garfield County, Oklahoma",16.26,31.48
31079,Hall County,NE,Nebraska,62895,63,28589,45.43000031,"Hall County, Nebraska",14.4,25.51
45031,Darlington County,SC,South Carolina,62905,145,32915,52.34000397,"Darlington County, South Carolina",11.19,32.56
37105,Lee County,NC,North Carolina,63285,120,30766,48.61000061,"Lee County, North Carolina",14.33,22.12
05115,Pope County,AR,Arkansas,63381,155,31984,50.48999786,"Pope County, Arkansas",16.54,27.38
45043,Georgetown County,SC,South Carolina,63404,133,39221,61.87000275,"Georgetown County, South Carolina",18.07,24.19
33001,Belknap County,NH,New Hampshire,63705,64,21287,33.40999985,"Belknap County, New Hampshire",18.45,24.25
18173,Warrick County,IN,Indiana,63898,69,24839,38.86999893,"Warrick County, Indiana",21.04,24.72
06069,San Benito County,CA,California,64209,35,47314,73.68000793,"San Benito County, California",14.66,22.58
28073,Lamar County,MS,Mississippi,64222,77,29027,45.20999527,"Lamar County, Mississippi",21.3,20.69
26073,Isabella County,MI,Michigan,64394,62,20945,32.54000092,"Isabella County, Michigan",16.13,28.15
37161,Rutherford County,NC,North Carolina,64444,195,44973,69.76999664,"Rutherford County, North Carolina",12.98,26.15
47063,Hamblen County,TN,Tennessee,64499,146,47532,73.70999908,"Hamblen County, Tennessee",12.0,29.62
48347,Nacogdoches County,TX,Texas,64653,158,36093,55.79999924,"Nacogdoches County, Texas",15.23,23.56
42037,Columbia County,PA,Pennsylvania,64727,116,24867,38.42999649,"Columbia County, Pennsylvania",14.83,39.53
42025,Carbon County,PA,Pennsylvania,64749,85,23226,35.86999893,"Carbon County, Pennsylvania",11.54,40.28
13103,Effingham County,GA,Georgia,64769,77,22060,34.08000183,"Effingham County, Georgia",16.99,32.1
34033,Salem County,NJ,New Jersey,64837,85,21332,32.88999939,"Salem County, New Jersey",14.52,34.98
41011,Coos County,OR,Oregon,64929,95,17414,26.80999947,"Coos County, Oregon",12.47,23.99
21199,Pulaski County,KY,Kentucky,65034,167,35658,54.83000183,"Pulaski County, Kentucky",9.53,25.57
35005,Chaves County,NM,New Mexico,65157,82,31092,47.70000076,"Chaves County, New Mexico",11.88,20.39
46083,Lincoln County,SD,South Dakota,65161,67,16898,25.93000221,"Lincoln County, South Dakota",25.1,23.36
39081,Jefferson County,OH,Ohio,65249,136,26713,40.9600029,"Jefferson County, Ohio",11.27,40.97
13179,Liberty County,GA,Georgia,65256,77,23236,35.61000061,"Liberty County, Georgia",13.22,24.71
27027,Clay County,MN,Minnesota,65318,74,30227,46.27999878,"Clay County, Minnesota",24.15,20.45
01127,Walker County,AL,Alabama,65342,217,43544,66.61000061,"Walker County, Alabama",8.44,28.03
39101,Marion County,OH,Ohio,65359,92,18048,27.63999939,"Marion County, Ohio",8.42,36.69
45055,Kershaw County,SC,South Carolina,65403,122,31920,48.81000137,"Kershaw County, South Carolina",13.35,31.34
42005,Armstrong County,PA,Pennsylvania,65558,145,33462,51.04000473,"Armstrong County, Pennsylvania",12.39,43.73
53045,Mason County,WA,Washington,65726,52,17435,26.5,"Mason County, Washington",12.77,25.4
17001,Adams County,IL,Illinois,65737,109,49036,74.59000397,"Adams County, Illinois",16.43,30.25
36113,Warren County,NY,New York,65737,70,22945,34.90999603,"Warren County, New York",17.2,24.82
55111,Sauk County,WI,Wisconsin,65763,90,32247,49.01999664,"Sauk County, Wisconsin",16.56,29.72
06103,Tehama County,CA,California,65829,62,20044,30.44000053,"Tehama County, California",12.6,24.02
48427,Starr County,TX,Texas,65920,47,55614,84.36000061,"Starr County, Texas",7.65,22.88
54033,Harrison County,WV,West Virginia,65921,160,38191,57.95000076,"Harrison County, West Virginia",14.26,34.1
37193,Wilkes County,NC,North Carolina,65969,149,40379,61.20999908,"Wilkes County, North Carolina",11.12,26.54
26103,Marquette County,MI,Michigan,66017,88,28610,43.33000183,"Marquette County, Michigan",23.95,25.33
04001,Apache County,AZ,Arizona,66021,127,25412,38.50999832,"Apache County, Arizona",7.67,28.2
27035,Crow Wing County,MN,Minnesota,66123,82,28791,43.52999878,"Crow Wing County, Minnesota",16.78,26.1
55017,Chippewa County,WI,Wisconsin,66297,80,25657,38.70000076,"Chippewa County, Wisconsin",15.43,29.49
40101,Muskogee County,OK,Oklahoma,66339,168,50089,75.5,"Muskogee County, Oklahoma",13.93,28.27
39013,Belmont County,OH,Ohio,66497,131,23334,35.09000015,"Belmont County, Ohio",10.43,40.25
18177,Wayne County,IN,Indiana,66553,115,24278,36.45999908,"Wayne County, Indiana",12.02,30.89
26117,Montcalm County,MI,Michigan,66614,104,17805,26.77999878,"Montcalm County, Michigan",10.21,33.28
18053,Grant County,IN,Indiana,66674,127,25934,38.90000153,"Grant County, Indiana",10.67,31.5
26067,Ionia County,MI,Michigan,66804,80,20189,30.21000099,"Ionia County, Michigan",12.25,32.04
29187,St. Francois County,MO,Missouri,66922,130,25283,37.77999878,"St. Francois County, Missouri",8.1,28.74
27131,Rice County,MN,Minnesota,67097,67,37564,56.0,"Rice County, Minnesota",17.74,26.79
23003,Aroostook County,ME,Maine,67105,136,34513,51.42000198,"Aroostook County, Maine",13.64,31.47
17199,Williamson County,IL,Illinois,67153,118,24565,36.59000015,"Williamson County, Illinois",15.47,24.62
28067,Jones County,MS,Mississippi,67246,196,50461,75.06000519,"Jones County, Mississippi",12.44,24.31
05069,Jefferson County,AR,Arkansas,67260,214,46761,69.51999664,"Jefferson County, Arkansas",11.89,33.29
13255,Spalding County,GA,Georgia,67306,120,41089,61.04999924,"Spalding County, Georgia",11.2,32.14
20015,Butler County,KS,Kansas,67380,81,21912,32.55000305,"Butler County, Kansas",19.9,22.74
45059,Laurens County,SC,South Carolina,67539,167,38191,56.54999542,"Laurens County, South Carolina",11.56,26.66
21185,Oldham County,KY,Kentucky,67607,66,24763,36.63000107,"Oldham County, Kentucky",25.49,15.57
13295,Walker County,GA,Georgia,67654,126,36703,54.24000168,"Walker County, Georgia",11.83,24.18
37031,Carteret County,NC,North Carolina,67686,113,24422,36.08999634,"Carteret County, North Carolina",17.01,20.92
35035,Otero County,NM,New Mexico,67839,85,21998,32.43999863,"Otero County, New Mexico",12.58,21.05
13047,Catoosa County,GA,Georgia,67872,75,24513,36.11999893,"Catoosa County, Georgia",15.63,26.45
21145,McCracken County,KY,Kentucky,67875,148,52395,77.18000031,"McCracken County, Kentucky",16.12,27.2
36053,Madison County,NY,New York,68016,85,25885,38.05999756,"Madison County, New York",14.82,29.96
26155,Shiawassee County,MI,Michigan,68094,94,16820,24.68000031,"Shiawassee County, Michigan",11.99,31.83
24001,Allegany County,MD,Maryland,68106,145,27839,40.86000061,"Allegany County, Maryland",11.43,33.67
06033,Lake County,CA,California,68163,80,20698,30.36000061,"Lake County, California",11.1,25.25
37069,Franklin County,NC,North Carolina,68573,99,22375,32.63000107,"Franklin County, North Carolina",15.31,24.75
48497,Wise County,TX,Texas,68632,103,31623,46.06999969,"Wise County, Texas",14.04,28.11
48409,San Patricio County,TX,Texas,68755,102,43072,62.65000153,"San Patricio County, Texas",10.78,25.89
48203,Harrison County,TX,Texas,68839,148,32123,46.67999649,"Harrison County, Texas",13.96,26.69
27013,Blue Earth County,MN,Minnesota,69112,77,36405,52.70000076,"Blue Earth County, Minnesota",23.0,23.85
45047,Greenwood County,SC,South Carolina,69351,139,35947,51.81000137,"Greenwood County, South Carolina",15.79,26.46
41035,Klamath County,OR,Oregon,69413,93,20973,30.24000168,"Klamath County, Oregon",13.6,25.9
13285,Troup County,GA,Georgia,69426,147,41712,60.04000092,"Troup County, Georgia",12.68,28.38
12023,Columbia County,FL,Florida,69698,128,39671,56.92000198,"Columbia County, Florida",10.4,28.82
38101,Ward County,ND,North Dakota,69919,85,29078,41.55999756,"Ward County, North Dakota",20.42,27.23
22045,Iberia Parish,LA,Louisiana,69929,69,51182,73.19999695,"Iberia Parish, Louisiana",11.2,35.39
51199,York County,VA,Virginia,70045,63,31892,45.53000259,"York County, Virginia",26.74,14.69
47059,Greene County,TN,Tennessee,70152,201,34210,48.75,"Greene County, Tennessee",10.19,33.67
55097,Portage County,WI,Wisconsin,70377,64,32733,46.5,"Portage County, Wisconsin",23.36,28.81
18011,Boone County,IN,Indiana,70812,70,30089,42.47999954,"Boone County, Indiana",30.88,16.12
30049,Lewis and Clark County,MT,Montana,70973,80,24713,34.81000137,"Lewis and Clark County, Montana",26.44,18.61
25011,Franklin County,MA,Massachusetts,71029,83,16771,23.63000107,"Franklin County, Massachusetts",20.41,24.0
37171,Surry County,NC,North Carolina,71359,170,42633,59.74999619,"Surry County, North Carolina",12.23,23.3
01049,DeKalb County,AL,Alabama,71608,202,45266,63.21000671,"DeKalb County, Alabama",8.62,26.13
40037,Creek County,OK,Oklahoma,71754,143,32777,45.68000031,"Creek County, Oklahoma",11.12,35.09
18109,Morgan County,IN,Indiana,71780,100,30160,42.00999832,"Morgan County, Indiana",12.27,34.31
20161,Riley County,KS,Kansas,71959,77,27746,38.54000092,"Riley County, Kansas",25.65,14.45
40125,Pottawatomie County,OK,Oklahoma,72454,142,43894,60.56000137,"Pottawatomie County, Oklahoma",12.51,29.37
49045,Tooele County,UT,Utah,72698,120,51676,71.08999634,"Tooele County, Utah",14.99,27.26
21047,Christian County,KY,Kentucky,72748,142,38621,53.09999466,"Christian County, Kentucky",11.84,23.28
47147,Robertson County,TN,Tennessee,72803,138,39249,53.93999863,"Robertson County, Tennessee",14.58,32.49
35031,McKinley County,NM,New Mexico,72902,100,19294,26.44999886,"McKinley County, New Mexico",6.08,32.46
51061,Fauquier County,VA,Virginia,72972,108,29432,40.32999802,"Fauquier County, Virginia",22.8,21.05
28075,Lauderdale County,MS,Mississippi,72984,191,55340,75.84999847,"Lauderdale County, Mississippi",12.82,22.06
38035,Grand Forks County,ND,North Dakota,73170,78,35119,48.02000427,"Grand Forks County, North Dakota",24.15,18.81
15007,Kauai County,HI,Hawaii,73298,117,34450,46.98999786,"Kauai County, Hawaii",20.24,28.28
12107,Putnam County,FL,Florida,73321,141,32333,44.09000397,"Putnam County, Florida",9.02,32.79
39145,Scioto County,OH,Ohio,74008,147,24119,32.6099968,"Scioto County, Ohio",9.05,36.01
05085,Lonoke County,AR,Arkansas,74015,133,31008,41.8999939,"Lonoke County, Arkansas",14.26,30.97
08014,Broomfield County,CO,Colorado,74112,30,20514,27.68000031,"Broomfield County, Colorado",34.88,11.76
42111,Somerset County,PA,Pennsylvania,74129,196,36291,48.98000336,"Somerset County, Pennsylvania",10.94,43.46
17183,Vermilion County,IL,Illinois,74188,129,25677,34.59000015,"Vermilion County, Illinois",10.11,33.06
55141,Wood County,WI,Wisconsin,74207,89,36467,49.13000488,"Wood County, Wisconsin",12.89,34.43
35025,Lea County,NM,New Mexico,74455,110,34199,45.95000076,"Lea County, New Mexico",8.21,25.81
54081,Raleigh County,WV,West Virginia,74591,133,23861,32.01999664,"Raleigh County, West Virginia",12.62,32.06
39063,Hancock County,OH,Ohio,74920,100,30849,41.16000366,"Hancock County, Ohio",17.19,32.49
12131,Walton County,FL,Florida,75305,116,27417,36.40999985,"Walton County, Florida",19.87,21.03
26159,Van Buren County,MI,Michigan,75587,101,21527,28.44999886,"Van Buren County, Michigan",13.39,26.41
39043,Erie County,OH,Ohio,75622,100,42451,56.12999725,"Erie County, Ohio",15.86,31.64
53027,Grays Harbor County,WA,Washington,75636,92,21494,28.42000198,"Grays Harbor County, Washington",10.56,27.73
13157,Jackson County,GA,Georgia,75907,102,28232,37.20000076,"Jackson County, Georgia",16.04,25.0
35061,Valencia County,NM,New Mexico,76205,68,37679,49.43999863,"Valencia County, New Mexico",11.22,25.85
36011,Cayuga County,NY,New York,76248,90,33313,43.70000076,"Cayuga County, New York",13.56,25.93
37037,Chatham County,NC,North Carolina,76285,145,31438,41.23999786,"Chatham County, North Carolina",23.59,16.66
48471,Walker County,TX,Texas,76400,85,40600,53.12999725,"Walker County, Texas",13.14,25.91
33005,Cheshire County,NH,New Hampshire,76458,86,18012,23.55000114,"Cheshire County, New Hampshire",21.19,27.41
05145,White County,AR,Arkansas,76822,211,51155,66.59999847,"White County, Arkansas",12.23,32.87
36009,Cattaraugus County,NY,New York,77042,131,27072,35.12999725,"Cattaraugus County, New York",10.03,31.72
39141,Ross County,OH,Ohio,77093,112,38034,49.3299942,"Ross County, Ohio",10.18,37.89
47001,Anderson County,TN,Tennessee,77123,133,44271,57.40000153,"Anderson County, Tennessee",12.51,26.52
53009,Clallam County,WA,Washington,77155,89,27531,35.65999985,"Clallam County, Washington",17.51,20.74
29051,Cole County,MO,Missouri,77279,99,47313,61.20999527,"Cole County, Missouri",22.79,24.16
51015,Augusta County,VA,Virginia,77487,141,29311,37.82000351,"Augusta County, Virginia",14.76,33.11
28035,Forrest County,MS,Mississippi,78158,153,55783,71.36999512,"Forrest County, Mississippi",15.93,21.5
51095,James City County,VA,Virginia,78254,54,34444,44.02999878,"James City County, Virginia",26.78,15.32
45073,Oconee County,SC,South Carolina,78607,160,43198,54.95999527,"Oconee County, South Carolina",16.47,21.75
36105,Sullivan County,NY,New York,78624,115,26367,33.56000137,"Sullivan County, New York",14.65,27.02
37195,Wilson County,NC,North Carolina,78784,153,37017,47.0,"Wilson County, North Carolina",13.36,27.29
51680,Lynchburg city,VA,Virginia,79009,122,56798,71.88000488,"Lynchburg city, Virginia",20.99,19.87
53007,Chelan County,WA,Washington,79074,97,52162,65.97000122,"Chelan County, Washington",16.61,20.98
26037,Clinton County,MI,Michigan,79128,63,26527,33.52000046,"Clinton County, Michigan",20.28,24.09
51019,Bedford County,VA,Virginia,79462,127,32167,40.50000381,"Bedford County, Virginia",18.5,25.35
18059,Hancock County,IN,Indiana,79840,81,26293,32.94000244,"Hancock County, Indiana",21.14,25.69
36019,Clinton County,NY,New York,79843,65,34263,42.88999557,"Clinton County, New York",13.49,28.57
47141,Putnam County,TN,Tennessee,79854,172,36369,45.55999374,"Putnam County, Tennessee",15.7,30.48
56025,Natrona County,WY,Wyoming,79955,87,32557,40.73999786,"Natrona County, Wyoming",14.62,23.33
41059,Umatilla County,OR,Oregon,80075,115,32228,40.25,"Umatilla County, Oregon",11.09,22.13
18085,Kosciusko County,IN,Indiana,80240,139,26945,33.6000061,"Kosciusko County, Indiana",15.36,28.73
18043,Floyd County,IN,Indiana,80484,89,42683,53.01999664,"Floyd County, Indiana",19.35,25.59
42033,Clearfield County,PA,Pennsylvania,80562,194,32398,40.2100029,"Clearfield County, Pennsylvania",10.85,42.69
37027,Caldwell County,NC,North Carolina,80652,164,46249,57.31999969,"Caldwell County, North Carolina",10.96,24.79
40145,Wagoner County,OK,Oklahoma,80981,80,19867,24.54000092,"Wagoner County, Oklahoma",16.4,27.23
13031,Bulloch County,GA,Georgia,81099,97,27909,34.42000198,"Bulloch County, Georgia",15.68,23.96
55071,Manitowoc County,WI,Wisconsin,81359,70,46805,57.53000259,"Manitowoc County, Wisconsin",15.31,33.6
06115,Yuba County,CA,California,81575,57,28193,34.55000305,"Yuba County, California",12.66,20.14
40119,Payne County,OK,Oklahoma,81646,120,35541,43.50999832,"Payne County, Oklahoma",21.72,22.63
29031,Cape Girardeau County,MO,Missouri,81710,116,47773,58.44000244,"Cape Girardeau County, Missouri",19.41,27.69
20103,Leavenworth County,KS,Kansas,81881,82,30967,37.80000305,"Leavenworth County, Kansas",19.71,23.1
01121,Talladega County,AL,Alabama,82149,217,46354,56.43000031,"Talladega County, Alabama",8.82,27.06
53041,Lewis County,WA,Washington,82149,103,30129,36.70000076,"Lewis County, Washington",12.23,24.06
48213,Henderson County,TX,Texas,82150,173,39838,48.47999954,"Henderson County, Texas",11.64,26.92
18005,Bartholomew County,IN,Indiana,82208,110,39263,47.76000595,"Bartholomew County, Indiana",19.4,25.23
21029,Bullitt County,KY,Kentucky,82217,93,24499,29.80999947,"Bullitt County, Kentucky",10.37,33.53
22097,St. Landry Parish,LA,Louisiana,82540,102,56756,68.76999664,"St. Landry Parish, Louisiana",9.49,34.42
12087,Monroe County,FL,Florida,82874,94,43243,52.16999817,"Monroe County, Florida",22.04,24.05
48099,Coryell County,TX,Texas,83093,108,34409,41.38000107,"Coryell County, Texas",11.24,19.18
42063,Indiana County,PA,Pennsylvania,83246,210,40326,48.41999817,"Indiana County, Pennsylvania",14.15,38.23
28081,Lee County,MS,Mississippi,83343,182,48411,58.09999847,"Lee County, Mississippi",16.15,20.11
26111,Midland County,MI,Michigan,83494,87,36998,44.30999756,"Midland County, Michigan",20.34,26.44
13013,Barrow County,GA,Georgia,83505,70,31232,37.38999939,"Barrow County, Georgia",12.44,27.18
18067,Howard County,IN,Indiana,83658,134,39622,47.36000061,"Howard County, Indiana",13.62,31.84
51165,Rockingham County,VA,Virginia,83757,179,40171,47.95999908,"Rockingham County, Virginia",16.07,29.98
42039,Crawford County,PA,Pennsylvania,83938,203,33797,40.30000305,"Crawford County, Pennsylvania",12.7,42.74
36015,Chemung County,NY,New York,84148,100,35853,42.57999802,"Chemung County, New York",12.73,27.59
45075,Orangeburg County,SC,South Carolina,84223,234,54539,64.75,"Orangeburg County, South Carolina",10.4,28.82
54107,Wood County,WV,West Virginia,84296,176,41604,49.36000061,"Wood County, West Virginia",13.72,29.64
30013,Cascade County,MT,Montana,84414,115,31913,37.81999969,"Cascade County, Montana",18.52,26.17
13127,Glynn County,GA,Georgia,84499,132,40630,48.09000397,"Glynn County, Georgia",18.25,21.12
29021,Buchanan County,MO,Missouri,84793,117,37840,44.62000275,"Buchanan County, Missouri",15.1,30.57
48361,Orange County,TX,Texas,84808,141,49587,58.47999573,"Orange County, Texas",12.44,31.9
55055,Jefferson County,WI,Wisconsin,84900,102,43354,51.05999756,"Jefferson County, Wisconsin",18.54,28.42
44005,Newport County,RI,Rhode Island,85643,65,57744,67.43000031,"Newport County, Rhode Island",29.92,17.21
13095,Dougherty County,GA,Georgia,85790,131,47371,55.25000381,"Dougherty County, Georgia",12.56,23.99
42073,Lawrence County,PA,Pennsylvania,86070,137,49492,57.47999954,"Lawrence County, Pennsylvania",15.39,38.21
48005,Angelina County,TX,Texas,86395,206,60776,70.34999847,"Angelina County, Texas",12.48,24.1
39119,Muskingum County,OH,Ohio,86410,139,31185,36.09999847,"Muskingum County, Ohio",10.76,38.87
37109,Lincoln County,NC,North Carolina,86810,158,44458,51.20000458,"Lincoln County, North Carolina",15.83,25.34
53029,Island County,WA,Washington,86857,66,48428,55.73999786,"Island County, Washington",20.28,18.75
16005,Bannock County,ID,Idaho,87018,130,44607,51.27000046,"Bannock County, Idaho",18.38,21.57
41053,Polk County,OR,Oregon,87433,94,22056,25.24000168,"Polk County, Oregon",18.22,18.65
37023,Burke County,NC,North Carolina,87570,203,55266,63.13000107,"Burke County, North Carolina",10.73,24.87
01043,Cullman County,AL,Alabama,87866,224,55013,62.62000275,"Cullman County, Alabama",10.14,25.92
01051,Elmore County,AL,Alabama,87977,146,40632,46.2100029,"Elmore County, Alabama",16.86,25.74
41033,Josephine County,OR,Oregon,88090,81,27262,30.93000221,"Josephine County, Oregon",11.81,24.13
26087,Lapeer County,MI,Michigan,88619,79,23429,26.4299984,"Lapeer County, Michigan",12.36,31.5
29043,Christian County,MO,Missouri,88842,105,60823,68.45999908,"Christian County, Missouri",19.19,23.93
55027,Dodge County,WI,Wisconsin,89396,102,39414,44.06999969,"Dodge County, Wisconsin",12.54,35.86
16083,Twin Falls County,ID,Idaho,90046,131,42887,47.63999557,"Twin Falls County, Idaho",14.37,21.66
12089,Nassau County,FL,Florida,90352,101,36938,40.87000275,"Nassau County, Florida",19.14,26.22
37157,Rockingham County,NC,North Carolina,91096,212,44239,48.58000183,"Rockingham County, North Carolina",10.13,27.55
01115,St. Clair County,AL,Alabama,91103,162,47436,52.06999969,"St. Clair County, Alabama",12.43,28.43
33009,Grafton County,NH,New Hampshire,91118,112,24525,26.92000008,"Grafton County, New Hampshire",21.37,22.17
36117,Wayne County,NY,New York,91283,123,29401,32.20999908,"Wayne County, New York",13.78,26.57
48469,Victoria County,TX,Texas,91319,104,51486,56.40000153,"Victoria County, Texas",13.03,25.68
51069,Frederick County,VA,Virginia,91419,105,30281,33.11999893,"Frederick County, Virginia",15.41,26.14
55089,Ozaukee County,WI,Wisconsin,91503,73,53060,57.99000168,"Ozaukee County, Wisconsin",30.52,18.96
06045,Mendocino County,CA,California,91601,104,36625,40.0,"Mendocino County, California",14.74,23.09
48291,Liberty County,TX,Texas,91628,138,44635,48.70999908,"Liberty County, Texas",7.12,31.1
42097,Northumberland County,PA,Pennsylvania,91647,179,42445,46.31000137,"Northumberland County, Pennsylvania",12.38,44.3
21151,Madison County,KY,Kentucky,92701,132,34583,37.31000137,"Madison County, Kentucky",19.09,20.46
24009,Calvert County,MD,Maryland,92783,72,38221,41.22000122,"Calvert County, Maryland",18.72,25.79
48037,Bowie County,TX,Texas,92893,203,65281,70.27999878,"Bowie County, Texas",14.23,27.4
21037,Campbell County,KY,Kentucky,93076,95,46876,50.36000061,"Campbell County, Kentucky",24.23,23.45
39157,Tuscarawas County,OH,Ohio,93263,200,46438,49.77999878,"Tuscarawas County, Ohio",11.8,41.08
55109,St. Croix County,WI,Wisconsin,93536,84,38253,40.88000107,"St. Croix County, Wisconsin",25.31,21.82
01077,Lauderdale County,AL,Alabama,93564,224,61998,66.23000336,"Lauderdale County, Alabama",15.98,29.7
13247,Rockdale County,GA,Georgia,93570,101,46482,49.66999817,"Rockdale County, Georgia",17.41,26.35
36101,Steuben County,NY,New York,93584,150,35291,37.70000076,"Steuben County, New York",12.51,28.96
19155,Pottawattamie County,IA,Iowa,93667,110,31084,33.20000076,"Pottawattamie County, Iowa",14.97,28.27
51800,Suffolk city,VA,Virginia,94324,95,32343,34.29999542,"Suffolk city, Virginia",17.56,21.59
54011,Cabell County,WV,West Virginia,94350,156,48009,50.91000366,"Cabell County, West Virginia",15.33,27.09
37127,Nash County,NC,North Carolina,94970,199,50515,53.19000244,"Nash County, North Carolina",14.64,28.23
41003,Benton County,OR,Oregon,95184,88,26630,27.96999741,"Benton County, Oregon",29.23,11.62
26055,Grand Traverse County,MI,Michigan,95238,76,28797,30.25,"Grand Traverse County, Michigan",23.67,19.46
40131,Rogers County,OK,Oklahoma,95240,117,41885,43.98000336,"Rogers County, Oklahoma",17.26,28.02
34009,Cape May County,NJ,New Jersey,95263,95,62242,65.34000397,"Cape May County, New Jersey",21.58,28.88
39055,Geauga County,OH,Ohio,95397,163,69722,73.08000946,"Geauga County, Ohio",24.31,24.11
02090,Fairbanks North Star Borough,AK,Alaska,95655,122,28903,30.20000076,"Fairbanks North Star Borough, Alaska",18.83,18.6
45057,Lancaster County,SC,South Carolina,96016,177,45627,47.52999878,"Lancaster County, South Carolina",17.7,24.05
13297,Walton County,GA,Georgia,96673,106,39493,40.86999893,"Walton County, Georgia",14.0,28.95
53021,Franklin County,WA,Washington,96749,79,48720,50.36000061,"Franklin County, Washington",11.88,18.69
51161,Roanoke County,VA,Virginia,96929,127,40097,41.37999725,"Roanoke County, Virginia",23.68,23.36
27141,Sherburne County,MN,Minnesota,97183,56,28686,29.51000214,"Sherburne County, Minnesota",18.14,24.51
48021,Bastrop County,TX,Texas,97216,111,42944,44.16999817,"Bastrop County, Texas",14.59,25.34
22057,Lafourche Parish,LA,Louisiana,97557,76,50889,52.17999649,"Lafourche Parish, Louisiana",11.4,34.93
39007,Ashtabula County,OH,Ohio,97574,163,36033,36.90999985,"Ashtabula County, Ohio",10.24,37.17
01095,Marshall County,AL,Alabama,97612,217,63093,64.62999725,"Marshall County, Alabama",14.05,23.89
36079,Putnam County,NY,New York,97668,45,47250,48.38000107,"Putnam County, New York",23.09,23.25
51740,Portsmouth city,VA,Virginia,97915,115,50221,51.29999924,"Portsmouth city, Virginia",13.1,25.32
47155,Sevier County,TN,Tennessee,98380,181,57948,58.90999985,"Sevier County, Tennessee",12.36,30.75
38015,Burleigh County,ND,North Dakota,98458,83,59631,60.54999924,"Burleigh County, North Dakota",26.21,18.29
19169,Story County,IA,Iowa,98537,105,33901,34.38000107,"Story County, Iowa",29.98,15.19
13115,Floyd County,GA,Georgia,98584,169,61585,62.4600029,"Floyd County, Georgia",12.1,25.51
47113,Madison County,TN,Tennessee,98823,229,70937,71.78000641,"Madison County, Tennessee",16.05,28.27
53025,Grant County,WA,Washington,99123,123,50526,50.93999863,"Grant County, Washington",13.04,21.62
19061,Dubuque County,IA,Iowa,99266,85,55054,55.4600029,"Dubuque County, Iowa",20.12,29.12
26091,Lenawee County,MI,Michigan,99423,123,33427,33.62999725,"Lenawee County, Michigan",13.32,31.59
37045,Cleveland County,NC,North Carolina,99519,221,60201,60.5,"Cleveland County, North Carolina",12.28,28.66
06101,Sutter County,CA,California,99633,76,36588,36.72999954,"Sutter County, California",13.16,20.2
19049,Dallas County,IA,Iowa,99678,89,46770,46.92000198,"Dallas County, Iowa",34.38,16.11
51121,Montgomery County,VA,Virginia,99721,130,33162,33.27999878,"Montgomery County, Virginia",21.53,19.12
37125,Moore County,NC,North Carolina,99727,173,50016,50.16999817,"Moore County, North Carolina",24.08,18.29
48231,Hunt County,TX,Texas,99956,182,42590,42.61999893,"Hunt County, Texas",13.45,28.38
51770,Roanoke city,VA,Virginia,100011,185,69229,69.19999695,"Roanoke city, Virginia",14.88,29.0
05051,Garland County,AR,Arkansas,100180,184,51165,51.1000061,"Garland County, Arkansas",15.21,25.46
17037,DeKalb County,IL,Illinois,100420,108,53444,53.20999908,"DeKalb County, Illinois",20.19,21.03
56021,Laramie County,WY,Wyoming,100512,111,32258,32.11999893,"Laramie County, Wyoming",18.9,20.63
37049,Craven County,NC,North Carolina,100720,186,52602,52.22999954,"Craven County, North Carolina",15.46,21.02
47119,Maury County,TN,Tennessee,100974,214,43561,43.12000275,"Maury County, Tennessee",16.01,29.24
12055,Highlands County,FL,Florida,101235,155,52205,51.56999969,"Highlands County, Florida",11.5,31.68
39029,Columbiana County,OH,Ohio,101877,175,33796,33.17000198,"Columbiana County, Ohio",9.53,39.88
39003,Allen County,OH,Ohio,102206,160,58696,57.43000031,"Allen County, Ohio",11.52,34.31
06057,Nevada County,CA,California,102241,78,29188,28.56999969,"Nevada County, California",24.68,15.84
13313,Whitfield County,GA,Georgia,102864,137,71961,69.94000244,"Whitfield County, Georgia",10.37,24.02
21059,Daviess County,KY,Kentucky,103312,146,65983,63.86000443,"Daviess County, Kentucky",14.72,27.13
01055,Etowah County,AL,Alabama,103436,251,83850,81.06999969,"Etowah County, Alabama",10.76,25.62
01083,Limestone County,AL,Alabama,103570,183,54163,52.31000137,"Limestone County, Alabama",17.47,24.03
24045,Wicomico County,MD,Maryland,103588,162,41803,40.33999634,"Wicomico County, Maryland",16.28,29.42
24015,Cecil County,MD,Maryland,103725,121,30919,29.80000114,"Cecil County, Maryland",15.32,30.48
42001,Adams County,PA,Pennsylvania,103852,141,40901,39.38999939,"Adams County, Pennsylvania",12.81,34.63
26017,Bay County,MI,Michigan,103856,89,41202,39.70000076,"Bay County, Michigan",13.33,30.57
17115,Macon County,IL,Illinois,103998,144,48119,46.27000046,"Macon County, Illinois",15.65,28.1
55039,Fond du Lac County,WI,Wisconsin,104154,103,59281,56.91999817,"Fond du Lac County, Wisconsin",15.68,31.98
30029,Flathead County,MT,Montana,104357,121,38636,37.01000214,"Flathead County, Montana",21.61,23.46
29071,Franklin County,MO,Missouri,104682,178,53312,50.90999985,"Franklin County, Missouri",13.56,27.32
45085,Sumter County,SC,South Carolina,105556,193,56107,53.13999939,"Sumter County, South Carolina",12.7,26.67
55035,Eau Claire County,WI,Wisconsin,105710,115,43555,41.20000076,"Eau Claire County, Wisconsin",22.04,22.74
36109,Tompkins County,NY,New York,105740,98,31535,29.81000137,"Tompkins County, New York",23.45,14.7
54061,Monongalia County,WV,West Virginia,105822,124,27800,26.28000259,"Monongalia County, West Virginia",20.93,21.53
19193,Woodbury County,IA,Iowa,105941,140,51321,48.43000031,"Woodbury County, Iowa",15.99,26.98
18167,Vigo County,IN,Indiana,106153,131,40302,37.97000122,"Vigo County, Indiana",14.61,25.54
55127,Walworth County,WI,Wisconsin,106478,108,43965,41.27999878,"Walworth County, Wisconsin",18.78,26.49
04017,Navajo County,AZ,Arizona,106717,204,48153,45.11999893,"Navajo County, Arizona",9.59,25.1
29165,Platte County,MO,Missouri,106718,71,30205,28.32999992,"Platte County, Missouri",26.83,20.36
27019,Carver County,MN,Minnesota,106922,68,54181,50.68000031,"Carver County, Minnesota",33.68,15.68
02170,Matanuska-Susitna Borough,AK,Alaska,107081,137,32707,30.52999878,"Matanuska-Susitna Borough, Alaska",14.32,26.73
01069,Houston County,AL,Alabama,107202,225,90243,84.19000244,"Houston County, Alabama",13.87,25.81
17091,Kankakee County,IL,Illinois,107502,134,51348,47.74000168,"Kankakee County, Illinois",12.96,30.22
41071,Yamhill County,OR,Oregon,107722,120,31674,29.43000031,"Yamhill County, Oregon",17.7,19.22
48397,Rockwall County,TX,Texas,107819,78,79946,74.15000153,"Rockwall County, Texas",26.96,15.06
29037,Cass County,MO,Missouri,107824,113,32815,30.44999695,"Cass County, Missouri",18.02,29.2
36089,St. Lawrence County,NY,New York,108505,161,42718,39.38000107,"St. Lawrence County, New York",11.64,29.32
47011,Bradley County,TN,Tennessee,108620,219,67521,62.13999939,"Bradley County, Tennessee",14.83,25.51
39109,Miami County,OH,Ohio,108774,145,39326,36.13999939,"Miami County, Ohio",14.18,33.11
13015,Bartow County,GA,Georgia,108901,143,52090,47.84999847,"Bartow County, Georgia",13.54,28.22
28089,Madison County,MS,Mississippi,109145,143,67321,61.67000198,"Madison County, Mississippi",29.17,14.6
26045,Eaton County,MI,Michigan,109175,91,30267,27.73000145,"Eaton County, Michigan",19.31,23.7
46103,Pennington County,SD,South Dakota,109222,137,53591,49.06000137,"Pennington County, South Dakota",20.5,22.55
22109,Terrebonne Parish,LA,Louisiana,109580,113,67518,61.61000061,"Terrebonne Parish, Louisiana",10.61,31.1
34041,Warren County,NJ,New Jersey,109632,92,36553,33.32999802,"Warren County, New Jersey",23.27,27.43
17099,LaSalle County,IL,Illinois,109658,137,43120,39.31999969,"LaSalle County, Illinois",12.12,30.13
51085,Hanover County,VA,Virginia,109979,123,57246,52.03000259,"Hanover County, Virginia",25.79,21.65
42085,Mercer County,PA,Pennsylvania,110652,215,43991,39.75,"Mercer County, Pennsylvania",14.51,37.08
21093,Hardin County,KY,Kentucky,110702,164,48604,43.89999771,"Hardin County, Kentucky",12.78,23.76
53015,Cowlitz County,WA,Washington,110730,116,40656,36.70999908,"Cowlitz County, Washington",11.44,23.71
23001,Androscoggin County,ME,Maine,111139,86,44541,40.09000015,"Androscoggin County, Maine",15.23,28.6
41019,Douglas County,OR,Oregon,111201,168,34040,30.59000397,"Douglas County, Oregon",12.03,26.31
05031,Craighead County,AR,Arkansas,111231,222,67207,60.39999771,"Craighead County, Arkansas",16.73,26.19
18035,Delaware County,IN,Indiana,111903,156,34791,31.07999992,"Delaware County, Indiana",14.13,29.11
51003,Albemarle County,VA,Virginia,112395,126,32609,28.99000168,"Albemarle County, Virginia",30.47,12.37
18091,LaPorte County,IN,Indiana,112417,141,40555,36.08000183,"LaPorte County, Indiana",13.01,30.44
36069,Ontario County,NY,New York,112458,112,48776,43.43000031,"Ontario County, New York",19.62,22.23
13217,Newton County,GA,Georgia,112483,123,39061,34.72999573,"Newton County, Georgia",12.44,27.35
24037,St. Mary's County,MD,Maryland,113777,88,50430,44.32000351,"St. Mary's County, Maryland",18.55,26.4
42081,Lycoming County,PA,Pennsylvania,114188,185,49320,43.1700058,"Lycoming County, Pennsylvania",15.59,32.9
12035,Flagler County,FL,Florida,115378,79,51641,44.74000168,"Flagler County, Florida",16.3,27.94
37089,Henderson County,NC,North Carolina,116281,159,57395,49.3900032,"Henderson County, North Carolina",20.02,20.6
09015,Windham County,CT,Connecticut,116418,112,30854,26.49000168,"Windham County, Connecticut",13.9,29.87
01015,Calhoun County,AL,Alabama,116441,286,83651,71.81999207,"Calhoun County, Alabama",10.51,27.61
37155,Robeson County,NC,North Carolina,116530,302,56242,48.26999664,"Robeson County, North Carolina",9.32,29.79
36045,Jefferson County,NY,New York,116721,136,34511,29.56999969,"Jefferson County, New York",13.34,27.77
39169,Wayne County,OH,Ohio,116894,272,54068,46.28000259,"Wayne County, Ohio",14.08,34.67
37191,Wayne County,NC,North Carolina,117333,270,56901,48.49999619,"Wayne County, North Carolina",13.65,26.17
36075,Oswego County,NY,New York,117525,131,42626,36.27000427,"Oswego County, New York",11.23,29.66
30063,Missoula County,MT,Montana,117922,112,31562,26.78999901,"Missoula County, Montana",27.74,17.03
55117,Sheboygan County,WI,Wisconsin,118034,144,64857,54.92999649,"Sheboygan County, Wisconsin",17.95,31.13
13185,Lowndes County,GA,Georgia,118251,176,59643,50.42999268,"Lowndes County, Georgia",15.87,27.62
48375,Potter County,TX,Texas,118525,190,91887,77.55000305,"Potter County, Texas",10.64,24.21
20045,Douglas County,KS,Kansas,118785,128,34526,29.03999901,"Douglas County, Kansas",27.83,16.05
30031,Gallatin County,MT,Montana,118960,108,35145,29.53999901,"Gallatin County, Montana",33.17,15.4
13045,Carroll County,GA,Georgia,119148,164,61848,51.91999817,"Carroll County, Georgia",14.45,26.66
13113,Fayette County,GA,Georgia,119194,131,87984,73.80000305,"Fayette County, Georgia",28.23,18.84
48451,Tom Green County,TX,Texas,120003,139,72187,60.13999939,"Tom Green County, Texas",16.69,22.93
26005,Allegan County,MI,Michigan,120502,127,43922,36.42999649,"Allegan County, Michigan",15.63,32.08
55063,La Crosse County,WI,Wisconsin,120784,104,51644,42.77000046,"La Crosse County, Wisconsin",22.61,22.53
18019,Clark County,IN,Indiana,121093,150,43534,35.94000244,"Clark County, Indiana",13.79,29.38
40031,Comanche County,OK,Oklahoma,121125,207,72769,60.11000443,"Comanche County, Oklahoma",13.7,26.11
35045,San Juan County,NM,New Mexico,121661,165,48937,40.22000122,"San Juan County, New Mexico",9.03,24.56
54003,Berkeley County,WV,West Virginia,122076,119,33725,27.64999962,"Berkeley County, West Virginia",14.45,31.23
29097,Jasper County,MO,Missouri,122761,198,60936,49.62000275,"Jasper County, Missouri",16.35,28.49
42013,Blair County,PA,Pennsylvania,122822,225,51864,42.22000504,"Blair County, Pennsylvania",15.15,40.29
05125,Saline County,AR,Arkansas,123416,165,45289,36.69999695,"Saline County, Arkansas",18.58,26.18
01103,Morgan County,AL,Alabama,123421,250,85119,68.94999695,"Morgan County, Alabama",14.49,25.64
05045,Faulkner County,AR,Arkansas,123498,200,68102,55.14999771,"Faulkner County, Arkansas",19.89,25.02
23011,Kennebec County,ME,Maine,123642,134,48375,39.13999939,"Kennebec County, Maine",17.77,28.37
16019,Bonneville County,ID,Idaho,123964,195,81020,65.37000275,"Bonneville County, Idaho",21.18,20.32
48183,Gregg County,TX,Texas,124239,263,107395,86.42999268,"Gregg County, Texas",14.85,23.12
39139,Richland County,OH,Ohio,124936,204,54910,43.95999908,"Richland County, Ohio",11.75,33.79
04003,Cochise County,AZ,Arizona,125447,219,56955,45.40999985,"Cochise County, Arizona",15.72,19.37
22005,Ascension Parish,LA,Louisiana,126500,86,62842,49.68000031,"Ascension Parish, Louisiana",19.41,25.23
36013,Chautauqua County,NY,New York,127657,204,47816,37.43999863,"Chautauqua County, New York",12.99,28.0
05131,Sebastian County,AR,Arkansas,127799,230,80115,62.70000076,"Sebastian County, Arkansas",15.05,24.02
41043,Linn County,OR,Oregon,128610,155,45515,35.38999939,"Linn County, Oregon",12.87,23.22
13059,Clarke County,GA,Georgia,128671,127,53837,41.84000015,"Clarke County, Georgia",22.38,16.13
22015,Bossier Parish,LA,Louisiana,128746,172,75757,58.84999847,"Bossier Parish, Louisiana",16.32,23.95
42051,Fayette County,PA,Pennsylvania,128804,231,45628,35.43000031,"Fayette County, Pennsylvania",11.88,42.35
34019,Hunterdon County,NJ,New Jersey,128947,106,50351,39.04999924,"Hunterdon County, New Jersey",31.92,18.94
25003,Berkshire County,MA,Massachusetts,129026,125,55249,42.79000092,"Berkshire County, Massachusetts",19.33,25.93
48485,Wichita County,TX,Texas,129350,198,88399,68.33000183,"Wichita County, Texas",15.4,24.98
53057,Skagit County,WA,Washington,129523,137,49961,38.57999802,"Skagit County, Washington",17.52,21.34
12119,Sumter County,FL,Florida,129752,95,39301,30.30999947,"Sumter County, Florida",18.07,24.95
44009,Washington County,RI,Rhode Island,129839,91,62542,48.18000031,"Washington County, Rhode Island",25.88,18.67
22079,Rapides Parish,LA,Louisiana,130023,305,95528,73.48000336,"Rapides Parish, Louisiana",13.32,29.78
18095,Madison County,IN,Indiana,130129,169,39600,30.40000343,"Madison County, Indiana",12.03,32.78
33017,Strafford County,NH,New Hampshire,130889,86,31136,23.79000092,"Strafford County, New Hampshire",22.76,22.77
19013,Black Hawk County,IA,Iowa,131144,168,64217,49.0,"Black Hawk County, Iowa",19.36,25.42
17179,Tazewell County,IL,Illinois,131343,158,56122,42.72999954,"Tazewell County, Illinois",17.91,26.89
45077,Pickens County,SC,South Carolina,131404,194,62545,47.59999847,"Pickens County, South Carolina",15.22,23.02
17093,Kendall County,IL,Illinois,131869,48,35826,27.18000031,"Kendall County, Illinois",23.13,20.81
39173,Wood County,OH,Ohio,132248,134,70296,53.16999817,"Wood County, Ohio",20.58,26.79
47179,Washington County,TN,Tennessee,133001,254,69305,52.1099968,"Washington County, Tennessee",18.74,24.82
49005,Cache County,UT,Utah,133154,267,109401,82.13999939,"Cache County, Utah",25.36,18.27
22105,Tangipahoa Parish,LA,Louisiana,133157,216,69644,52.29999924,"Tangipahoa Parish, Louisiana",15.49,29.38
42021,Cambria County,PA,Pennsylvania,133472,230,85180,63.83000183,"Cambria County, Pennsylvania",14.17,40.38
37085,Harnett County,NC,North Carolina,133568,199,47836,35.81999969,"Harnett County, North Carolina",14.89,23.55
26025,Calhoun County,MI,Michigan,134310,169,43340,32.25999832,"Calhoun County, Michigan",13.82,30.33
21227,Warren County,KY,Kentucky,134554,170,56619,42.05000305,"Warren County, Kentucky",19.06,21.35
47009,Blount County,TN,Tennessee,135280,230,70448,52.07999802,"Blount County, Tennessee",15.54,29.74
48181,Grayson County,TX,Texas,135543,218,61722,45.52999878,"Grayson County, Texas",14.08,24.11
21015,Boone County,KY,Kentucky,135968,85,57838,42.54000092,"Boone County, Kentucky",20.68,24.95
39023,Clark County,OH,Ohio,136001,172,46085,33.90000153,"Clark County, Ohio",11.68,31.82
06023,Humboldt County,CA,California,136463,157,26215,19.20000076,"Humboldt County, California",20.69,19.44
37019,Brunswick County,NC,North Carolina,136693,159,55756,40.77999878,"Brunswick County, North Carolina",18.94,24.51
55131,Washington County,WI,Wisconsin,136761,90,76172,55.70999527,"Washington County, Wisconsin",23.14,26.33
45041,Florence County,SC,South Carolina,137059,255,71301,52.02000046,"Florence County, South Carolina",15.15,28.18
51650,Hampton city,VA,Virginia,137148,148,71756,52.30000305,"Hampton city, Virginia",16.06,25.48
55073,Marathon County,WI,Wisconsin,138013,163,70187,50.91000366,"Marathon County, Wisconsin",18.29,30.67
06055,Napa County,CA,California,138019,95,69147,50.10000229,"Napa County, California",24.41,15.18
18105,Monroe County,IN,Indiana,139718,143,39347,28.18000221,"Monroe County, Indiana",23.36,17.97
51177,Spotsylvania County,VA,Virginia,140032,101,56453,40.30999756,"Spotsylvania County, Virginia",19.95,24.29
48381,Randall County,TX,Texas,140753,117,69618,49.47000122,"Randall County, Texas",21.05,18.9
27171,Wright County,MN,Minnesota,141337,106,61563,43.55000305,"Wright County, Minnesota",21.51,25.7
22063,Livingston Parish,LA,Louisiana,142282,143,69981,49.18999863,"Livingston Parish, Louisiana",13.58,31.89
42107,Schuylkill County,PA,Pennsylvania,143049,241,74126,51.82999802,"Schuylkill County, Pennsylvania",11.58,39.2
48441,Taylor County,TX,Texas,143208,215,89892,62.80999756,"Taylor County, Texas",17.19,24.55
28059,Jackson County,MS,Mississippi,143252,208,69252,48.37000275,"Jackson County, Mississippi",14.39,22.79
42075,Lebanon County,PA,Pennsylvania,143257,207,51702,36.09999847,"Lebanon County, Pennsylvania",13.8,39.1
37151,Randolph County,NC,North Carolina,144171,265,68200,47.29999924,"Randolph County, North Carolina",11.53,26.65
34037,Sussex County,NJ,New Jersey,144221,86,43185,29.94000053,"Sussex County, New Jersey",24.23,27.05
13097,Douglas County,GA,Georgia,144237,129,77553,53.80999756,"Douglas County, Georgia",17.8,25.11
17161,Rock Island County,IL,Illinois,144672,169,45719,31.61000061,"Rock Island County, Illinois",15.33,24.43
04005,Coconino County,AZ,Arizona,145101,156,47076,32.45000076,"Coconino County, Arizona",22.47,19.25
48257,Kaufman County,TX,Texas,145310,174,59414,40.87000275,"Kaufman County, Texas",14.18,26.69
13077,Coweta County,GA,Georgia,146158,153,61907,42.33000183,"Coweta County, Georgia",22.42,23.27
37159,Rowan County,NC,North Carolina,146875,278,69773,47.50999832,"Rowan County, North Carolina",14.34,26.87
47189,Wilson County,TN,Tennessee,147737,198,75542,51.11999512,"Wilson County, Tennessee",23.42,23.03
48367,Parker County,TX,Texas,148222,176,65923,44.47000122,"Parker County, Texas",17.29,22.36
37135,Orange County,NC,North Carolina,148696,175,74187,49.88000107,"Orange County, North Carolina",26.06,10.19
35043,Sandoval County,NM,New Mexico,148834,121,81076,54.47000122,"Sandoval County, New Mexico",18.17,21.16
09013,Tolland County,CT,Connecticut,149788,101,53152,35.47999954,"Tolland County, Connecticut",23.92,22.67
27139,Scott County,MN,Minnesota,150928,75,75803,50.21999741,"Scott County, Minnesota",28.97,18.35
23019,Penobscot County,ME,Maine,152199,174,44279,29.1099987,"Penobscot County, Maine",17.65,28.59
06031,Kings County,CA,California,152486,98,68957,45.22999954,"Kings County, California",10.08,22.58
19103,Johnson County,IA,Iowa,152854,114,45691,29.87999916,"Johnson County, Iowa",29.06,13.29
33013,Merrimack County,NH,New Hampshire,153808,133,42321,27.5,"Merrimack County, New Hampshire",20.31,23.68
12017,Citrus County,FL,Florida,153843,139,57248,37.20999908,"Citrus County, Florida",11.56,30.91
34011,Cumberland County,NJ,New Jersey,154152,173,67455,43.73000336,"Cumberland County, New Jersey",11.12,31.91
26021,Berrien County,MI,Michigan,154316,229,67424,43.69000244,"Berrien County, Michigan",16.64,24.04
40017,Canadian County,OK,Oklahoma,154405,144,60814,39.38999939,"Canadian County, Oklahoma",19.86,25.35
24043,Washington County,MD,Maryland,154705,232,58736,37.95999908,"Washington County, Maryland",13.24,30.9
26115,Monroe County,MI,Michigan,154809,140,70648,45.63999939,"Monroe County, Michigan",13.63,29.76
35049,Santa Fe County,NM,New Mexico,154823,143,111627,72.06999969,"Santa Fe County, New Mexico",20.57,19.49
08077,Mesa County,CO,Colorado,155703,159,59034,37.90999985,"Mesa County, Colorado",18.08,22.73
42055,Franklin County,PA,Pennsylvania,155932,254,51148,32.79999924,"Franklin County, Pennsylvania",13.53,38.63
13073,Columbia County,GA,Georgia,156010,119,61829,39.63999939,"Columbia County, Georgia",21.86,20.16
06039,Madera County,CA,California,156255,128,69393,44.41000366,"Madera County, California",10.79,19.75
51179,Stafford County,VA,Virginia,156927,109,48068,30.61999893,"Stafford County, Virginia",24.65,19.38
28121,Rankin County,MS,Mississippi,157031,199,84876,54.05999756,"Rankin County, Mississippi",19.46,19.21
13021,Bibb County,GA,Georgia,157346,234,91563,58.15999985,"Bibb County, Georgia",13.54,25.94
36093,Schenectady County,NY,New York,158061,123,55761,35.29999924,"Schenectady County, New York",18.02,23.22
47163,Sullivan County,TN,Tennessee,158163,344,98506,62.27000046,"Sullivan County, Tennessee",15.83,26.78
42027,Centre County,PA,Pennsylvania,158172,212,53659,33.93999863,"Centre County, Pennsylvania",23.58,25.29
27145,Stearns County,MN,Minnesota,158292,131,83883,52.97999954,"Stearns County, Minnesota",18.94,25.89
12085,Martin County,FL,Florida,158431,123,84742,53.5,"Martin County, Florida",21.2,21.54
39045,Fairfield County,OH,Ohio,158921,173,67049,42.20000076,"Fairfield County, Ohio",18.76,29.72
51510,Alexandria city,VA,Virginia,159467,95,63496,39.81000137,"Alexandria city, Virginia",31.23,9.31
12061,Indian River County,FL,Florida,159788,138,84114,52.63000488,"Indian River County, Florida",18.5,24.57
26075,Jackson County,MI,Michigan,160366,141,44966,28.02999878,"Jackson County, Michigan",15.05,27.35
22073,Ouachita Parish,LA,Louisiana,160368,277,98413,61.35000229,"Ouachita Parish, Louisiana",15.55,28.72
26147,St. Clair County,MI,Michigan,160383,129,54797,34.14999771,"St. Clair County, Michigan",11.87,28.79
37035,Catawba County,NC,North Carolina,160610,279,94434,58.79999924,"Catawba County, North Carolina",16.21,25.02
36083,Rensselaer County,NY,New York,161130,141,48897,30.29000092,"Rensselaer County, New York",20.0,23.02
48091,Comal County,TX,Texas,161501,115,97663,60.45999908,"Comal County, Texas",24.66,21.39
45035,Dorchester County,SC,South Carolina,161540,174,67584,41.84000015,"Dorchester County, South Carolina",18.54,21.4
18081,Johnson County,IN,Indiana,161765,122,56877,35.15000153,"Johnson County, Indiana",21.1,26.39
39133,Portage County,OH,Ohio,161791,142,45767,28.28000259,"Portage County, Ohio",17.91,33.38
25015,Hampshire County,MA,Massachusetts,162308,103,38978,23.99000168,"Hampshire County, Massachusetts",24.35,20.02
27109,Olmsted County,MN,Minnesota,162847,143,77503,47.60000229,"Olmsted County, Minnesota",26.68,16.57
13153,Houston County,GA,Georgia,163633,145,72128,44.08999634,"Houston County, Georgia",17.75,22.18
55105,Rock County,WI,Wisconsin,163687,174,62560,38.18999863,"Rock County, Wisconsin",16.01,29.97
09007,Middlesex County,CT,Connecticut,164245,132,73587,44.81000137,"Middlesex County, Connecticut",24.2,22.79
30111,Yellowstone County,MT,Montana,164731,162,55284,33.54000092,"Yellowstone County, Montana",22.75,24.13
15009,Maui County,HI,Hawaii,164754,212,76713,46.55000305,"Maui County, Hawaii",18.78,28.03
48135,Ector County,TX,Texas,165171,190,83070,50.32000351,"Ector County, Texas",11.72,22.7
24017,Charles County,MD,Maryland,166617,145,66417,39.88000107,"Charles County, Maryland",17.63,28.17
39057,Greene County,OH,Ohio,167966,187,67378,40.12999725,"Greene County, Ohio",20.66,19.98
08101,Pueblo County,CO,Colorado,168162,166,58988,35.04000092,"Pueblo County, Colorado",15.08,23.58
42007,Beaver County,PA,Pennsylvania,168215,235,84140,50.02000046,"Beaver County, Pennsylvania",17.33,32.43
50007,Chittenden County,VT,Vermont,168323,122,89599,53.25,"Chittenden County, Vermont",31.07,16.33
42089,Monroe County,PA,Pennsylvania,168327,132,61697,36.62000275,"Monroe County, Pennsylvania",15.68,30.34
13223,Paulding County,GA,Georgia,168661,97,36473,21.64999962,"Paulding County, Georgia",16.09,25.14
45003,Aiken County,SC,South Carolina,168808,268,102994,60.97999954,"Aiken County, South Carolina",17.5,26.87
37057,Davidson County,NC,North Carolina,168930,247,67493,39.97000122,"Davidson County, North Carolina",13.3,26.47
21117,Kenton County,KY,Kentucky,169064,134,73082,43.25999832,"Kenton County, Kentucky",21.5,23.15
55059,Kenosha County,WI,Wisconsin,169151,115,59361,35.07999802,"Kenosha County, Wisconsin",17.72,25.09
20209,Wyandotte County,KS,Kansas,169245,277,84492,49.91999817,"Wyandotte County, Kansas",12.03,27.1
48329,Midland County,TX,Texas,169983,180,110901,65.25,"Midland County, Texas",19.84,19.95
37147,Pitt County,NC,North Carolina,170243,235,64870,38.11000061,"Pitt County, North Carolina",20.35,19.9
44003,Kent County,RI,Rhode Island,170363,97,76866,45.13000488,"Kent County, Rhode Island",20.15,23.67
17113,McLean County,IL,Illinois,170954,179,75652,44.25,"McLean County, Illinois",29.38,20.51
16055,Kootenai County,ID,Idaho,171362,129,109091,63.65999985,"Kootenai County, Idaho",17.69,21.2
37001,Alamance County,NC,North Carolina,171415,246,75835,44.23999786,"Alamance County, North Carolina",17.46,22.11
55139,Winnebago County,WI,Wisconsin,171730,140,76608,44.61000061,"Winnebago County, Wisconsin",20.56,28.49
48187,Guadalupe County,TX,Texas,172706,127,58950,34.15000153,"Guadalupe County, Texas",18.09,26.29
24013,Carroll County,MD,Maryland,172891,155,68795,39.78000259,"Carroll County, Maryland",23.02,26.09
18127,Porter County,IN,Indiana,173215,139,66164,38.22999954,"Porter County, Indiana",17.93,30.04
01081,Lee County,AL,Alabama,174241,193,62362,35.81999969,"Lee County, Alabama",20.06,17.31
19163,Scott County,IA,Iowa,174669,143,68978,39.49000168,"Scott County, Iowa",20.48,24.16
18063,Hendricks County,IN,Indiana,174788,134,67777,38.78000259,"Hendricks County, Indiana",24.95,23.36
12005,Bay County,FL,Florida,175216,205,64581,36.86999893,"Bay County, Florida",15.76,23.84
26121,Muskegon County,MI,Michigan,175824,182,49858,28.34000015,"Muskegon County, Michigan",13.74,27.07
39089,Licking County,OH,Ohio,178519,204,57506,32.18000412,"Licking County, Ohio",18.58,30.21
20177,Shawnee County,KS,Kansas,178909,216,76367,42.72000122,"Shawnee County, Kansas",20.21,26.47
06025,Imperial County,CA,California,179702,124,155024,86.25,"Imperial County, California",11.03,21.17
48251,Johnson County,TX,Texas,179927,191,65690,36.54000473,"Johnson County, Texas",13.47,29.32
18163,Vanderburgh County,IN,Indiana,180136,207,82295,45.68999863,"Vanderburgh County, Indiana",17.41,27.05
49053,Washington County,UT,Utah,180279,330,133506,74.04000092,"Washington County, Utah",18.68,19.75
54039,Kanawha County,WV,West Virginia,180745,360,73750,40.82000351,"Kanawha County, West Virginia",15.86,30.66
17143,Peoria County,IL,Illinois,181830,240,78463,43.11999893,"Peoria County, Illinois",19.11,23.97
10001,Kent County,DE,Delaware,181851,199,57218,31.4600029,"Kent County, Delaware",15.23,28.38
36111,Ulster County,NY,New York,181851,190,65429,35.95999908,"Ulster County, New York",17.76,23.43
06089,Shasta County,CA,California,182155,155,70163,38.54000092,"Shasta County, California",14.81,21.41
39103,Medina County,OH,Ohio,182470,145,67843,37.15999603,"Medina County, Ohio",22.35,27.62
29019,Boone County,MO,Missouri,183610,184,68011,37.01000595,"Boone County, Missouri",26.98,17.28
38017,Cass County,ND,North Dakota,184525,146,94531,51.20000076,"Cass County, North Dakota",28.13,15.66
09005,Litchfield County,CT,Connecticut,185186,171,66695,35.98999786,"Litchfield County, Connecticut",21.39,26.47
28033,DeSoto County,MS,Mississippi,185314,208,95185,51.38000107,"DeSoto County, Mississippi",16.22,24.67
51700,Newport News city,VA,Virginia,186247,185,83005,44.58000183,"Newport News city, Virginia",17.66,23.33
18157,Tippecanoe County,IN,Indiana,186251,139,54231,29.11000252,"Tippecanoe County, Indiana",22.12,23.18
37097,Iredell County,NC,North Carolina,186693,274,100203,53.68999863,"Iredell County, North Carolina",20.7,22.58
12015,Charlotte County,FL,Florida,186847,136,89601,47.96999741,"Charlotte County, Florida",15.03,28.55
45013,Beaufort County,SC,South Carolina,187117,161,83474,44.61000061,"Beaufort County, South Carolina",24.48,19.39
12113,Santa Rosa County,FL,Florida,188000,166,86475,46.0,"Santa Rosa County, Florida",17.5,22.2
26145,Saginaw County,MI,Michigan,190124,222,90866,47.79000092,"Saginaw County, Michigan",14.53,28.47
31153,Sarpy County,NE,Nebraska,190604,98,60055,31.50000191,"Sarpy County, Nebraska",26.19,19.28
55087,Outagamie County,WI,Wisconsin,190705,132,123463,64.70999908,"Outagamie County, Wisconsin",20.88,28.33
06017,El Dorado County,CA,California,191185,108,57740,30.19000244,"El Dorado County, California",23.62,18.34
48139,Ellis County,TX,Texas,192455,249,97589,50.74000168,"Ellis County, Texas",17.23,22.5
42019,Butler County,PA,Pennsylvania,193763,202,104569,53.96999741,"Butler County, Pennsylvania",24.13,28.9
26093,Livingston County,MI,Michigan,193866,106,57109,29.46999741,"Livingston County, Michigan",24.69,23.46
12053,Hernando County,FL,Florida,194515,137,71366,36.68999863,"Hernando County, Florida",12.62,27.88
47165,Sumner County,TN,Tennessee,196281,216,105169,53.59000015,"Sumner County, Tennessee",19.74,25.17
17167,Sangamon County,IL,Illinois,196343,217,92520,47.15000153,"Sangamon County, Illinois",21.05,23.32
46099,Minnehaha County,SD,South Dakota,197214,253,131973,66.91999817,"Minnehaha County, South Dakota",23.21,22.76
55101,Racine County,WI,Wisconsin,197727,170,82499,41.70000076,"Racine County, Wisconsin",17.02,27.03
41017,Deschutes County,OR,Oregon,198253,154,58167,29.35000038,"Deschutes County, Oregon",22.83,17.99
36007,Broome County,NY,New York,198683,208,89637,45.11000443,"Broome County, New York",15.67,25.3
27137,St. Louis County,MN,Minnesota,200231,261,70529,35.23999786,"St. Louis County, Minnesota",19.59,22.21
15001,Hawaii County,HI,Hawaii,200629,276,83945,41.81999969,"Hawaii County, Hawaii",19.55,27.7
39155,Trumbull County,OH,Ohio,201977,299,95827,47.41999435,"Trumbull County, Ohio",12.84,39.77
13139,Hall County,GA,Georgia,203136,196,162699,80.0799942,"Hall County, Georgia",14.73,23.22
45007,Anderson County,SC,South Carolina,203718,346,147842,72.5799942,"Anderson County, South Carolina",15.16,23.75
04027,Yuma County,AZ,Arizona,203881,148,71453,35.06000137,"Yuma County, Arizona",10.07,21.6
37133,Onslow County,NC,North Carolina,204576,182,71889,35.13999939,"Onslow County, North Carolina",16.36,25.01
17019,Champaign County,IL,Illinois,205865,205,81687,39.68999863,"Champaign County, Illinois",21.09,18.94
13245,Richmond County,GA,Georgia,206607,247,109146,52.83000183,"Richmond County, Georgia",13.83,26.2
53005,Benton County,WA,Washington,206873,185,110707,53.52000046,"Benton County, Washington",19.31,18.75
13215,Muscogee County,GA,Georgia,206922,268,120404,58.20999908,"Muscogee County, Georgia",16.41,21.44
18039,Elkhart County,IN,Indiana,207047,343,94940,45.91000748,"Elkhart County, Indiana",13.0,29.02
39025,Clermont County,OH,Ohio,208601,179,85155,40.81000137,"Clermont County, Ohio",18.28,27.8
28047,Harrison County,MS,Mississippi,208621,260,92343,44.25,"Harrison County, Mississippi",14.58,21.46
42125,Washington County,PA,Pennsylvania,209349,266,88308,42.18999863,"Washington County, Pennsylvania",20.0,33.89
06007,Butte County,CA,California,211632,191,61268,28.92000008,"Butte County, California",18.39,18.56
12091,Okaloosa County,FL,Florida,211668,223,111603,52.71999741,"Okaloosa County, Florida",19.89,20.22
23031,York County,ME,Maine,211972,153,68683,32.38000107,"York County, Maine",20.84,25.23
36063,Niagara County,NY,New York,212666,200,102994,48.43000412,"Niagara County, New York",14.74,26.69
04015,Mohave County,AZ,Arizona,213267,161,54656,25.62999916,"Mohave County, Arizona",8.32,28.71
39041,Delaware County,OH,Ohio,214124,140,92619,43.24999619,"Delaware County, Ohio",33.86,16.23
42069,Lackawanna County,PA,Pennsylvania,215896,212,136343,63.15000153,"Lackawanna County, Pennsylvania",17.84,33.52
37101,Johnston County,NC,North Carolina,215999,278,84146,38.9600029,"Johnston County, North Carolina",17.02,22.62
06113,Yolo County,CA,California,216403,122,75313,34.76999664,"Yolo County, California",21.81,15.28
22019,Calcasieu Parish,LA,Louisiana,216785,264,131471,60.66000366,"Calcasieu Parish, Louisiana",14.5,28.51
12019,Clay County,FL,Florida,218245,173,87094,39.91000366,"Clay County, Florida",17.73,23.85
35013,DoÃƒÂ±a Ana County,NM,New Mexico,219561,187,81987,37.34000397,"Doña Ana County, New Mexico",17.27,17.23
47125,Montgomery County,TN,Tennessee,220069,244,104475,47.45000458,"Montgomery County, Tennessee",19.04,22.75
01117,Shelby County,AL,Alabama,223024,236,98262,44.09000397,"Shelby County, Alabama",28.88,16.73
41029,Jackson County,OR,Oregon,223259,222,62883,28.18000031,"Jackson County, Oregon",17.6,20.75
37129,New Hanover County,NC,North Carolina,225702,239,115016,50.9600029,"New Hanover County, North Carolina",27.77,16.45
37025,Cabarrus County,NC,North Carolina,225804,276,121828,53.93999481,"Cabarrus County, North Carolina",21.26,21.42
51760,Richmond city,VA,Virginia,226610,300,162375,71.6700058,"Richmond city, Virginia",23.87,16.95
29099,Jefferson County,MO,Missouri,226739,170,79716,35.13999557,"Jefferson County, Missouri",14.36,25.94
53073,Whatcom County,WA,Washington,226847,217,99143,43.72000122,"Whatcom County, Washington",22.14,18.5
01125,Tuscaloosa County,AL,Alabama,227036,320,111735,49.17999268,"Tuscaloosa County, Alabama",18.29,24.87
28049,Hinds County,MS,Mississippi,227742,467,174248,76.5,"Hinds County, Mississippi",17.26,19.57
37071,Gaston County,NC,North Carolina,227943,395,129867,56.96999741,"Gaston County, North Carolina",15.14,23.98
39099,Mahoning County,OH,Ohio,228614,281,118026,51.64999771,"Mahoning County, Ohio",16.11,33.49
01101,Montgomery County,AL,Alabama,228954,388,168933,73.75000763,"Montgomery County, Alabama",19.61,19.76
25001,Barnstable County,MA,Massachusetts,228996,175,82694,36.11000061,"Barnstable County, Massachusetts",24.93,20.47
45015,Berkeley County,SC,South Carolina,229861,263,82725,35.97999954,"Berkeley County, South Carolina",16.83,25.0
19113,Linn County,IA,Iowa,230299,196,103395,44.91999817,"Linn County, Iowa",23.56,22.76
16027,Canyon County,ID,Idaho,231105,242,99546,43.06000137,"Canyon County, Idaho",14.44,24.04
01003,Baldwin County,AL,Alabama,231767,285,124351,53.63999939,"Baldwin County, Alabama",20.21,22.19
36065,Oneida County,NY,New York,232125,246,122916,52.93999863,"Oneida County, New York",15.14,25.68
39085,Lake County,OH,Ohio,232603,161,110638,47.54999542,"Lake County, Ohio",17.86,28.38
48423,Smith County,TX,Texas,233479,380,143718,61.53000259,"Smith County, Texas",18.26,18.97
48041,Brazos County,TX,Texas,233849,174,92993,39.77000046,"Brazos County, Texas",22.33,15.93
36091,Saratoga County,NY,New York,235509,141,82054,34.84999847,"Saratoga County, New York",23.22,20.82
04025,Yavapai County,AZ,Arizona,236209,266,98175,41.55999756,"Yavapai County, Arizona",15.01,21.27
10005,Sussex County,DE,Delaware,237378,283,82730,34.84000397,"Sussex County, Delaware",16.97,27.45
22017,Caddo Parish,LA,Louisiana,237848,383,192302,80.84000397,"Caddo Parish, Louisiana",14.39,26.91
51710,Norfolk city,VA,Virginia,238005,270,113661,47.75,"Norfolk city, Virginia",18.35,19.99
37179,Union County,NC,North Carolina,238267,253,125288,52.60000229,"Union County, North Carolina",24.61,20.5
51013,Arlington County,VA,Virginia,238643,120,83048,34.79999924,"Arlington County, Virginia",35.32,6.59
13151,Henry County,GA,Georgia,240712,184,89403,37.13999939,"Henry County, Georgia",17.56,27.37
48209,Hays County,TX,Texas,241067,143,94174,39.05999756,"Hays County, Texas",24.87,19.35
22055,Lafayette Parish,LA,Louisiana,241753,161,171359,70.87999725,"Lafayette Parish, Louisiana",23.05,25.27
39165,Warren County,OH,Ohio,242337,194,130511,53.85000229,"Warren County, Ohio",26.63,22.26
05143,Washington County,AR,Arkansas,245871,300,145707,59.25,"Washington County, Arkansas",19.33,21.85
47187,Williamson County,TN,Tennessee,247726,268,136153,54.97000122,"Williamson County, Tennessee",38.1,11.21
51550,Chesapeake city,VA,Virginia,249422,218,111725,44.81999969,"Chesapeake city, Virginia",21.76,20.13
13117,Forsyth County,GA,Georgia,251283,134,105614,42.03000259,"Forsyth County, Georgia",35.49,12.7
29047,Clay County,MO,Missouri,253335,210,100005,39.46999741,"Clay County, Missouri",21.94,24.3
48245,Jefferson County,TX,Texas,256526,408,179404,69.91999817,"Jefferson County, Texas",12.93,26.81
53077,Yakima County,WA,Washington,256728,249,119432,46.52000046,"Yakima County, Washington",10.9,21.27
17163,St. Clair County,IL,Illinois,257400,313,119474,46.41999817,"St. Clair County, Illinois",17.03,22.61
42041,Cumberland County,PA,Pennsylvania,259469,287,108173,41.67000198,"Cumberland County, Pennsylvania",23.18,27.87
48309,McLennan County,TX,Texas,260579,392,149401,57.3599968,"McLennan County, Texas",15.87,22.55
24025,Harford County,MD,Maryland,260924,205,91277,34.99000168,"Harford County, Maryland",21.38,22.08
26077,Kalamazoo County,MI,Michigan,261670,222,102106,39.02999878,"Kalamazoo County, Michigan",24.06,19.41
49057,Weber County,UT,Utah,262223,403,168895,64.40999603,"Weber County, Utah",17.55,25.05
06041,Marin County,CA,California,262321,178,97211,37.05999756,"Marin County, California",34.38,8.99
22103,St. Tammany Parish,LA,Louisiana,264570,235,214462,81.06999969,"St. Tammany Parish, Louisiana",22.23,19.73
17119,Madison County,IL,Illinois,265859,347,127014,47.80000305,"Madison County, Illinois",17.42,24.02
13057,Cherokee County,GA,Georgia,266620,176,119204,44.70000076,"Cherokee County, Georgia",26.0,19.02
48479,Webb County,TX,Texas,267114,163,183450,68.65000153,"Webb County, Texas",13.38,20.65
27163,Washington County,MN,Minnesota,267568,125,118202,44.16999817,"Washington County, Minnesota",29.31,17.81
09011,New London County,CT,Connecticut,268555,232,95564,35.59999847,"New London County, Connecticut",18.54,24.43
55009,Brown County,WI,Wisconsin,268740,178,146739,54.62999725,"Brown County, Wisconsin",21.26,26.87
37021,Buncombe County,NC,North Carolina,269452,380,141396,52.48999786,"Buncombe County, North Carolina",25.06,19.68
06087,Santa Cruz County,CA,California,270861,188,106948,39.42000198,"Santa Cruz County, California",24.39,13.12
42049,Erie County,PA,Pennsylvania,270876,298,104751,38.65000153,"Erie County, Pennsylvania",18.39,32.66
24021,Frederick County,MD,Maryland,271717,275,99655,36.68999481,"Frederick County, Maryland",23.21,21.2
18141,St. Joseph County,IN,Indiana,272912,296,108571,39.78000259,"St. Joseph County, Indiana",18.46,24.67
12109,St. Johns County,FL,Florida,273425,163,99582,36.42000198,"St. Johns County, Florida",27.53,17.79
34001,Atlantic County,NJ,New Jersey,274534,233,147942,53.91000366,"Atlantic County, New Jersey",18.65,28.94
53035,Kitsap County,WA,Washington,275611,218,121620,44.16999817,"Kitsap County, Washington",22.53,17.76
12001,Alachua County,FL,Florida,278468,299,129427,46.49000168,"Alachua County, Florida",22.81,16.72
06047,Merced County,CA,California,281202,192,126904,45.1099968,"Merced County, California",9.6,22.03
45091,York County,SC,South Carolina,282090,360,126107,44.7100029,"York County, South Carolina",22.06,20.64
06079,San Luis Obispo County,CA,California,282424,229,109047,38.61999893,"San Luis Obispo County, California",22.32,17.25
05007,Benton County,AR,Arkansas,284333,376,138790,48.80999756,"Benton County, Arkansas",23.14,24.9
26065,Ingham County,MI,Michigan,284900,273,112833,39.57999802,"Ingham County, Michigan",20.96,18.65
17201,Winnebago County,IL,Illinois,285350,286,162722,57.04999542,"Winnebago County, Illinois",14.85,24.63
42043,Dauphin County,PA,Pennsylvania,286401,370,127766,44.60000229,"Dauphin County, Pennsylvania",20.58,28.98
02020,Anchorage Municipality,AK,Alaska,291247,350,109633,37.63999939,"Anchorage Municipality, Alaska",22.72,19.21
12073,Leon County,FL,Florida,292198,321,142813,48.90999985,"Leon County, Florida",26.54,15.02
45063,Lexington County,SC,South Carolina,293991,329,155423,52.86999893,"Lexington County, South Carolina",19.72,23.39
53067,Thurston County,WA,Washington,294793,208,107741,36.50999832,"Thurston County, Washington",22.19,17.58
13051,Chatham County,GA,Georgia,295291,334,122966,41.61999893,"Chatham County, Georgia",20.77,19.71
40027,Cleveland County,OK,Oklahoma,295528,261,149939,50.75000381,"Cleveland County, Oklahoma",21.19,20.16
36027,Dutchess County,NY,New York,295911,226,143289,48.43999863,"Dutchess County, New York",19.39,21.35
26139,Ottawa County,MI,Michigan,296200,285,130977,44.22999954,"Ottawa County, Michigan",23.29,23.5
13063,Clayton County,GA,Georgia,297595,200,136102,45.75,"Clayton County, Georgia",12.62,29.44
29077,Greene County,MO,Missouri,298915,371,143157,47.89999771,"Greene County, Missouri",20.0,23.45
29510,St. Louis city,MO,Missouri,301578,511,240618,79.79000092,"St. Louis city, Missouri",20.47,20.06
34015,Gloucester County,NJ,New Jersey,302294,209,179513,59.3900032,"Gloucester County, New Jersey",22.6,28.21
23005,Cumberland County,ME,Maine,303069,267,99895,32.97000122,"Cumberland County, Maine",29.06,18.46
17111,McHenry County,IL,Illinois,310229,153,118868,38.30999756,"McHenry County, Illinois",23.59,22.9
48303,Lubbock County,TX,Texas,310639,345,159089,51.19000244,"Lubbock County, Texas",19.99,19.97
42095,Northampton County,PA,Pennsylvania,312951,247,138625,44.29000092,"Northampton County, Pennsylvania",19.71,30.58
39093,Lorain County,OH,Ohio,312964,292,141751,45.29000473,"Lorain County, Ohio",16.0,26.59
33015,Rockingham County,NH,New Hampshire,314176,170,90312,28.73999786,"Rockingham County, New Hampshire",26.31,22.41
36001,Albany County,NY,New York,314848,232,145940,46.34999847,"Albany County, New York",22.13,17.82
12033,Escambia County,FL,Florida,321905,403,171940,53.40000153,"Escambia County, Florida",17.26,22.6
21067,Fayette County,KY,Kentucky,322570,313,156237,48.41999817,"Fayette County, Kentucky",25.35,15.43
31109,Lancaster County,NE,Nebraska,322608,249,142453,44.13999939,"Lancaster County, Nebraska",24.82,17.46
37063,Durham County,NC,North Carolina,324833,361,145883,44.86999893,"Durham County, North Carolina",25.74,14.61
42079,Luzerne County,PA,Pennsylvania,325594,348,166064,51.0,"Luzerne County, Pennsylvania",14.58,34.04
45083,Spartanburg County,SC,South Carolina,327997,484,169047,51.52000046,"Spartanburg County, South Carolina",15.55,25.23
08123,Weld County,CO,Colorado,328981,233,91767,27.8900013,"Weld County, Colorado",18.27,22.21
12111,St. Lucie County,FL,Florida,329226,238,118808,36.06000137,"St. Lucie County, Florida",14.92,26.71
08013,Boulder County,CO,Colorado,330758,205,120402,36.41000366,"Boulder County, Colorado",34.56,9.3
24027,Howard County,MD,Maryland,332317,222,143226,43.08000183,"Howard County, Maryland",30.38,11.65
51087,Henrico County,VA,Virginia,334389,244,180531,53.97000122,"Henrico County, Virginia",26.85,18.27
37051,Cumberland County,NC,North Carolina,334728,455,206923,61.80000305,"Cumberland County, North Carolina",16.7,22.78
36087,Rockland County,NY,New York,338329,226,218139,64.47000122,"Rockland County, New York",22.88,18.75
47149,Rutherford County,TN,Tennessee,341486,376,130293,38.19000244,"Rutherford County, Tennessee",22.85,23.13
34035,Somerset County,NJ,New Jersey,345361,211,173276,50.13999939,"Somerset County, New Jersey",30.25,17.85
41047,Marion County,OR,Oregon,345920,307,158732,45.90000153,"Marion County, Oregon",15.82,20.65
18057,Hamilton County,IN,Indiana,347467,201,139045,39.98999786,"Hamilton County, Indiana",36.59,13.13
48167,Galveston County,TX,Texas,350682,317,157167,44.83000183,"Galveston County, Texas",21.23,19.68
45051,Horry County,SC,South Carolina,351029,389,157946,45.0,"Horry County, South Carolina",15.62,28.22
48355,Nueces County,TX,Texas,353178,335,225360,63.82000732,"Nueces County, Texas",13.95,23.93
42129,Westmoreland County,PA,Pennsylvania,354663,429,182380,51.38999939,"Westmoreland County, Pennsylvania",19.27,32.57
08035,Douglas County,CO,Colorado,357978,151,132998,37.13999939,"Douglas County, Colorado",37.88,10.41
08069,Larimer County,CO,Colorado,359066,243,125050,34.84999847,"Larimer County, Colorado",28.07,15.82
49011,Davis County,UT,Utah,362679,676,276152,76.15000153,"Davis County, Utah",25.77,18.52
27003,Anoka County,MN,Minnesota,363887,189,153906,42.27999878,"Anoka County, Minnesota",21.56,24.24
51041,Chesterfield County,VA,Virginia,364548,278,179824,49.31999969,"Chesterfield County, Virginia",24.88,19.75
47065,Hamilton County,TN,Tennessee,366207,673,216308,59.06999969,"Hamilton County, Tennessee",21.51,21.8
48027,Bell County,TX,Texas,370647,348,173731,46.86000061,"Bell County, Texas",16.68,20.96
48039,Brazoria County,TX,Texas,372031,377,212646,57.13999939,"Brazoria County, Texas",19.93,19.25
26161,Washtenaw County,MI,Michigan,372258,302,118242,31.73999786,"Washtenaw County, Michigan",26.67,12.33
42077,Lehigh County,PA,Pennsylvania,374557,310,150621,40.20999908,"Lehigh County, Pennsylvania",18.91,29.07
39151,Stark County,OH,Ohio,374853,433,176128,47.00000381,"Stark County, Ohio",15.21,34.64
12021,Collier County,FL,Florida,375752,237,231590,61.59999847,"Collier County, Florida",21.36,23.41
12083,Marion County,FL,Florida,375908,396,144220,38.34999847,"Marion County, Florida",13.48,30.43
37067,Forsyth County,NC,North Carolina,382590,476,271240,70.8999939,"Forsyth County, North Carolina",21.02,21.53
41039,Lane County,OR,Oregon,382971,363,91263,23.83000183,"Lane County, Oregon",18.98,18.65
12069,Lake County,FL,Florida,383956,351,156403,40.74000549,"Lake County, Florida",15.27,27.2
22071,Orleans Parish,LA,Louisiana,383997,431,214133,55.75,"Orleans Parish, Louisiana",21.0,19.56
18003,Allen County,IN,Indiana,385410,436,210141,54.54999924,"Allen County, Indiana",19.46,24.58
34021,Mercer County,NJ,New Jersey,387340,299,185168,47.81999969,"Mercer County, New Jersey",23.17,23.04
01089,Madison County,AL,Alabama,388153,527,247964,63.86000061,"Madison County, Alabama",26.86,15.39
12097,Osceola County,FL,Florida,388656,257,184408,47.47000122,"Osceola County, Florida",15.93,24.2
39017,Butler County,OH,Ohio,390357,331,165929,42.53000259,"Butler County, Ohio",20.41,28.9
05119,Pulaski County,AR,Arkansas,399125,661,248441,62.28000259,"Pulaski County, Arkansas",21.1,21.91
12081,Manatee County,FL,Florida,399710,279,126886,31.76999855,"Manatee County, Florida",18.47,25.59
36071,Orange County,NY,New York,401310,290,177460,44.22999954,"Orange County, New York",17.72,23.91
06061,Placer County,CA,California,404739,254,156398,38.65000153,"Placer County, California",26.83,15.92
29183,St. Charles County,MO,Missouri,405262,230,201195,49.65000153,"St. Charles County, Missouri",25.89,20.17
26049,Genesee County,MI,Michigan,406211,469,164510,40.5,"Genesee County, Michigan",13.58,27.61
55133,Waukesha County,WI,Wisconsin,406978,280,245298,60.29000092,"Waukesha County, Wisconsin",29.71,19.81
45019,Charleston County,SC,South Carolina,408235,511,206480,50.59999847,"Charleston County, South Carolina",28.63,18.96
01097,Mobile County,AL,Alabama,414809,656,302706,72.96999359,"Mobile County, Alabama",16.19,28.43
45079,Richland County,SC,South Carolina,416147,497,235575,56.62000275,"Richland County, South Carolina",22.9,18.73
51107,Loudoun County,VA,Virginia,420959,207,120879,28.73999786,"Loudoun County, Virginia",35.17,10.98
48061,Cameron County,TX,Texas,421017,369,229673,54.52999878,"Cameron County, Texas",12.57,21.97
41005,Clackamas County,OR,Oregon,421401,327,158872,37.69000244,"Clackamas County, Oregon",24.57,17.53
33011,Hillsborough County,NH,New Hampshire,422937,242,117162,27.71000099,"Hillsborough County, New Hampshire",24.55,21.49
04021,Pinal County,AZ,Arizona,425264,341,170557,40.11000061,"Pinal County, Arizona",14.05,23.83
42011,Berks County,PA,Pennsylvania,428849,422,195715,45.64999771,"Berks County, Pennsylvania",16.42,32.0
39095,Lucas County,OH,Ohio,431279,385,177743,41.22999954,"Lucas County, Ohio",16.65,25.16
12115,Sarasota County,FL,Florida,434006,323,236412,54.49000168,"Sarasota County, Florida",20.73,24.45
06053,Monterey County,CA,California,439035,287,262050,59.70000076,"Monterey County, California",15.8,16.78
27037,Dakota County,MN,Minnesota,439882,225,231157,52.55000687,"Dakota County, Minnesota",29.27,17.54
22051,Jefferson Parish,LA,Louisiana,440781,383,312463,70.93000031,"Jefferson Parish, Louisiana",18.13,25.6
06083,Santa Barbara County,CA,California,448229,315,207844,46.39999771,"Santa Barbara County, California",20.84,14.41
06095,Solano County,CA,California,453491,303,146470,32.29000092,"Solano County, California",18.49,20.23
42133,York County,PA,Pennsylvania,456438,494,155823,34.16999817,"York County, Pennsylvania",16.34,34.38
22033,East Baton Rouge Parish,LA,Louisiana,456781,532,289278,63.34999847,"East Baton Rouge Parish, Louisiana",21.76,22.94
51810,Virginia Beach city,VA,Virginia,459470,265,174667,38.02000046,"Virginia Beach city, Virginia",23.52,16.94
34005,Burlington County,NJ,New Jersey,461860,306,175304,37.94000244,"Burlington County, New Jersey",24.9,24.75
25013,Hampden County,MA,Massachusetts,465825,336,219575,47.13000107,"Hampden County, Massachusetts",16.76,25.67
12117,Seminole County,FL,Florida,470856,325,250991,53.29000092,"Seminole County, Florida",27.08,17.1
06107,Tulare County,CA,California,473117,417,252857,53.4600029,"Tulare County, California",9.78,22.72
36067,Onondaga County,NY,New York,476516,368,251968,52.86999893,"Onondaga County, New York",20.11,21.17
47093,Knox County,TN,Tennessee,478971,678,271353,56.66999817,"Knox County, Tennessee",23.47,20.87
51153,Prince William County,VA,Virginia,482204,265,197841,41.0,"Prince William County, Virginia",24.91,17.6
32031,Washoe County,NV,Nevada,486492,235,188281,38.71999741,"Washoe County, Nevada",19.62,19.21
06097,Sonoma County,CA,California,488863,295,178047,36.40999985,"Sonoma County, California",22.85,15.54
19153,Polk County,IA,Iowa,492401,433,190684,38.74000549,"Polk County, Iowa",25.97,21.09
16001,Ada County,ID,Idaho,494967,404,235225,47.52999878,"Ada County, Idaho",26.51,16.26
36085,Richmond County,NY,New York,495747,201,299548,60.44000244,"Richmond County, New York",20.99,25.24
18089,Lake County,IN,Indiana,498700,531,252187,50.55999756,"Lake County, Indiana",15.24,30.93
53011,Clark County,WA,Washington,503311,322,196791,39.13000107,"Clark County, Washington",20.32,20.79
34027,Morris County,NJ,New Jersey,509285,324,292753,57.50000381,"Morris County, New Jersey",32.47,17.7
17089,Kane County,IL,Illinois,516522,313,291560,56.4600029,"Kane County, Illinois",22.47,19.54
08001,Adams County,CO,Colorado,519572,248,139606,26.86999893,"Adams County, Colorado",17.28,23.29
34007,Camden County,NJ,New Jersey,523485,348,332168,63.43999863,"Camden County, New Jersey",19.99,25.98
20173,Sedgwick County,KS,Kansas,523824,544,240992,46.00000381,"Sedgwick County, Kansas",20.17,21.39
34031,Passaic County,NJ,New Jersey,524118,338,313781,59.84999847,"Passaic County, New Jersey",19.98,31.28
45045,Greenville County,SC,South Carolina,525534,667,312038,59.34000015,"Greenville County, South Carolina",23.1,19.17
25023,Plymouth County,MA,Massachusetts,530819,302,228700,43.05999756,"Plymouth County, Massachusetts",24.08,24.88
42029,Chester County,PA,Pennsylvania,534413,436,277881,51.95999908,"Chester County, Pennsylvania",31.87,18.46
39113,Montgomery County,OH,Ohio,537309,630,325556,60.63000107,"Montgomery County, Ohio",17.38,23.9
53063,Spokane County,WA,Washington,539339,446,228728,42.41999817,"Spokane County, Washington",20.21,18.5
39153,Summit County,OH,Ohio,540428,499,260063,48.13000107,"Summit County, Ohio",20.87,26.98
37081,Guilford County,NC,North Carolina,541299,676,280827,51.85000229,"Guilford County, North Carolina",23.42,20.28
27123,Ramsey County,MN,Minnesota,552352,419,234560,42.43999863,"Ramsey County, Minnesota",26.04,17.68
06099,Stanislaus County,CA,California,552878,405,214099,38.73000336,"Stanislaus County, California",12.35,26.23
42071,Lancaster County,PA,Pennsylvania,552984,836,260869,47.18999863,"Lancaster County, Pennsylvania",18.37,29.98
12127,Volusia County,FL,Florida,553543,484,219427,39.65000153,"Volusia County, Florida",16.12,26.58
55025,Dane County,WI,Wisconsin,561504,389,205661,36.62999725,"Dane County, Wisconsin",31.28,15.2
12101,Pasco County,FL,Florida,561891,316,165487,29.51000023,"Pasco County, Florida",16.32,29.01
10003,New Castle County,DE,Delaware,570719,484,269464,47.20000076,"New Castle County, Delaware",21.06,27.57
34039,Union County,NJ,New Jersey,575345,393,325084,56.5,"Union County, New Jersey",22.26,26.25
42045,Delaware County,PA,Pennsylvania,576830,405,288225,49.97000122,"Delaware County, Pennsylvania",22.67,26.77
25005,Bristol County,MA,Massachusetts,579200,317,243759,42.09000015,"Bristol County, Massachusetts",18.74,26.03
08059,Jefferson County,CO,Colorado,582910,327,181477,31.11999893,"Jefferson County, Colorado",29.65,16.45
31055,Douglas County,NE,Nebraska,584526,453,300232,51.36000061,"Douglas County, Nebraska",26.0,17.97
24510,Baltimore city,MD,Maryland,585708,725,300657,51.38000488,"Baltimore city, Maryland",16.74,23.44
24003,Anne Arundel County,MD,Maryland,588261,371,199170,33.88999939,"Anne Arundel County, Maryland",24.74,19.47
41067,Washington County,OR,Oregon,600372,378,206385,34.35000229,"Washington County, Oregon",27.84,14.43
12009,Brevard County,FL,Florida,606612,490,255575,42.12000275,"Brevard County, Florida",19.31,22.34
48491,Williamson County,TX,Texas,609017,372,248069,40.73999786,"Williamson County, Texas",27.65,16.93
20091,Johnson County,KS,Kansas,609863,370,284334,46.66999817,"Johnson County, Kansas",34.6,12.25
48339,Montgomery County,TX,Texas,620443,421,309229,49.81999588,"Montgomery County, Texas",23.42,18.63
34029,Ocean County,NJ,New Jersey,637229,231,260620,40.88999939,"Ocean County, New Jersey",20.68,30.52
34025,Monmouth County,NJ,New Jersey,643615,384,369153,57.31999969,"Monmouth County, New Jersey",28.77,20.67
42017,Bucks County,PA,Pennsylvania,646538,390,329315,50.92000198,"Bucks County, Pennsylvania",25.12,25.76
08005,Arapahoe County,CO,Colorado,655070,353,227037,34.6400032,"Arapahoe County, Colorado",27.33,17.2
26081,Kent County,MI,Michigan,657974,602,282420,42.91999817,"Kent County, Michigan",23.96,21.0
49049,Utah County,UT,Utah,659399,1394,587133,89.03999329,"Utah County, Utah",28.47,14.13
44007,Providence County,RI,Rhode Island,660741,427,343083,51.95000076,"Providence County, Rhode Island",18.69,25.45
40143,Tulsa County,OK,Oklahoma,669279,844,428450,64.02999878,"Tulsa County, Oklahoma",21.28,21.8
01073,Jefferson County,AL,Alabama,674721,1202,539405,79.94999695,"Jefferson County, Alabama",20.94,22.74
35001,Bernalillo County,NM,New Mexico,676444,436,372116,55.0,"Bernalillo County, New Mexico",19.53,18.67
11001,District of Columbia,DC,District of Columbia,689545,751,389241,56.44000626,"District of Columbia, District of Columbia",25.26,13.97
17197,Will County,IL,Illinois,696355,339,300627,43.15000153,"Will County, Illinois",22.3,22.88
17097,Lake County,IL,Illinois,714342,396,365012,51.06999969,"Lake County, Illinois",26.92,17.36
08031,Denver County,CO,Colorado,715522,496,306191,42.80999756,"Denver County, Colorado",31.01,13.54
47037,Davidson County,TN,Tennessee,715884,954,441696,61.71999741,"Davidson County, Tennessee",27.29,17.75
29095,Jackson County,MO,Missouri,717204,857,367173,51.2100029,"Jackson County, Missouri",20.29,24.32
34017,Hudson County,NJ,New Jersey,724854,407,358021,49.37000275,"Hudson County, New Jersey",26.42,22.29
12105,Polk County,FL,Florida,725046,735,301631,41.62000275,"Polk County, Florida",13.51,28.16
25021,Norfolk County,MA,Massachusetts,725981,370,387818,53.39999771,"Norfolk County, Massachusetts",28.76,16.85
08041,El Paso County,CO,Colorado,730395,457,315765,43.23000717,"El Paso County, Colorado",23.44,16.05
36055,Monroe County,NY,New York,759443,569,380869,50.17000198,"Monroe County, New York",21.53,19.09
12071,Lee County,FL,Florida,760822,480,316947,41.6400032,"Lee County, Florida",17.44,26.96
13089,DeKalb County,GA,Georgia,764382,606,389284,50.93000412,"DeKalb County, Georgia",25.89,18.27
06081,San Mateo County,CA,California,764442,402,257122,33.65999985,"San Mateo County, California",29.48,12.93
13067,Cobb County,GA,Georgia,766149,483,423046,55.22999954,"Cobb County, Georgia",30.84,15.94
06077,San Joaquin County,CA,California,779233,494,296830,38.11000061,"San Joaquin County, California",12.96,24.86
21111,Jefferson County,KY,Kentucky,782969,800,399861,51.06000137,"Jefferson County, Kentucky",20.36,21.24
40109,Oklahoma County,OK,Oklahoma,796292,967,590731,74.16999817,"Oklahoma County, Oklahoma",20.9,20.85
25025,Suffolk County,MA,Massachusetts,797936,496,469633,58.86000061,"Suffolk County, Massachusetts",26.31,18.21
25009,Essex County,MA,Massachusetts,809829,453,397483,49.06000137,"Essex County, Massachusetts",24.28,21.8
41051,Multnomah County,OR,Oregon,815428,647,286263,35.09000015,"Multnomah County, Oregon",28.17,13.78
48157,Fort Bend County,TX,Texas,822779,443,350889,42.65000153,"Fort Bend County, Texas",27.76,15.11
53061,Snohomish County,WA,Washington,827957,552,355139,42.90999985,"Snohomish County, Washington",22.1,19.66
39061,Hamilton County,OH,Ohio,830639,715,534373,64.29999542,"Hamilton County, Ohio",23.43,22.32
06111,Ventura County,CA,California,843843,486,430814,51.03000259,"Ventura County, California",21.55,17.63
24005,Baltimore County,MD,Maryland,854535,569,296149,34.66000366,"Baltimore County, Maryland",22.75,22.11
42091,Montgomery County,PA,Pennsylvania,856553,627,464693,54.25,"Montgomery County, Pennsylvania",28.19,21.12
25027,Worcester County,MA,Massachusetts,862111,601,386296,44.80000305,"Worcester County, Massachusetts",22.0,23.95
34023,Middlesex County,NJ,New Jersey,863162,439,429722,49.79000092,"Middlesex County, New Jersey",26.44,21.99
34013,Essex County,NJ,New Jersey,863728,655,465773,53.92000198,"Essex County, New Jersey",21.24,25.09
09009,New Haven County,CT,Connecticut,864835,682,402695,46.55000305,"New Haven County, Connecticut",19.0,26.93
48141,El Paso County,TX,Texas,865657,506,540035,62.38000488,"El Paso County, Texas",16.07,17.35
48215,Hidalgo County,TX,Texas,870781,594,535060,61.44999695,"Hidalgo County, Texas",13.36,19.95
06075,San Francisco County,CA,California,873965,536,307067,35.13000107,"San Francisco County, California",35.04,10.13
26099,Macomb County,MI,Michigan,881217,401,326519,37.04999924,"Macomb County, Michigan",16.83,26.35
09003,Hartford County,CT,Connecticut,899498,711,444834,49.47999954,"Hartford County, Connecticut",21.75,22.87
48121,Denton County,TX,Texas,906422,526,368975,40.74000168,"Denton County, Texas",30.78,14.95
06029,Kern County,CA,California,909235,618,414265,45.57000351,"Kern County, California",11.38,23.65
53053,Pierce County,WA,Washington,921130,630,410518,44.58000565,"Pierce County, Washington",17.99,22.09
47157,Shelby County,TN,Tennessee,929744,1449,638177,68.6000061,"Shelby County, Tennessee",19.35,23.84
17043,DuPage County,IL,Illinois,932877,532,593048,63.59999847,"DuPage County, Illinois",30.59,16.12
55079,Milwaukee County,WI,Wisconsin,939489,788,493096,52.5,"Milwaukee County, Wisconsin",20.03,25.31
36029,Erie County,NY,New York,954236,730,648398,67.97000122,"Erie County, New York",19.73,22.67
34003,Bergen County,NJ,New Jersey,955732,656,556988,58.29999924,"Bergen County, New Jersey",30.98,20.28
13135,Gwinnett County,GA,Georgia,957062,629,474200,49.55999756,"Gwinnett County, Georgia",24.32,19.73
09001,Fairfield County,CT,Connecticut,957419,746,540412,56.41999435,"Fairfield County, Connecticut",27.08,18.5
12103,Pinellas County,FL,Florida,959107,670,473403,49.38000107,"Pinellas County, Florida",21.02,22.77
24033,Prince George's County,MD,Maryland,967201,873,484028,50.03000259,"Prince George's County, Maryland",19.16,22.57
18097,Marion County,IN,Indiana,977203,961,495488,50.66000366,"Marion County, Indiana",20.83,22.82
12031,Duval County,FL,Florida,995567,987,660096,66.31000519,"Duval County, Florida",20.61,23.95
29189,St. Louis County,MO,Missouri,1004125,693,509443,50.71999741,"St. Louis County, Missouri",25.19,18.35
36119,Westchester County,NY,New York,1004457,671,602881,60.04999542,"Westchester County, New York",24.53,16.56
06019,Fresno County,CA,California,1008654,725,432774,42.91000366,"Fresno County, California",14.62,19.68
15003,Honolulu County,HI,Hawaii,1016508,790,391319,38.45999908,"Honolulu County, Hawaii",23.12,23.23
04019,Pima County,AZ,Arizona,1043433,707,405288,38.81999588,"Pima County, Arizona",19.35,17.47
24031,Montgomery County,MD,Maryland,1062061,776,567370,53.38999939,"Montgomery County, Maryland",27.29,11.97
48085,Collin County,TX,Texas,1064465,576,502689,47.24000549,"Collin County, Texas",33.78,12.54
13121,Fulton County,GA,Georgia,1066710,798,716915,67.19999695,"Fulton County, Georgia",32.07,15.16
37119,Mecklenburg County,NC,North Carolina,1115482,961,686949,61.57000351,"Mecklenburg County, North Carolina",30.19,14.31
37183,Wake County,NC,North Carolina,1129410,857,584758,51.76999664,"Wake County, North Carolina",33.47,12.72
51059,Fairfax County,VA,Virginia,1150309,710,552038,47.97999573,"Fairfax County, Virginia",31.01,11.36
06013,Contra Costa County,CA,California,1165927,716,484692,41.57000351,"Contra Costa County, California",26.77,14.97
49035,Salt Lake County,UT,Utah,1185238,1670,798587,67.36999512,"Salt Lake County, Utah",23.4,19.38
42003,Allegheny County,PA,Pennsylvania,1250578,1131,760293,60.80000305,"Allegheny County, Pennsylvania",24.7,23.1
39035,Cuyahoga County,OH,Ohio,1264817,1012,769680,60.86999893,"Cuyahoga County, Ohio",19.48,23.88
26125,Oakland County,MI,Michigan,1274395,754,615246,48.31999969,"Oakland County, Michigan",27.25,16.31
27053,Hennepin County,MN,Minnesota,1281565,906,655653,51.16000748,"Hennepin County, Minnesota",32.4,13.68
48453,Travis County,TX,Texas,1290188,737,565962,43.88000107,"Travis County, Texas",32.45,13.19
39049,Franklin County,OH,Ohio,1323807,993,634352,47.93000031,"Franklin County, Ohio",25.28,21.39
36059,Nassau County,NY,New York,1395774,755,899299,64.44999695,"Nassau County, New York",25.61,19.8
12095,Orange County,FL,Florida,1429908,1010,702596,49.09999847,"Orange County, Florida",23.06,20.55
12057,Hillsborough County,FL,Florida,1459762,1150,877459,60.09000015,"Hillsborough County, Florida",21.99,23.04
36005,Bronx County,NY,New York,1472654,583,570409,38.72000122,"Bronx County, New York",12.92,22.39
12099,Palm Beach County,FL,Florida,1492191,908,588508,39.43999863,"Palm Beach County, Florida",22.75,20.97
36103,Suffolk County,NY,New York,1525920,726,1024619,67.12000275,"Suffolk County, New York",20.38,23.66
06067,Sacramento County,CA,California,1585055,921,622035,39.17000198,"Sacramento County, California",20.54,19.29
42101,Philadelphia County,PA,Pennsylvania,1603797,1309,692046,43.13999939,"Philadelphia County, Pennsylvania",17.94,27.8
25017,Middlesex County,MA,Massachusetts,1632002,958,882531,54.09000015,"Middlesex County, Massachusetts",28.12,16.45
06001,Alameda County,CA,California,1682353,1085,690595,41.06999969,"Alameda County, California",28.11,15.38
36061,New York County,NY,New York,1694251,1165,886745,52.31999969,"New York County, New York",31.69,9.89
26163,Wayne County,MI,Michigan,1793561,1546,845987,47.15999603,"Wayne County, Michigan",15.3,24.37
06085,Santa Clara County,CA,California,1936259,943,881436,45.56000137,"Santa Clara County, California",27.92,12.47
12011,Broward County,FL,Florida,1944375,1218,863095,44.36000061,"Broward County, Florida",20.64,23.66
48029,Bexar County,TX,Texas,2009324,1305,1064987,52.98000336,"Bexar County, Texas",17.95,20.35
48439,Tarrant County,TX,Texas,2110640,1810,1280384,60.61000061,"Tarrant County, Texas",21.65,19.9
06071,San Bernardino County,CA,California,2181654,1217,925517,42.41000366,"San Bernardino County, California",13.93,23.32
32003,Clark County,NV,Nevada,2265461,951,980648,43.27000046,"Clark County, Nevada",16.67,24.32
53033,King County,WA,Washington,2269675,1467,886830,39.04000092,"King County, Washington",31.73,12.57
36081,Queens County,NY,New York,2405464,1205,1310213,54.47999573,"Queens County, New York",20.74,23.14
06065,Riverside County,CA,California,2418185,1224,1068673,44.21999741,"Riverside County, California",14.92,23.81
48113,Dallas County,TX,Texas,2613539,2442,1541280,58.97000122,"Dallas County, Texas",20.45,19.22
12086,Miami-Dade County,FL,Florida,2701767,1704,1387650,51.36000061,"Miami-Dade County, Florida",19.31,24.11
36047,Kings County,NY,New York,2736074,1190,1280387,46.77999878,"Kings County, New York",23.28,21.36
06059,Orange County,CA,California,3186989,1499,1577780,49.51000214,"Orange County, California",26.38,15.31
06073,San Diego County,CA,California,3298634,1748,1366334,41.40999985,"San Diego County, California",24.16,15.88
04013,Maricopa County,AZ,Arizona,4420568,2655,2088166,47.20999908,"Maricopa County, Arizona",21.05,18.77
48201,Harris County,TX,Texas,4731145,3414,2777971,58.73999786,"Harris County, Texas",20.48,19.27
17031,Cook County,IL,Illinois,5275541,3534,2862646,54.2100029,"Cook County, Illinois",23.61,19.84
06037,Los Angeles County,CA,California,10014009,5645,5111616,50.97000122,"Los Angeles County, California",21.81,18.5
