B15003_001E,B15003_017E,B15003_022E,NAME,state,county
37860,9663,6320,"Autauga County, Alabama",01,001
155563,34521,31444,"Baldwin County, Alabama",01,003
17797,5171,1296,"Barbour County, Alabama",01,005
15987,5879,1183,"Bibb County, Alabama",01,007
39814,10582,3540,"Blount County, Alabama",01,009
6784,2498,413,"Bullock County, Alabama",01,011
13820,5583,1396,"Butler County, Alabama",01,013
78967,21801,8296,"Calhoun County, Alabama",01,015
9405,3158,495,"Lewis County, Kentucky",21,135
16956,5407,1179,"Lincoln County, Kentucky",21,137
6606,2351,586,"Livingston County, Kentucky",21,139
18589,6471,1911,"Logan County, Kentucky",21,141
6557,2035,550,"Lyon County, Kentucky",21,143
46066,12532,7426,"McCracken County, Kentucky",21,145
12211,3370,640,"McCreary County, Kentucky",21,147
56538,11570,10795,"Madison County, Kentucky",21,151
13034,4396,895,"Marion County, Kentucky",21,155
22834,6350,2669,"Marshall County, Kentucky",21,157
11850,3308,1415,"Mason County, Kentucky",21,161
19549,5410,2093,"Meade County, Kentucky",21,163
15080,4274,1545,"Mercer County, Kentucky",21,167
6997,2297,526,"Metcalfe County, Kentucky",21,169
19104,5817,1641,"Montgomery County, Kentucky",21,173
9862,3074,721,"Morgan County, Kentucky",21,175
31363,9231,3659,"Nelson County, Kentucky",21,179
4918,1789,195,"Nicholas County, Kentucky",21,181
43988,6850,11212,"Oldham County, Kentucky",21,185
7534,2498,936,"Owen County, Kentucky",21,187
10091,3513,786,"Pendleton County, Kentucky",21,191
41689,13738,2981,"Pike County, Kentucky",21,195
8310,2557,999,"Powell County, Kentucky",21,197
1519,501,172,"Robertson County, Kentucky",21,201
11887,4059,858,"Rockcastle County, Kentucky",21,203
12548,3722,1066,"Russell County, Kentucky",21,207
36663,8508,6697,"Scott County, Kentucky",21,209
12312,4714,962,"Simpson County, Kentucky",21,213
13221,3819,1730,"Spencer County, Kentucky",21,215
8138,2731,707,"Todd County, Kentucky",21,219
5973,2295,577,"Trimble County, Kentucky",21,223
9455,3746,559,"Union County, Kentucky",21,225
8281,2755,877,"Washington County, Kentucky",21,229
14645,4628,1212,"Wayne County, Kentucky",21,231
23113,6952,2309,"Whitley County, Kentucky",21,235
5141,1300,140,"Wolfe County, Kentucky",21,237
75245,21519,11463,"Androscoggin County, Maine",23,001
50068,15754,6831,"Aroostook County, Maine",23,003
21768,7224,3533,"Franklin County, Maine",23,007
42028,11634,8952,"Hancock County, Maine",23,009
30210,7731,6566,"Knox County, Maine",23,013
26461,7283,5454,"Lincoln County, Maine",23,015
108311,30962,19119,"Penobscot County, Maine",23,019
12991,4378,1731,"Piscataquis County, Maine",23,021
37601,12663,5046,"Somerset County, Maine",23,025
23114,7338,3447,"Washington County, Maine",23,029
152421,38458,31759,"York County, Maine",23,031
241738,58609,52115,"Anoka County, Minnesota",27,003
23487,5967,4214,"Becker County, Minnesota",27,005
28828,6793,5330,"Beltrami County, Minnesota",27,007
26896,7047,4556,"Benton County, Minnesota",27,009
3601,1372,425,"Big Stone County, Minnesota",27,011
39506,9422,9086,"Blue Earth County, Minnesota",27,013
17216,5626,2842,"Brown County, Minnesota",27,015
25083,6547,3898,"Carlton County, Minnesota",27,017
67783,10628,22831,"Carver County, Minnesota",27,019
21548,6092,3888,"Cass County, Minnesota",27,021
8241,2356,1237,"Chippewa County, Minnesota",27,023
38912,11122,6362,"Chisago County, Minnesota",27,025
8936,3164,595,"Meigs County, Tennessee",47,121
127366,28971,24253,"Montgomery County, Tennessee",47,125
4673,1668,715,"Moore County, Tennessee",47,127
21387,7629,2125,"Obion County, Tennessee",47,131
15680,6131,1240,"Overton County, Tennessee",47,133
3854,1287,323,"Pickett County, Tennessee",47,137
12433,3235,944,"Polk County, Tennessee",47,139
22465,6665,2402,"Rhea County, Tennessee",47,143
39412,11710,4497,"Roane County, Tennessee",47,145
204647,47329,46770,"Rutherford County, Tennessee",47,149
15097,5567,792,"Scott County, Tennessee",47,151
10943,3638,1068,"Sequatchie County, Tennessee",47,153
615616,146772,119097,"Shelby County, Tennessee",47,157
13897,4838,1631,"Smith County, Tennessee",47,159
115220,30861,18244,"Sullivan County, Tennessee",47,163
129174,32517,25503,"Sumner County, Tennessee",47,165
7791,2553,605,"Trousdale County, Tennessee",47,169
13506,3835,1538,"Unicoi County, Tennessee",47,171
4294,1524,183,"Van Buren County, Tennessee",47,175
28092,10158,2501,"Warren County, Tennessee",47,177
12552,4309,802,"Wayne County, Tennessee",47,181
21552,7257,2501,"Weakley County, Tennessee",47,183
151799,17010,57841,"Williamson County, Tennessee",47,187
96648,22258,22634,"Wilson County, Tennessee",47,189
32717,8888,5656,"Box Elder County, Utah",49,003
64162,11724,16272,"Cache County, Utah",49,005
381,147,39,"Daggett County, Utah",49,009
205899,38134,53067,"Davis County, Utah",49,011
6350,1764,687,"Emery County, Utah",49,015
3484,1006,648,"Garfield County, Utah",49,017
7137,1595,1233,"Grand County, Utah",49,019
29881,5906,6205,"Iron County, Utah",49,021
6540,2263,762,"Juab County, Utah",49,023
5600,1213,1114,"Kane County, Utah",49,025
7920,2260,1374,"Millard County, Utah",49,027
6695,1178,1548,"Morgan County, Utah",49,029
1328,360,218,"Piute County, Utah",49,031
1406,377,208,"Rich County, Utah",49,033
726907,140872,170110,"Salt Lake County, Utah",49,035
9192,2498,1156,"San Juan County, Utah",49,037
18205,5130,2541,"Sanpete County, Utah",49,039
13469,3690,1931,"Sevier County, Utah",49,041
27924,4024,9841,"Summit County, Utah",49,043
40623,11072,6091,"Tooele County, Utah",49,045
20893,6618,2505,"Uintah County, Utah",49,047
310161,43836,88312,"Utah County, Utah",49,049
19926,3649,5742,"Wasatch County, Utah",49,051
112121,22140,20939,"Washington County, Utah",49,053
1822,314,374,"Wayne County, Utah",49,055
158841,39784,27871,"Weber County, Utah",49,057
25445,6235,5594,"Bennington County, Vermont",50,003
21560,6569,4194,"Caledonia County, Vermont",50,005
4750,1746,467,"Essex County, Vermont",50,009
34513,11395,5899,"Franklin County, Vermont",50,011
17810,3642,4606,"Lamoille County, Vermont",50,015
21296,6582,3464,"Orange County, Vermont",50,017
42711,13095,8576,"Rutland County, Vermont",50,021
41714,9568,10560,"Washington County, Vermont",50,023
41575,10736,9123,"Windsor County, Vermont",50,027
23813,7525,2697,"Accomack County, Virginia",51,001
7430,2569,964,"Watonwan County, Minnesota",27,165
71534,20891,12888,"Cass County, Missouri",29,037
58874,14087,11300,"Christian County, Missouri",29,043
14184,5446,2152,"Clinton County, Missouri",29,049
16762,5663,1401,"Crawford County, Missouri",29,055
5524,2044,771,"Daviess County, Missouri",29,061
9623,3499,870,"Douglas County, Missouri",29,067
10664,3504,1467,"Gasconade County, Missouri",29,073
6617,2145,819,"Grundy County, Missouri",29,079
7332,3139,417,"Hickory County, Missouri",29,085
27506,8875,2788,"Howell County, Missouri",29,091
79438,22628,12985,"Jasper County, Missouri",29,097
31686,8349,5437,"Johnson County, Missouri",29,101
22786,8867,2873,"Lafayette County, Missouri",29,107
38365,13674,5193,"Lincoln County, Missouri",29,113
15147,5267,1253,"McDonald County, Missouri",29,119
6341,2102,631,"Maries County, Missouri",29,125
17495,5811,2231,"Miller County, Missouri",29,131
6170,2704,648,"Monroe County, Missouri",29,137
12033,4594,865,"New Madrid County, Missouri",29,143
7497,2889,607,"Oregon County, Missouri",29,149
10725,3947,775,"Pemiscot County, Missouri",29,155
5866,2323,511,"Shannon County, Missouri",29,203
24716,7105,3366,"Stone County, Missouri",29,209
18130,5738,1647,"Texas County, Missouri",29,215
17194,5477,1335,"Washington County, Missouri",29,221
1439,562,175,"Worth County, Missouri",29,227
218594,43846,44747,"St. Louis city, Missouri",29,510
127857,30483,20148,"Bay County, Florida",12,005
1378777,326201,284566,"Broward County, Florida",12,011
118265,36553,13674,"Citrus County, Florida",12,017
49101,14153,5106,"Columbia County, Florida",12,023
650299,155766,134057,"Duval County, Florida",12,031
9302,2338,1103,"Franklin County, Florida",12,037
10591,3023,849,"Glades County, Florida",12,043
17385,6970,1154,"Hardee County, Florida",12,049
80357,25456,9244,"Highlands County, Florida",12,055
121388,29821,22461,"Indian River County, Florida",12,061
6069,1703,272,"Lafayette County, Florida",12,067
174667,26242,46364,"Leon County, Florida",12,073
6009,1788,505,"Liberty County, Florida",12,077
268804,81805,36242,"Marion County, Florida",12,083
58963,14180,12996,"Monroe County, Florida",12,087
29483,9195,3036,"Okeechobee County, Florida",12,093
307,81,54,"Arthur County, Nebraska",31,005
3629,1254,464,"Boone County, Nebraska",31,011
2119,733,347,"Brown County, Nebraska",31,017
5537,1771,1042,"Butler County, Nebraska",31,023
9269,2886,1228,"Wadena County, Minnesota",27,159
2626,580,416,"Chase County, Nebraska",31,029
4258,1332,594,"Clay County, Nebraska",31,035
6071,2103,1026,"Cuming County, Nebraska",31,039
5335,977,1094,"Dawes County, Nebraska",31,045
3819,1155,645,"Dixon County, Nebraska",31,051
1311,290,225,"Dundy County, Nebraska",31,057
1812,447,277,"Frontier County, Nebraska",31,063
1452,391,252,"Garden County, Nebraska",31,069
460,143,86,"Grant County, Nebraska",31,075
6361,1711,1060,"Hamilton County, Nebraska",31,081
19143,6036,1202,"Cherokee County, Alabama",01,019
30153,10885,2471,"Chilton County, Alabama",01,021
9263,2831,761,"Choctaw County, Alabama",01,023
16703,6132,1401,"Clarke County, Alabama",01,025
9371,3212,709,"Clay County, Alabama",01,027
10538,3358,1121,"Cleburne County, Alabama",01,029
35936,8149,4993,"Coffee County, Alabama",01,031
39077,12062,4263,"Colbert County, Alabama",01,033
8826,3791,727,"Conecuh County, Alabama",01,035
8281,2930,659,"Coosa County, Alabama",01,037
9684,3151,1271,"Crenshaw County, Alabama",01,041
58084,15053,5889,"Cullman County, Alabama",01,043
25611,8232,2634,"Dallas County, Alabama",01,047
48306,12620,4166,"DeKalb County, Alabama",01,049
25703,9215,2252,"Escambia County, Alabama",01,053
72188,18494,7764,"Etowah County, Alabama",01,055
21071,7339,2164,"Franklin County, Alabama",01,059
5768,2131,332,"Greene County, Alabama",01,063
10023,3177,1063,"Hale County, Alabama",01,065
72863,18803,10109,"Houston County, Alabama",01,069
37102,11473,3942,"Jackson County, Alabama",01,071
9810,3228,691,"Lamar County, Alabama",01,075
64089,19032,10244,"Lauderdale County, Alabama",01,077
99315,17187,19926,"Lee County, Alabama",01,081
6892,2665,557,"Lowndes County, Alabama",01,085
11932,3026,1312,"Macon County, Alabama",01,087
13025,4310,1298,"Marengo County, Alabama",01,091
21297,5970,1702,"Marion County, Alabama",01,093
279795,79556,45286,"Mobile County, Alabama",01,097
14691,6070,1256,"Monroe County, Alabama",01,099
82684,21199,11982,"Morgan County, Alabama",01,103
14386,4670,1385,"Pickens County, Alabama",01,107
19310,5388,3095,"Pike County, Alabama",01,109
39280,9496,4416,"Russell County, Alabama",01,113
62328,17721,7745,"St. Clair County, Alabama",01,115
7657,2491,761,"Sumter County, Alabama",01,119
28797,7489,3417,"Tallapoosa County, Alabama",01,123
130940,32566,23944,"Tuscaloosa County, Alabama",01,125
11148,4264,700,"Washington County, Alabama",01,129
7060,2639,557,"Wilcox County, Alabama",01,131
1182996,181897,332539,"Alameda County, California",06,001
875,208,173,"Alpine County, California",06,003
146135,27126,26874,"Butte County, California",06,007
13721,3540,1577,"Colusa County, California",06,011
794560,118927,212718,"Contra Costa County, California",06,013
139093,25503,32856,"El Dorado County, California",06,017
610927,120224,89315,"Fresno County, California",06,019
23771,7150,2491,"Chambers County, Alabama",01,017
93120,18098,19270,"Humboldt County, California",06,023
110470,23390,12186,"Imperial County, California",06,025
543837,128592,61882,"Kern County, California",06,029
93546,21121,9431,"Kings County, California",06,031
22325,4809,2033,"Lassen County, California",06,035
97992,19349,10572,"Madera County, California",06,039
190503,17127,65503,"Marin County, California",06,041
13597,2615,2440,"Mariposa County, California",06,043
62022,14320,9143,"Mendocino County, California",06,045
162293,35757,15580,"Merced County, California",06,047
6707,1846,821,"Modoc County, California",06,049
38877,7951,9390,"Clay County, Minnesota",27,027
6078,1866,771,"Clearwater County, Minnesota",27,029
4282,777,1292,"Cook County, Minnesota",27,031
7692,2365,1153,"Cottonwood County, Minnesota",27,033
46445,12122,7792,"Crow Wing County, Minnesota",27,035
287958,50516,84286,"Dakota County, Minnesota",27,037
13776,3957,2851,"Dodge County, Minnesota",27,039
27119,7540,5186,"Douglas County, Minnesota",27,041
9793,3173,1490,"Faribault County, Minnesota",27,043
14475,4237,2257,"Fillmore County, Minnesota",27,045
32923,9411,5675,"Goodhue County, Minnesota",27,049
4242,1280,557,"Grant County, Minnesota",27,051
13372,4326,2288,"Houston County, Minnesota",27,055
15570,3996,2895,"Hubbard County, Minnesota",27,057
32757,8799,5279,"Itasca County, Minnesota",27,061
11564,3796,1086,"Kanabec County, Minnesota",27,065
28863,6864,4919,"Kandiyohi County, Minnesota",27,067
9312,2884,982,"Koochiching County, Minnesota",27,071
4912,1629,689,"Lac qui Parle County, Minnesota",27,073
2801,937,514,"Lake of the Woods County, Minnesota",27,077
19646,6308,3227,"Le Sueur County, Minnesota",27,079
16359,4520,3176,"Lyon County, Minnesota",27,083
24831,7675,2970,"McLeod County, Minnesota",27,085
6544,2226,906,"Marshall County, Minnesota",27,089
14057,4538,2202,"Martin County, Minnesota",27,091
17934,5589,1936,"Mille Lacs County, Minnesota",27,095
22986,7982,2933,"Morrison County, Minnesota",27,097
5923,1983,910,"Murray County, Minnesota",27,101
22231,4991,5092,"Nicollet County, Minnesota",27,103
4475,1417,760,"Norman County, Minnesota",27,107
105835,17539,28239,"Olmsted County, Minnesota",27,109
9678,2657,1416,"Pennington County, Minnesota",27,113
21500,7130,2268,"Pine County, Minnesota",27,115
21109,5594,4029,"Polk County, Minnesota",27,119
8158,2306,1161,"Pope County, Minnesota",27,121
2806,910,394,"Red Lake County, Minnesota",27,125
10298,3613,1495,"Redwood County, Minnesota",27,127
42383,11353,7520,"Rice County, Minnesota",27,131
6462,1843,1095,"Rock County, Minnesota",27,133
136467,30308,26729,"St. Louis County, Minnesota",27,137
95307,17493,27613,"Scott County, Minnesota",27,139
10352,3758,1303,"Sibley County, Minnesota",27,143
99167,25673,18783,"Stearns County, Minnesota",27,145
5884,1691,1206,"Stevens County, Minnesota",27,149
6547,1955,1141,"Swift County, Minnesota",27,151
2419,783,278,"Traverse County, Minnesota",27,155
15522,4578,2558,"Wabasha County, Minnesota",27,157
12923,3838,2103,"Waseca County, Minnesota",27,161
175239,31217,51366,"Washington County, Minnesota",27,163
4455,1115,828,"Wilkin County, Minnesota",27,167
31568,7392,6487,"Winona County, Minnesota",27,169
88252,22678,18987,"Wright County, Minnesota",27,171
6801,2261,851,"Yellow Medicine County, Minnesota",27,173
13711,4348,1975,"Adair County, Missouri",29,001
12240,3803,2011,"Andrew County, Missouri",29,003
3842,1413,651,"Atchison County, Missouri",29,005
17514,6162,1639,"Audrain County, Missouri",29,007
25023,8845,2563,"Barry County, Missouri",29,009
8104,2827,1066,"Barton County, Missouri",29,011
11155,4119,943,"Alleghany County, Virginia",51,005
9270,3308,1046,"Amelia County, Virginia",51,007
11275,3378,1797,"Appomattox County, Virginia",51,011
174580,11502,61669,"Arlington County, Virginia",51,013
3368,1013,441,"Bath County, Virginia",51,017
57364,14543,10611,"Bedford County, Virginia",51,019
24698,7354,4104,"Botetourt County, Virginia",51,023
12332,3240,1016,"Brunswick County, Virginia",51,025
12934,4224,906,"Buckingham County, Virginia",51,029
39945,10960,6167,"Campbell County, Virginia",51,031
22587,7156,2406,"Carroll County, Virginia",51,035
5463,1892,624,"Charles City County, Virginia",51,036
8381,2604,736,"Charlotte County, Virginia",51,037
10587,2618,2106,"Clarke County, Virginia",51,043
3849,1262,625,"Craig County, Virginia",51,045
7265,2114,532,"Cumberland County, Virginia",51,049
10749,3060,913,"Dickenson County, Virginia",51,051
7850,2482,953,"Essex County, Virginia",51,057
783360,88985,242936,"Fairfax County, Virginia",51,059
11705,3802,1612,"Floyd County, Virginia",51,063
19770,4014,4430,"Fluvanna County, Virginia",51,065
61010,15948,9403,"Frederick County, Virginia",51,069
12151,4018,1406,"Giles County, Virginia",51,071
17588,3028,4174,"Goochland County, Virginia",51,075
11977,3502,1397,"Grayson County, Virginia",51,077
8810,2228,641,"Greensville County, Virginia",51,081
24731,7199,2536,"Halifax County, Virginia",51,083
229639,41948,61652,"Henrico County, Virginia",51,087
37581,9508,3583,"Henry County, Virginia",51,089
26652,6591,4447,"Isle of Wight County, Virginia",51,093
55499,8504,14860,"James City County, Virginia",51,095
5392,1784,1024,"King and Queen County, Virginia",51,097
17751,4148,3877,"King George County, Virginia",51,099
11829,3207,1998,"King William County, Virginia",51,101
8613,2435,1489,"Lancaster County, Virginia",51,103
17911,4932,1289,"Lee County, Virginia",51,105
261054,28673,91815,"Loudoun County, Virginia",51,107
26631,7422,4083,"Louisa County, Virginia",51,109
8947,2562,802,"Lunenburg County, Virginia",51,111
9668,3195,1502,"Madison County, Virginia",51,113
6820,1594,1488,"Mathews County, Virginia",51,115
22868,6016,3384,"Mecklenburg County, Virginia",51,117
8270,2115,1454,"Middlesex County, Virginia",51,119
56202,10744,12100,"Montgomery County, Virginia",51,121
11109,3272,1974,"Nelson County, Virginia",51,125
16452,4216,3371,"New Kent County, Virginia",51,127
8762,2551,1342,"Northampton County, Virginia",51,131
9744,2606,1739,"Northumberland County, Virginia",51,133
11085,3137,1123,"Nottoway County, Virginia",51,135
25949,7780,4208,"Orange County, Virginia",51,137
17460,6437,1472,"Page County, Virginia",51,139
13525,3743,1295,"Patrick County, Virginia",51,141
21844,4816,4648,"Powhatan County, Virginia",51,145
13192,3573,1962,"Prince Edward County, Virginia",51,147
26508,5974,4419,"Prince George County, Virginia",51,149
25625,7114,3201,"Pulaski County, Virginia",51,155
5488,1154,1058,"Rappahannock County, Virginia",51,157
68043,15898,16113,"Roanoke County, Virginia",51,161
1971,563,206,"Hitchcock County, Nebraska",31,087
4476,1660,763,"Howard County, Nebraska",31,093
4443,1073,891,"Kearney County, Nebraska",31,099
2645,925,248,"Kimball County, Nebraska",31,105
24323,5932,3425,"Lincoln County, Nebraska",31,111
341,88,63,"McPherson County, Nebraska",31,117
3249,965,534,"Morrill County, Nebraska",31,123
4576,1173,882,"Nemaha County, Nebraska",31,127
2944,850,601,"Valley County, Nebraska",31,175
5403,1429,1173,"Wayne County, Nebraska",31,179
9247,2128,1624,"York County, Nebraska",31,185
37672,7589,7588,"Douglas County, Nevada",32,005
1217,415,114,"Eureka County, Nevada",32,011
3672,1200,340,"Lincoln County, Nevada",32,017
35089,10532,2643,"Nye County, Nevada",32,023
322617,61985,63308,"Washoe County, Nevada",32,031
45604,11057,8412,"Belknap County, New Hampshire",33,001
24271,7714,3047,"Coos County, New Hampshire",33,007
107969,25565,21924,"Merrimack County, New Hampshire",33,013
32238,9872,6055,"Sullivan County, New Hampshire",33,019
81370,20530,15797,"Ascension Parish, Louisiana",22,005
24993,7431,3027,"Beauregard Parish, Louisiana",22,011
165002,44396,23751,"Caddo Parish, Louisiana",22,017
5019,1856,573,"Cameron Parish, Louisiana",22,023
13138,4056,1181,"Concordia Parish, Louisiana",22,029
4304,1205,268,"East Carroll Parish, Louisiana",22,035
13425,4569,1171,"Franklin Parish, Louisiana",22,041
23193,7670,2400,"Iberville Parish, Louisiana",22,047
20886,7446,2312,"Jefferson Davis Parish, Louisiana",22,053
34086,14950,2266,"St. Mary Parish, Louisiana",22,101
3135,1172,469,"Tensas Parish, Louisiana",22,107
15905,5917,2000,"Union Parish, Louisiana",22,111
31611,10258,2570,"Washington Parish, Louisiana",22,117
7605,3015,497,"West Carroll Parish, Louisiana",22,123
29906,8879,3529,"Allegany County, New York",36,003
52725,16722,5288,"Cattaraugus County, New York",36,009
59312,16365,7549,"Chemung County, New York",36,015
45705,11327,8035,"Columbia County, New York",36,021
206608,44109,40068,"Dutchess County, New York",36,027
28740,7395,4759,"Essex County, New York",36,031
41355,13126,5344,"Genesee County, New York",36,037
43732,13172,5291,"Herkimer County, New York",36,043
18375,7309,1925,"Lewis County, New York",36,049
514795,98294,110833,"Monroe County, New York",36,055
1250303,123671,396161,"New York County, New York",36,061
316302,66966,63623,"Onondaga County, New York",36,067
29626,9725,3145,"Orleans County, New York",36,073
70813,16463,16351,"Putnam County, New York",36,079
332149,83846,69718,"Richmond County, New York",36,085
17637,5994,1391,"Anson County, North Carolina",37,007
34348,9152,4301,"Beaufort County, North Carolina",37,013
109023,26721,20654,"Brunswick County, North Carolina",37,019
140582,30116,29881,"Cabarrus County, North Carolina",37,025
52687,11023,8961,"Carteret County, North Carolina",37,031
53820,8969,12694,"Chatham County, North Carolina",37,037
67371,19307,8271,"Cleveland County, North Carolina",37,045
207671,47302,34673,"Cumberland County, North Carolina",37,051
117475,31098,15627,"Davidson County, North Carolina",37,057
276544,46414,43698,"Monterey County, California",06,053
98006,14880,23922,"Napa County, California",06,055
76519,12124,18883,"Nevada County, California",06,057
2182856,334210,575866,"Orange County, California",06,059
275960,43945,74031,"Placer County, California",06,061
14545,3145,2273,"Plumas County, California",06,063
1587803,378041,236902,"Riverside County, California",06,065
1043134,201241,214265,"Sacramento County, California",06,067
39958,9022,5857,"San Benito County, California",06,069
1368278,319134,190544,"San Bernardino County, California",06,071
2264907,359744,547105,"San Diego County, California",06,073
696575,70576,244101,"San Francisco County, California",06,075
475460,118214,61634,"San Joaquin County, California",06,077
189942,32765,42392,"San Luis Obispo County, California",06,079
552852,71468,162985,"San Mateo County, California",06,081
1340707,167130,374303,"Santa Clara County, California",06,085
180355,23658,43990,"Santa Cruz County, California",06,087
2302,559,202,"Sierra County, California",06,091
307302,62174,56808,"Solano County, California",06,095
359119,55823,82070,"Sonoma County, California",06,097
63082,12745,8301,"Sutter County, California",06,101
44175,10612,5566,"Tehama County, California",06,103
274201,62297,26811,"Tulare County, California",06,107
41417,9017,6019,"Tuolumne County, California",06,109
128637,19654,28050,"Yolo County, California",06,113
48942,9859,6196,"Yuba County, California",06,115
13605,5566,1241,"Ashley County, Arkansas",05,003
32046,9151,3773,"Baxter County, Arkansas",05,005
26282,7150,2976,"Boone County, Arkansas",05,009
3773,1527,212,"Calhoun County, Arkansas",05,013
19859,6045,2785,"Carroll County, Arkansas",05,015
13034,3692,2154,"Clark County, Arkansas",05,019
10462,3261,751,"Clay County, Arkansas",05,021
5743,2330,648,"Cleveland County, Arkansas",05,025
14605,5558,1894,"Columbia County, Arkansas",05,027
70184,18384,11739,"Craighead County, Arkansas",05,031
30877,9020,3613,"Crittenden County, Arkansas",05,035
11444,3843,937,"Cross County, Arkansas",05,037
7722,3071,804,"Desha County, Arkansas",05,041
11636,3734,1740,"Drew County, Arkansas",05,043
12178,4045,1058,"Franklin County, Arkansas",05,047
8978,2786,699,"Fulton County, Arkansas",05,049
12785,4077,1809,"Grant County, Arkansas",05,053
14358,4842,1461,"Hempstead County, Arkansas",05,057
24135,7314,2417,"Hot Spring County, Arkansas",05,059
25211,7193,3171,"Independence County, Arkansas",05,063
10344,2837,1035,"Izard County, Arkansas",05,065
10004,2035,2152,"Mono County, California",06,051
46169,15368,5489,"Jefferson County, Arkansas",05,069
17447,5768,1837,"Johnson County, Arkansas",05,071
11280,3366,1097,"Lawrence County, Arkansas",05,075
9974,2926,579,"Lincoln County, Arkansas",05,079
8756,3343,875,"Little River County, Arkansas",05,081
48824,15119,6962,"Lonoke County, Arkansas",05,085
11442,4546,835,"Madison County, Arkansas",05,087
29613,8276,3322,"Miller County, Arkansas",05,091
4938,1837,462,"Monroe County, Arkansas",05,095
6737,1843,645,"Montgomery County, Arkansas",05,097
11259,4770,1141,"Bates County, Missouri",29,013
14958,4644,1122,"Benton County, Missouri",29,015
8718,3458,585,"Bollinger County, Missouri",29,017
108906,18816,29384,"Boone County, Missouri",29,019
59767,18273,9023,"Buchanan County, Missouri",29,021
29313,9298,2342,"Butler County, Missouri",29,023
6201,2336,656,"Caldwell County, Missouri",29,025
30895,8399,4832,"Callaway County, Missouri",29,027
34886,11534,5319,"Camden County, Missouri",29,029
50736,14047,9850,"Cape Girardeau County, Missouri",29,031
6143,2433,722,"Carroll County, Missouri",29,033
4069,1627,394,"Carter County, Missouri",29,035
9773,3215,816,"Cedar County, Missouri",29,039
5260,2268,650,"Chariton County, Missouri",29,041
4800,2036,358,"Clark County, Missouri",29,045
167058,40596,36651,"Clay County, Missouri",29,047
52876,12774,12053,"Cole County, Missouri",29,051
12004,3535,1808,"Cooper County, Missouri",29,053
5469,2149,626,"Dade County, Missouri",29,057
11685,4825,700,"Dallas County, Missouri",29,059
8772,2776,959,"DeKalb County, Missouri",29,063
11029,3670,973,"Dent County, Missouri",29,065
19722,6434,1598,"Dunklin County, Missouri",29,069
71976,19666,9761,"Franklin County, Missouri",29,071
4432,1591,640,"Gentry County, Missouri",29,075
191127,44811,38232,"Greene County, Missouri",29,077
5819,2465,589,"Harrison County, Missouri",29,081
15599,5613,1494,"Henry County, Missouri",29,083
3244,1360,394,"Holt County, Missouri",29,087
6551,2079,1018,"Howard County, Missouri",29,089
7366,2560,610,"Iron County, Missouri",29,093
477814,116212,96970,"Jackson County, Missouri",29,095
155830,40424,22372,"Jefferson County, Missouri",29,099
2599,1033,242,"Knox County, Missouri",29,103
24213,8887,2614,"Laclede County, Missouri",29,105
25426,8714,2914,"Lawrence County, Missouri",29,109
6465,2580,595,"Lewis County, Missouri",29,111
8279,3485,991,"Linn County, Missouri",29,115
10610,3655,1341,"Livingston County, Missouri",29,117
10434,4270,1230,"Macon County, Missouri",29,121
8465,2964,762,"Madison County, Missouri",29,123
19269,5968,3029,"Marion County, Missouri",29,127
2419,945,304,"Mercer County, Missouri",29,129
9577,3105,780,"Mississippi County, Missouri",29,133
10720,3724,1503,"Moniteau County, Missouri",29,135
8094,3027,911,"Montgomery County, Missouri",29,139
14447,4469,1172,"Morgan County, Missouri",29,141
39634,12039,5859,"Newton County, Missouri",29,145
12444,3965,1943,"Nodaway County, Missouri",29,147
9262,3720,1412,"Osage County, Missouri",29,151
6879,2300,471,"Ozark County, Missouri",29,153
13202,4785,1778,"Perry County, Missouri",29,157
28130,8285,3186,"Pettis County, Missouri",29,159
27842,6836,4590,"Phelps County, Missouri",29,161
12587,5006,1315,"Pike County, Missouri",29,163
70196,14291,18834,"Platte County, Missouri",29,165
20640,6932,2930,"Polk County, Missouri",29,167
29396,7037,4958,"Pulaski County, Missouri",29,169
3353,1301,405,"Putnam County, Missouri",29,171
17028,4827,2560,"Rockbridge County, Virginia",51,163
19811,5970,1377,"Russell County, Virginia",51,167
16325,4978,1596,"Scott County, Virginia",51,169
22425,6938,2226,"Smyth County, Virginia",51,173
13263,3068,1746,"Southampton County, Virginia",51,175
96428,18691,23767,"Stafford County, Virginia",51,179
4929,1357,721,"Surry County, Virginia",51,181
30120,9199,2946,"Tazewell County, Virginia",51,185
27773,8680,3807,"Warren County, Virginia",51,187
13335,4222,1321,"Westmoreland County, Virginia",51,193
27375,7243,2295,"Wise County, Virginia",51,195
46245,6795,12367,"York County, Virginia",51,199
119957,11164,37466,"Alexandria city, Virginia",51,510
4018,1125,407,"Buena Vista city, Virginia",51,530
30341,4000,8230,"Charlottesville city, Virginia",51,540
12146,3241,1910,"Colonial Heights city, Virginia",51,570
3999,1464,411,"Covington city, Virginia",51,580
28313,7935,3157,"Danville city, Virginia",51,590
16029,1955,4656,"Fairfax city, Virginia",51,600
9794,568,3085,"Falls Church city, Virginia",51,610
17572,3389,4118,"Fredericksburg city, Virginia",51,630
4358,1103,423,"Galax city, Virginia",51,640
27384,5896,5487,"Harrisonburg city, Virginia",51,660
14849,4068,1329,"Hopewell city, Virginia",51,670
45393,9021,9529,"Lynchburg city, Virginia",51,680
26581,5975,5212,"Manassas city, Virginia",51,683
8633,2132,1252,"Martinsville city, Virginia",51,690
116686,27220,20610,"Newport News city, Virginia",51,700
2955,845,320,"Norton city, Virginia",51,720
21459,6111,2735,"Petersburg city, Virginia",51,730
63775,16148,8352,"Portsmouth city, Virginia",51,740
8252,1454,1525,"Radford city, Virginia",51,750
69800,20239,10387,"Roanoke city, Virginia",51,770
17300,3879,3088,"Salem city, Virginia",51,775
17697,4286,3001,"Staunton city, Virginia",51,790
62050,13394,10899,"Suffolk city, Virginia",51,800
309067,52351,72697,"Virginia Beach city, Virginia",51,810
15697,4189,2510,"Waynesboro city, Virginia",51,820
7690,1186,1976,"Williamsburg city, Virginia",51,830
18643,3769,3777,"Winchester city, Virginia",51,840
10777,2414,900,"Adams County, Washington",53,001
16325,3551,2472,"Asotin County, Washington",53,003
130405,24457,25180,"Benton County, Washington",53,005
52476,11009,8718,"Chelan County, Washington",53,007
58884,12213,10313,"Clallam County, Washington",53,009
327705,68145,66597,"Clark County, Washington",53,011
3041,448,387,"Columbia County, Washington",53,013
75530,17907,8637,"Cowlitz County, Washington",53,015
28131,6809,3871,"Douglas County, Washington",53,017
6002,1755,805,"Ferry County, Washington",53,019
54279,10145,6449,"Franklin County, Washington",53,021
1705,418,292,"Garfield County, Washington",53,023
58909,12737,7681,"Grant County, Washington",53,025
53730,14902,5673,"Grays Harbor County, Washington",53,027
61552,11539,12485,"Island County, Washington",53,029
1594779,200524,505955,"King County, Washington",53,033
188054,33393,42364,"Kitsap County, Washington",53,035
28893,5771,6599,"Kittitas County, Washington",53,037
56424,13574,6899,"Lewis County, Washington",53,041
219286,32029,56443,"Durham County, North Carolina",37,063
47485,11751,7271,"Franklin County, North Carolina",37,069
6161,1747,549,"Graham County, North Carolina",37,075
356145,72216,83397,"Guilford County, North Carolina",37,081
46602,10032,7923,"Haywood County, North Carolina",37,087
3843,1202,303,"Hyde County, North Carolina",37,095
135596,30670,23073,"Johnston County, North Carolina",37,101
39290,9904,4314,"Lenoir County, North Carolina",37,107
26583,6968,4182,"Macon County, North Carolina",37,113
738751,105734,223029,"Mecklenburg County, North Carolina",37,119
43551,11521,5526,"Stanly County, North Carolina",37,167
9777,2252,1225,"Swain County, North Carolina",37,173
151085,30976,37178,"Union County, North Carolina",37,179
14505,4527,1427,"Warren County, North Carolina",37,185
82408,21565,11249,"Wayne County, North Carolina",37,191
26924,7954,2741,"Yadkin County, North Carolina",37,197
658233,133493,203933,"Bergen County, New Jersey",34,003
69871,20176,15077,"Cape May County, New Jersey",34,009
202353,57091,45734,"Gloucester County, New Jersey",34,015
248245,57185,57526,"Mercer County, New Jersey",34,021
346577,61342,112546,"Morris County, New Jersey",34,027
44054,15409,6396,"Salem County, New Jersey",34,033
378158,99258,84189,"Union County, New Jersey",34,039
245032,60241,47685,"Allen County, Indiana",18,003
8448,3563,658,"Blackford County, Indiana",18,009
14131,5071,1520,"Carroll County, Indiana",18,015
18224,6578,2145,"Clay County, Indiana",18,021
20653,6449,1776,"Daviess County, Indiana",18,027
29231,10665,3866,"DeKalb County, Indiana",18,033
130354,37826,16952,"Elkhart County, Indiana",18,039
52939,15208,8129,"Kosciusko County, Indiana",18,085
77283,23524,10057,"LaPorte County, Indiana",18,091
630976,143992,131401,"Marion County, Indiana",18,097
24863,8409,2278,"Miami County, Indiana",18,103
48605,16677,5964,"Morgan County, Indiana",18,109
4399,1550,412,"Ohio County, Indiana",18,115
11904,3917,884,"Parke County, Indiana",18,121
116954,35129,20970,"Porter County, Indiana",18,127
25010,9102,2705,"Putnam County, Indiana",18,133
11609,4499,1229,"Rush County, Indiana",18,139
16501,5613,1300,"Scott County, Indiana",18,143
15841,5779,1274,"Starke County, Indiana",18,149
7320,3078,446,"Switzerland County, Indiana",18,155
5101,1855,653,"Union County, Indiana",18,161
69375,17720,10134,"Vigo County, Indiana",18,167
43205,10680,9089,"Warrick County, Indiana",18,173
19022,6744,2570,"Wells County, Indiana",18,179
166506,34092,41502,"Barnstable County, Massachusetts",25,001
13303,2908,3236,"Dukes County, Massachusetts",25,007
318557,81769,53400,"Hampden County, Massachusetts",25,013
8868,1451,2645,"Nantucket County, Massachusetts",25,019
35200,15010,3483,"Darke County, Ohio",39,037
53474,16919,8482,"Erie County, Ohio",39,043
873356,186849,220763,"Franklin County, Ohio",39,049
64484,15547,15677,"Geauga County, Ohio",39,055
552035,123224,129331,"Hamilton County, Ohio",39,061
10939,5024,844,"Harrison County, Ohio",39,067
29471,11085,2275,"Highland County, Ohio",39,071
39684,15926,3908,"Huron County, Ohio",39,077
5715,2430,445,"Nevada County, Arkansas",05,099
5622,1709,609,"Newton County, Arkansas",05,101
16427,5699,1452,"Ouachita County, Arkansas",05,103
7361,2466,956,"Perry County, Arkansas",05,105
11940,3122,1263,"Phillips County, Arkansas",05,107
7510,2336,889,"Pike County, Arkansas",05,109
16190,5773,1341,"Poinsett County, Arkansas",05,111
14018,3998,1370,"Polk County, Arkansas",05,113
40986,11220,6779,"Pope County, Arkansas",05,115
5913,1856,655,"Prairie County, Arkansas",05,117
267650,58643,56485,"Pulaski County, Arkansas",05,119
12421,3554,1096,"Randolph County, Arkansas",05,121
17947,4977,1138,"St. Francis County, Arkansas",05,123
84048,22000,15614,"Saline County, Arkansas",05,125
7167,2270,597,"Scott County, Arkansas",05,127
5709,1831,454,"Searcy County, Arkansas",05,129
85429,20524,12853,"Sebastian County, Arkansas",05,131
10618,3019,907,"Sevier County, Arkansas",05,133
12542,4189,874,"Sharp County, Arkansas",05,135
9303,2346,871,"Stone County, Arkansas",05,137
26540,7512,3831,"Union County, Arkansas",05,139
144131,31496,27859,"Washington County, Arkansas",05,143
51209,16831,6262,"White County, Arkansas",05,145
14574,4706,1288,"Yell County, Arkansas",05,149
624179,142746,135774,"Hartford County, Connecticut",09,003
134696,35659,28805,"Litchfield County, Connecticut",09,005
598060,161033,113619,"New Haven County, Connecticut",09,009
188088,45955,34869,"New London County, Connecticut",09,011
81868,24455,11378,"Windham County, Connecticut",09,015
501986,70138,126808,"District of Columbia, District of Columbia",11,001
4208,1560,605,"Aleutians West Census Area, Alaska",02,016
192345,36951,43695,"Anchorage Municipality, Alaska",02,020
561,140,114,"Bristol Bay Borough, Alaska",02,060
4686,1084,764,"Chugach Census Area, Alaska",02,063
1866,473,478,"Denali Borough, Alaska",02,068
2902,1014,247,"Dillingham Census Area, Alaska",02,070
1663,410,278,"Haines Borough, Alaska",02,100
1744,529,255,"Hoonah-Angoon Census Area, Alaska",02,105
41166,9869,6650,"Kenai Peninsula Borough, Alaska",02,122
9690,2389,1641,"Ketchikan Gateway Borough, Alaska",02,130
4046,1992,107,"Kusilvak Census Area, Alaska",02,158
69850,18673,10004,"Matanuska-Susitna Borough, Alaska",02,170
5525,2040,465,"Nome Census Area, Alaska",02,180
4251,1663,354,"Northwest Arctic Borough, Alaska",02,188
2483,768,486,"Petersburg Borough, Alaska",02,195
6121,1335,1344,"Sitka City and Borough, Alaska",02,220
1051,253,202,"Skagway Municipality, Alaska",02,230
1877,540,216,"Wrangell City and Borough, Alaska",02,275
428,168,66,"Yakutat City and Borough, Alaska",02,282
3398,1144,280,"Yukon-Koyukuk Census Area, Alaska",02,290
9742,2190,1384,"Alamosa County, Colorado",08,003
10371,1902,2656,"Archuleta County, Colorado",08,007
2629,709,427,"Baca County, Colorado",08,009
215771,20076,74561,"Boulder County, Colorado",08,013
48449,5697,16900,"Broomfield County, Colorado",08,014
1347,332,271,"Cheyenne County, Colorado",08,017
5348,1404,874,"Conejos County, Colorado",08,021
2776,616,375,"Costilla County, Colorado",08,023
7326,3023,701,"Ralls County, Missouri",29,173
17123,5060,2123,"Randolph County, Missouri",29,175
16008,6773,1597,"Ray County, Missouri",29,177
4684,1536,551,"Reynolds County, Missouri",29,179
9524,3154,694,"Ripley County, Missouri",29,181
272116,54884,70442,"St. Charles County, Missouri",29,183
7013,2404,667,"St. Clair County, Missouri",29,185
12787,4053,1298,"Ste. Genevieve County, Missouri",29,186
47217,13570,3826,"St. Francois County, Missouri",29,187
691689,126898,174212,"St. Louis County, Missouri",29,189
14921,4678,2342,"Saline County, Missouri",29,195
3034,1212,185,"Schuyler County, Missouri",29,197
3074,1126,269,"Scotland County, Missouri",29,199
26176,8871,3184,"Scott County, Missouri",29,201
4138,1631,549,"Shelby County, Missouri",29,205
20534,7273,1750,"Stoddard County, Missouri",29,207
4325,1776,417,"Sullivan County, Missouri",29,211
38713,11153,5633,"Taney County, Missouri",29,213
13730,4992,1442,"Vernon County, Missouri",29,217
24141,7702,3124,"Warren County, Missouri",29,219
9614,3400,680,"Wayne County, Missouri",29,223
25305,8258,2863,"Webster County, Missouri",29,225
12285,4244,942,"Wright County, Missouri",29,229
164360,27478,37493,"Alachua County, Florida",12,001
19356,6185,1883,"Baker County, Florida",12,003
20265,6474,1280,"Bradford County, Florida",12,007
442889,98949,85520,"Brevard County, Florida",12,009
10524,3314,709,"Calhoun County, Florida",12,013
154111,43997,23167,"Charlotte County, Florida",12,015
148058,35312,26258,"Clay County, Florida",12,019
289615,67796,61848,"Collier County, Florida",12,021
27017,9642,2198,"DeSoto County, Florida",12,027
12563,4173,727,"Dixie County, Florida",12,029
214238,48428,36968,"Escambia County, Florida",12,033
86847,24262,14156,"Flagler County, Florida",12,035
32149,9608,3821,"Gadsden County, Florida",12,039
12566,4191,1145,"Gilchrist County, Florida",12,041
11905,3061,1730,"Gulf County, Florida",12,045
10597,3666,632,"Hamilton County, Florida",12,047
26640,7174,1475,"Hendry County, Florida",12,051
142930,39850,18035,"Hernando County, Florida",12,053
998338,229984,219537,"Hillsborough County, Florida",12,057
14129,4827,1047,"Holmes County, Florida",12,059
34910,10104,2607,"Jackson County, Florida",12,063
10993,2709,1635,"Jefferson County, Florida",12,065
264159,71840,40345,"Lake County, Florida",12,069
571266,154023,99647,"Lee County, Florida",12,071
30126,10405,2908,"Levy County, Florida",12,075
13744,3862,1248,"Madison County, Florida",12,079
295965,75725,54669,"Manatee County, Florida",12,081
124381,26786,26373,"Martin County, Florida",12,085
1925941,464397,371822,"Miami-Dade County, Florida",12,086
63530,16655,12160,"Nassau County, Florida",12,089
142590,28835,28365,"Okaloosa County, Florida",12,091
926073,190345,213584,"Orange County, Florida",12,095
240760,58273,38357,"Osceola County, Florida",12,097
1088087,228214,247525,"Palm Beach County, Florida",12,099
392420,113847,64038,"Pasco County, Florida",12,101
750170,170814,157659,"Pinellas County, Florida",12,103
7761,1734,1308,"Lincoln County, Washington",53,043
29495,7243,3825,"Okanogan County, Washington",53,047
17294,4452,2336,"Pacific County, Washington",53,049
601918,132944,108315,"Pierce County, Washington",53,053
13894,1883,4154,"San Juan County, Washington",53,055
8993,2318,1417,"Skamania County, Washington",53,059
565776,111252,125052,"Snohomish County, Washington",53,061
32508,9031,4045,"Stevens County, Washington",53,065
200837,35317,44566,"Thurston County, Washington",53,067
40048,6440,6557,"Walla Walla County, Washington",53,071
149734,27707,33144,"Whatcom County, Washington",53,073
152334,32398,16611,"Yakima County, Washington",53,077
11314,4948,955,"Barbour County, West Virginia",54,001
15643,6007,1035,"Boone County, West Virginia",54,005
10339,4022,1030,"Braxton County, West Virginia",54,007
62445,16915,9572,"Cabell County, West Virginia",54,011
5419,2167,498,"Calhoun County, West Virginia",54,013
5903,2537,274,"Clay County, West Virginia",54,015
31180,11062,3211,"Fayette County, West Virginia",54,019
5470,1839,551,"Gilmer County, West Virginia",54,021
25826,7570,3232,"Greenbrier County, West Virginia",54,025
17228,6883,1277,"Hampshire County, West Virginia",54,027
10068,3987,769,"Hardy County, West Virginia",54,031
48215,16442,6877,"Harrison County, West Virginia",54,033
39566,9781,7558,"Jefferson County, West Virginia",54,037
131276,40245,20815,"Kanawha County, West Virginia",54,039
14603,5510,846,"Lincoln County, West Virginia",54,043
23593,9120,1552,"Logan County, West Virginia",54,045
38684,13419,5609,"Marion County, West Virginia",54,049
22785,8748,2386,"Marshall County, West Virginia",54,051
42092,12445,5656,"Mercer County, West Virginia",54,055
19379,7998,1957,"Mineral County, West Virginia",54,057
66404,14300,13899,"Monongalia County, West Virginia",54,061
9888,4062,971,"Monroe County, West Virginia",54,063
18193,7857,1752,"Nicholas County, West Virginia",54,067
29475,8977,5652,"Ohio County, West Virginia",54,069
5349,2250,672,"Pendleton County, West Virginia",54,071
5292,2407,367,"Pleasants County, West Virginia",54,073
6422,2558,557,"Pocahontas County, West Virginia",54,075
25037,10163,2497,"Preston County, West Virginia",54,077
39800,12894,6359,"Putnam County, West Virginia",54,079
53454,17137,6746,"Raleigh County, West Virginia",54,081
20874,8657,2120,"Randolph County, West Virginia",54,083
7162,3068,558,"Ritchie County, West Virginia",54,085
9955,3729,725,"Roane County, West Virginia",54,087
9933,3579,935,"Summers County, West Virginia",54,089
12422,4350,1524,"Taylor County, West Virginia",54,091
5386,2172,583,"Tucker County, West Virginia",54,093
6445,2479,724,"Tyler County, West Virginia",54,095
16807,7210,1676,"Upshur County, West Virginia",54,097
28857,9504,2940,"Wayne County, West Virginia",54,099
5996,2234,364,"Webster County, West Virginia",54,101
11058,4477,937,"Wetzel County, West Virginia",54,103
4344,1625,280,"Wirt County, West Virginia",54,105
60245,17859,8264,"Wood County, West Virginia",54,107
15188,6172,1093,"Wyoming County, West Virginia",54,109
10656,3584,1393,"Ashland County, Wisconsin",55,003
3896,836,870,"Custer County, Colorado",08,027
22607,6594,3288,"Delta County, Colorado",08,029
1574,501,248,"Dolores County, Colorado",08,033
229170,23855,86805,"Douglas County, Colorado",08,035
38828,5089,13441,"Eagle County, Colorado",08,037
18766,4197,4443,"Elbert County, Colorado",08,039
462349,74186,108353,"El Paso County, Colorado",08,041
37326,8263,4351,"Fremont County, Colorado",08,043
39670,8517,8362,"Garfield County, Colorado",08,045
4884,564,1203,"Gilpin County, Colorado",08,047
11857,2739,3050,"Grand County, Colorado",08,049
10830,1546,4456,"Gunnison County, Colorado",08,051
654,85,197,"Hinsdale County, Colorado",08,053
5274,1275,809,"Huerfano County, Colorado",08,055
1081,214,241,"Jackson County, Colorado",08,057
420450,69146,124649,"Jefferson County, Colorado",08,059
914,241,142,"Kiowa County, Colorado",08,061
4914,1406,514,"Kit Carson County, Colorado",08,063
5847,1194,1666,"Lake County, Colorado",08,065
40307,7050,11228,"La Plata County, Colorado",08,067
232230,36747,65179,"Larimer County, Colorado",08,069
10465,2379,1328,"Las Animas County, Colorado",08,071
4201,1028,396,"Lincoln County, Colorado",08,073
15866,4239,2131,"Logan County, Colorado",08,075
106261,24156,19214,"Mesa County, Colorado",08,077
8827,2769,1299,"Moffat County, Colorado",08,081
18707,5111,3507,"Montezuma County, Colorado",08,083
18557,4815,2274,"Morgan County, Colorado",08,087
3992,496,1203,"Ouray County, Colorado",08,091
14650,3561,3344,"Park County, Colorado",08,093
13829,1643,5946,"Pitkin County, Colorado",08,097
7768,1600,849,"Prowers County, Colorado",08,099
4292,1152,745,"Rio Blanco County, Colorado",08,103
7707,1921,1330,"Rio Grande County, Colorado",08,105
4917,1357,619,"Saguache County, Colorado",08,109
6139,1101,2546,"San Miguel County, Colorado",08,113
1581,333,214,"Sedgwick County, Colorado",08,115
19239,3876,3947,"Teller County, Colorado",08,119
3389,901,498,"Washington County, Colorado",08,121
6688,1636,901,"Yuma County, Colorado",08,125
386462,106542,81387,"New Castle County, Delaware",10,003
173274,47565,29406,"Sussex County, Delaware",10,005
7545,2200,907,"Big Horn County, Montana",30,003
4151,1009,767,"Blaine County, Montana",30,005
8213,2248,1662,"Carbon County, Montana",30,009
979,265,175,"Carter County, Montana",30,011
3974,1266,928,"Chouteau County, Montana",30,015
1305,411,224,"Daniels County, Montana",30,019
6458,1508,1122,"Dawson County, Montana",30,021
1970,718,223,"Fallon County, Montana",30,025
8175,2029,1655,"Fergus County, Montana",30,027
71476,11010,23709,"Gallatin County, Montana",30,031
717,252,120,"Garfield County, Montana",30,033
639,214,103,"Golden Valley County, Montana",30,037
10239,2515,2088,"Hill County, Montana",30,041
8764,1985,2132,"Jefferson County, Montana",30,043
20991,4498,4363,"Lake County, Montana",30,047
48370,9003,12789,"Lewis and Clark County, Montana",30,049
15252,4776,2195,"Lincoln County, Montana",30,053
52815,17318,4765,"Putnam County, Florida",12,107
181632,32316,50008,"St. Johns County, Florida",12,109
234071,62514,34915,"St. Lucie County, Florida",12,111
126041,27976,22052,"Santa Rosa County, Florida",12,113
342639,83772,71035,"Sarasota County, Florida",12,115
330423,56489,89469,"Seminole County, Florida",12,117
116720,29126,21088,"Sumter County, Florida",12,119
31790,10412,2824,"Suwannee County, Florida",12,121
15968,5330,1073,"Taylor County, Florida",12,123
11333,3011,785,"Union County, Florida",12,125
405556,107780,65384,"Volusia County, Florida",12,127
23905,6309,2760,"Wakulla County, Florida",12,129
52247,10986,10380,"Walton County, Florida",12,131
18243,6168,1451,"Washington County, Florida",12,133
20399,4787,3214,"Adams County, Nebraska",31,001
4367,1355,565,"Antelope County, Nebraska",31,003
465,97,85,"Banner County, Nebraska",31,007
376,147,50,"Blaine County, Nebraska",31,009
7510,2105,1080,"Box Butte County, Nebraska",31,013
1456,605,186,"Boyd County, Nebraska",31,015
30433,6599,6752,"Buffalo County, Nebraska",31,019
4640,1357,813,"Burt County, Nebraska",31,021
17885,4577,3521,"Cass County, Nebraska",31,025
5700,1862,812,"Cedar County, Nebraska",31,027
4044,1146,710,"Cherry County, Nebraska",31,031
6612,1747,1273,"Cheyenne County, Nebraska",31,033
6570,1624,696,"Colfax County, Nebraska",31,037
7470,2111,1360,"Custer County, Nebraska",31,041
12324,3657,1327,"Dakota County, Nebraska",31,043
15214,3835,1912,"Dawson County, Nebraska",31,047
1302,274,202,"Deuel County, Nebraska",31,049
24337,7564,3047,"Dodge County, Nebraska",31,053
369389,66370,96033,"Douglas County, Nebraska",31,055
4082,1224,593,"Fillmore County, Nebraska",31,059
2237,679,276,"Franklin County, Nebraska",31,061
3347,964,480,"Furnas County, Nebraska",31,065
15109,4637,2279,"Gage County, Nebraska",31,067
1506,373,376,"Garfield County, Nebraska",31,071
1572,398,327,"Gosper County, Nebraska",31,073
1670,564,201,"Greeley County, Nebraska",31,077
39451,10062,5681,"Hall County, Nebraska",31,079
2376,580,451,"Harlan County, Nebraska",31,083
653,139,112,"Hayes County, Nebraska",31,085
6952,1989,1234,"Holt County, Nebraska",31,089
516,169,113,"Hooker County, Nebraska",31,091
5181,1740,734,"Jefferson County, Nebraska",31,095
3721,1257,491,"Johnson County, Nebraska",31,097
5966,1470,820,"Keith County, Nebraska",31,101
608,168,102,"Keya Paha County, Nebraska",31,103
490414,138094,66256,"Polk County, Florida",12,105
5826,1860,799,"Knox County, Nebraska",31,107
196706,34338,48821,"Lancaster County, Nebraska",31,109
574,139,124,"Logan County, Nebraska",31,113
501,154,81,"Loup County, Nebraska",31,115
22843,6274,3764,"Madison County, Nebraska",31,119
5546,1929,702,"Merrick County, Nebraska",31,121
2512,853,266,"Nance County, Nebraska",31,125
3060,857,499,"Nuckolls County, Nebraska",31,129
10881,3241,1869,"Otoe County, Nebraska",31,131
32146,10021,4480,"Barron County, Wisconsin",55,005
176037,47306,37418,"Brown County, Wisconsin",55,009
9543,3512,1267,"Buffalo County, Wisconsin",55,011
34475,10277,7721,"Calumet County, Wisconsin",55,015
45531,13429,7025,"Chippewa County, Wisconsin",55,017
40858,11277,6739,"Columbia County, Wisconsin",55,021
11746,4106,1561,"Crawford County, Wisconsin",55,023
63718,22847,7993,"Dodge County, Wisconsin",55,027
21630,5970,4973,"Door County, Wisconsin",55,029
27541,8028,5337,"Dunn County, Wisconsin",55,033
66161,15045,14580,"Eau Claire County, Wisconsin",55,035
71780,22953,11257,"Fond du Lac County, Wisconsin",55,039
6480,2158,696,"Forest County, Wisconsin",55,041
26155,8000,4198,"Green County, Wisconsin",55,045
13292,4621,1933,"Green Lake County, Wisconsin",55,047
4573,1279,737,"Iron County, Wisconsin",55,051
14597,5347,1408,"Jackson County, Wisconsin",55,053
19567,6369,2029,"Juneau County, Wisconsin",55,057
114176,28649,20237,"Kenosha County, Wisconsin",55,059
76165,17163,17223,"La Crosse County, Wisconsin",55,063
11398,4362,1541,"Lafayette County, Wisconsin",55,065
20630,7254,2675,"Lincoln County, Wisconsin",55,069
56864,19106,8704,"Manitowoc County, Wisconsin",55,071
30070,10954,3283,"Marinette County, Wisconsin",55,075
11501,4103,1163,"Marquette County, Wisconsin",55,077
630726,159623,126353,"Milwaukee County, Wisconsin",55,079
31230,9921,4629,"Monroe County, Wisconsin",55,081
27809,10611,3567,"Oconto County, Wisconsin",55,083
126994,35975,26515,"Outagamie County, Wisconsin",55,087
62248,11801,18995,"Ozaukee County, Wisconsin",55,089
26698,7392,5266,"Pierce County, Wisconsin",55,093
31536,10327,4962,"Polk County, Wisconsin",55,095
10313,3696,1277,"Price County, Wisconsin",55,099
134100,36251,22829,"Racine County, Wisconsin",55,101
110933,33243,17758,"Rock County, Wisconsin",55,105
10292,3633,1216,"Rusk County, Wisconsin",55,107
44783,13309,7418,"Sauk County, Wisconsin",55,111
12388,3521,1993,"Sawyer County, Wisconsin",55,113
29200,11786,3248,"Shawano County, Wisconsin",55,115
80075,24930,14376,"Sheboygan County, Wisconsin",55,117
14149,5474,1515,"Taylor County, Wisconsin",55,119
20090,7204,2699,"Trempealeau County, Wisconsin",55,121
20706,6993,3126,"Vernon County, Wisconsin",55,123
17259,4854,3102,"Vilas County, Wisconsin",55,125
68845,18239,12932,"Walworth County, Wisconsin",55,127
11912,3498,1940,"Washburn County, Wisconsin",55,129
95853,25240,22185,"Washington County, Wisconsin",55,131
284749,56418,84600,"Waukesha County, Wisconsin",55,133
37085,13648,5600,"Waupaca County, Wisconsin",55,135
18400,6403,2010,"Waushara County, Wisconsin",55,137
115604,32938,23770,"Winnebago County, Wisconsin",55,139
52066,17924,6709,"Wood County, Wisconsin",55,141
21681,2315,6460,"Albany County, Wyoming",56,001
7972,1972,1071,"Big Horn County, Wyoming",56,003
30198,9277,3991,"Campbell County, Wyoming",56,005
10363,3234,1633,"Carbon County, Wyoming",56,007
9477,2824,1049,"Converse County, Wyoming",56,009
5188,1510,997,"Crook County, Wyoming",56,011
26661,6493,4038,"Fremont County, Wyoming",56,013
1311,383,170,"McCone County, Montana",30,055
1372,530,281,"Meagher County, Montana",30,059
3308,1033,561,"Mineral County, Montana",30,061
3513,1126,401,"Musselshell County, Montana",30,065
355,128,77,"Petroleum County, Montana",30,069
2880,993,331,"Phillips County, Montana",30,071
1250,364,204,"Powder River County, Montana",30,075
5308,1387,592,"Powell County, Montana",30,077
855,194,145,"Prairie County, Montana",30,079
32519,8160,5854,"Ravalli County, Montana",30,081
7400,2371,1032,"Richland County, Montana",30,083
6411,1743,903,"Roosevelt County, Montana",30,085
5723,1519,648,"Rosebud County, Montana",30,087
9075,3123,1387,"Sanders County, Montana",30,089
2426,729,418,"Sheridan County, Montana",30,091
23865,6626,4717,"Silver Bow County, Montana",30,093
6837,2072,1275,"Stillwater County, Montana",30,095
2636,805,429,"Sweet Grass County, Montana",30,097
4166,1148,780,"Teton County, Montana",30,099
3512,955,578,"Toole County, Montana",30,101
517,151,125,"Treasure County, Montana",30,103
5272,1600,829,"Valley County, Montana",30,105
1548,505,232,"Wheatland County, Montana",30,107
744,231,136,"Wibaux County, Montana",30,109
109897,26519,25002,"Yellowstone County, Montana",30,111
12338,4105,589,"Appling County, Georgia",13,001
5278,1372,300,"Atkinson County, Georgia",13,003
7331,2734,322,"Bacon County, Georgia",13,005
2292,731,244,"Baker County, Georgia",13,007
13149,3554,1305,"Banks County, Georgia",13,011
53636,14578,6672,"Barrow County, Georgia",13,013
11347,4721,864,"Ben Hill County, Georgia",13,017
100107,25970,13551,"Bibb County, Georgia",13,021
8241,2641,820,"Bleckley County, Georgia",13,023
11042,3196,1318,"Brooks County, Georgia",13,027
24167,5338,5061,"Bryan County, Georgia",13,029
14530,4575,1459,"Burke County, Georgia",13,033
17284,5569,1352,"Butts County, Georgia",13,035
34585,9256,4960,"Camden County, Georgia",13,039
75307,20079,10884,"Carroll County, Georgia",13,045
46650,12338,7292,"Catoosa County, Georgia",13,047
196367,38696,40792,"Chatham County, Georgia",13,051
4876,1147,880,"Chattahoochee County, Georgia",13,053
171751,32662,44657,"Cherokee County, Georgia",13,057
72056,11626,16126,"Clarke County, Georgia",13,059
179050,52711,22589,"Clayton County, Georgia",13,063
510668,81387,157496,"Cobb County, Georgia",13,067
28396,8627,2159,"Coffee County, Georgia",13,069
102800,20722,22476,"Columbia County, Georgia",13,073
11287,3378,1070,"Cook County, Georgia",13,075
8702,2779,456,"Crawford County, Georgia",13,079
15040,5266,1152,"Crisp County, Georgia",13,081
17986,3874,3944,"Dawson County, Georgia",13,085
515835,94244,133535,"DeKalb County, Georgia",13,089
15069,4561,1552,"Dodge County, Georgia",13,091
57110,13700,7173,"Dougherty County, Georgia",13,095
93965,23597,16724,"Douglas County, Georgia",13,097
2683,1104,150,"Echols County, Georgia",13,101
13505,4448,1039,"Elbert County, Georgia",13,105
1880,643,177,"Pawnee County, Nebraska",31,133
2043,443,448,"Perkins County, Nebraska",31,135
6241,1490,1128,"Phelps County, Nebraska",31,137
4888,1552,926,"Pierce County, Nebraska",31,139
21911,5771,3392,"Platte County, Nebraska",31,141
3630,1138,544,"Polk County, Nebraska",31,143
7229,1825,1207,"Red Willow County, Nebraska",31,145
5734,1988,757,"Richardson County, Nebraska",31,147
994,281,226,"Rock County, Nebraska",31,149
8987,2405,1262,"Saline County, Nebraska",31,151
118092,22773,30924,"Sarpy County, Nebraska",31,153
14620,3897,2847,"Saunders County, Nebraska",31,155
24069,5979,3889,"Scotts Bluff County, Nebraska",31,157
10884,2752,2355,"Seward County, Nebraska",31,159
3717,1124,568,"Sheridan County, Nebraska",31,161
2213,643,327,"Sherman County, Nebraska",31,163
851,217,171,"Sioux County, Nebraska",31,165
4008,1190,610,"Stanton County, Nebraska",31,167
3551,1090,529,"Thayer County, Nebraska",31,169
431,98,90,"Thomas County, Nebraska",31,171
3912,1015,508,"Thurston County, Nebraska",31,173
13988,3825,3169,"Washington County, Nebraska",31,177
2477,698,338,"Webster County, Nebraska",31,181
586,148,95,"Wheeler County, Nebraska",31,183
16823,4073,2287,"Churchill County, Nevada",32,001
1528148,371627,254714,"Clark County, Nevada",32,003
33895,9249,3780,"Elko County, Nevada",32,007
885,217,113,"Esmeralda County, Nevada",32,009
11173,3025,1449,"Humboldt County, Nevada",32,013
3884,977,265,"Lander County, Nevada",32,015
40302,10625,3909,"Lyon County, Nevada",32,019
3260,921,390,"Mineral County, Nevada",32,021
5143,1588,229,"Pershing County, Nevada",32,027
3055,645,710,"Storey County, Nevada",32,029
7158,2567,676,"White Pine County, Nevada",32,033
39827,8621,5990,"Carson City, Nevada",32,510
38027,8865,8263,"Carroll County, New Hampshire",33,003
53534,14671,11344,"Cheshire County, New Hampshire",33,005
63872,14158,13651,"Grafton County, New Hampshire",33,009
294522,63281,72309,"Hillsborough County, New Hampshire",33,011
225281,50478,59273,"Rockingham County, New Hampshire",33,015
85844,19545,19536,"Strafford County, New Hampshire",33,017
41519,14428,4323,"Acadia Parish, Louisiana",22,001
17892,6478,1473,"Allen Parish, Louisiana",22,003
15478,5063,1522,"Assumption Parish, Louisiana",22,007
27683,8270,2332,"Avoyelles Parish, Louisiana",22,009
9389,3597,761,"Bienville Parish, Louisiana",22,013
84126,20150,13727,"Bossier Parish, Louisiana",22,015
134563,38363,19511,"Calcasieu Parish, Louisiana",22,019
6839,2784,770,"Caldwell Parish, Louisiana",22,021
6805,2258,715,"Catahoula Parish, Louisiana",22,025
11775,4199,942,"Claiborne Parish, Louisiana",22,027
18675,6280,1826,"De Soto Parish, Louisiana",22,031
281253,64524,61214,"East Baton Rouge Parish, Louisiana",22,033
14278,4570,1493,"East Feliciana Parish, Louisiana",22,037
22237,7043,2070,"Evangeline Parish, Louisiana",22,039
16022,5095,1234,"Grant Parish, Louisiana",22,043
46245,16364,5180,"Iberia Parish, Louisiana",22,045
11257,3946,1059,"Jackson Parish, Louisiana",22,049
9321,2267,1436,"Goshen County, Wyoming",56,015
6211,1272,1285,"Johnson County, Wyoming",56,019
67590,13941,12776,"Laramie County, Wyoming",56,021
13080,3733,1931,"Lincoln County, Wyoming",56,023
1733,478,255,"Niobrara County, Wyoming",56,027
21087,4452,4605,"Park County, Wyoming",56,029
21525,5040,3618,"Sheridan County, Wyoming",56,033
6768,1846,1471,"Sublette County, Wyoming",56,035
17782,2369,6620,"Teton County, Wyoming",56,039
13093,3998,1644,"Uinta County, Wyoming",56,041
4933,1537,625,"Weston County, Wyoming",56,045
12529,3344,1732,"Adjuntas Municipio, Puerto Rico",72,001
36971,9954,6316,"Aguadilla Municipio, Puerto Rico",72,005
18128,5429,2628,"Aguas Buenas Municipio, Puerto Rico",72,007
19348,5408,2610,"Añasco Municipio, Puerto Rico",72,011
60505,16685,11011,"Arecibo Municipio, Puerto Rico",72,013
16941,5260,3013,"Barceloneta Municipio, Puerto Rico",72,017
18939,5025,2805,"Barranquitas Municipio, Puerto Rico",72,019
35120,8189,6871,"Cabo Rojo Municipio, Puerto Rico",72,023
91230,20581,20920,"Caguas Municipio, Puerto Rico",72,025
22442,5166,3568,"Camuy Municipio, Puerto Rico",72,027
109118,25104,26306,"Carolina Municipio, Puerto Rico",72,031
16801,4973,2323,"Cataño Municipio, Puerto Rico",72,033
8122,2396,1303,"Ceiba Municipio, Puerto Rico",72,037
11624,3192,1437,"Ciales Municipio, Puerto Rico",72,039
28010,10499,4565,"Coamo Municipio, Puerto Rico",72,043
13407,2806,1592,"Comerío Municipio, Puerto Rico",72,045
982,327,154,"Culebra Municipio, Puerto Rico",72,049
25465,6738,5323,"Dorado Municipio, Puerto Rico",72,051
8052,2718,1044,"Florida Municipio, Puerto Rico",72,054
11133,3845,1393,"Guánica Municipio, Puerto Rico",72,055
28153,9937,4541,"Guayama Municipio, Puerto Rico",72,057
64117,9569,18601,"Guaynabo Municipio, Puerto Rico",72,061
33183,6827,7312,"Gurabo Municipio, Puerto Rico",72,063
11822,3225,2205,"Hormigueros Municipio, Puerto Rico",72,067
37470,11904,6513,"Humacao Municipio, Puerto Rico",72,069
9800,3517,1419,"Jayuya Municipio, Puerto Rico",72,073
31421,9951,6351,"Juana Díaz Municipio, Puerto Rico",72,075
16023,4067,2122,"Lajas Municipio, Puerto Rico",72,079
18134,4141,2658,"Lares Municipio, Puerto Rico",72,081
5709,1805,865,"Las Marías Municipio, Puerto Rico",72,083
26575,6183,4642,"Las Piedras Municipio, Puerto Rico",72,085
17743,6155,2411,"Loíza Municipio, Puerto Rico",72,087
12795,3772,2086,"Luquillo Municipio, Puerto Rico",72,089
27115,7568,4828,"Manatí Municipio, Puerto Rico",72,091
4326,1154,319,"Maricao Municipio, Puerto Rico",72,093
7745,2197,1114,"Maunabo Municipio, Puerto Rico",72,095
49493,10918,9233,"Mayagüez Municipio, Puerto Rico",72,097
24974,7252,3865,"Moca Municipio, Puerto Rico",72,099
21351,6008,3017,"Morovis Municipio, Puerto Rico",72,101
17882,5933,2950,"Naguabo Municipio, Puerto Rico",72,103
19721,4437,2762,"Naranjito Municipio, Puerto Rico",72,105
14300,4270,1906,"Orocovis Municipio, Puerto Rico",72,107
12172,3352,1458,"Patillas Municipio, Puerto Rico",72,109
13544,3738,2566,"Peñuelas Municipio, Puerto Rico",72,111
95761,27632,19920,"Ponce Municipio, Puerto Rico",72,113
16720,4846,2425,"Quebradillas Municipio, Puerto Rico",72,115
14899,4938,909,"Emanuel County, Georgia",13,107
19988,5693,2551,"Fannin County, Georgia",13,111
77608,14625,21905,"Fayette County, Georgia",13,113
154009,19561,54664,"Forsyth County, Georgia",13,117
716013,108552,229596,"Fulton County, Georgia",13,121
22968,6600,2950,"Gilmer County, Georgia",13,123
59748,12619,10904,"Glynn County, Georgia",13,127
38713,10323,3358,"Gordon County, Georgia",13,129
13253,3445,2481,"Greene County, Georgia",13,133
591944,116777,143945,"Gwinnett County, Georgia",13,135
132146,30686,19459,"Hall County, Georgia",13,139
20356,5610,2188,"Haralson County, Georgia",13,143
24441,5077,4560,"Harris County, Georgia",13,145
19012,5410,2330,"Hart County, Georgia",13,147
8081,2691,329,"Heard County, Georgia",13,149
149170,40834,26196,"Henry County, Georgia",13,151
101912,22605,18087,"Houston County, Georgia",13,153
6463,1763,567,"Irwin County, Georgia",13,155
47642,11909,7644,"Jackson County, Georgia",13,157
9777,3436,926,"Jasper County, Georgia",13,159
9674,2924,633,"Jeff Davis County, Georgia",13,161
10598,3667,900,"Jefferson County, Georgia",13,163
6034,2546,207,"Jenkins County, Georgia",13,165
7052,2553,292,"Johnson County, Georgia",13,167
19786,6483,2459,"Jones County, Georgia",13,169
12348,3878,1013,"Lamar County, Georgia",13,171
7079,2193,960,"Lanier County, Georgia",13,173
31828,11097,2815,"Laurens County, Georgia",13,175
19536,4142,3020,"Lee County, Georgia",13,177
36054,8910,4767,"Liberty County, Georgia",13,179
5842,2183,568,"Lincoln County, Georgia",13,181
12150,4224,1020,"Long County, Georgia",13,183
20875,4442,3874,"Lumpkin County, Georgia",13,187
11209,3470,1274,"McIntosh County, Georgia",13,191
9400,2316,582,"Macon County, Georgia",13,193
5960,1777,588,"Marion County, Georgia",13,197
14873,4885,1009,"Meriwether County, Georgia",13,199
15369,4092,1143,"Mitchell County, Georgia",13,205
6029,1947,546,"Montgomery County, Georgia",13,209
13344,4257,1811,"Morgan County, Georgia",13,211
127636,27364,20940,"Muscogee County, Georgia",13,215
70345,19239,8748,"Newton County, Georgia",13,217
10463,3393,1129,"Oglethorpe County, Georgia",13,221
107492,27026,17299,"Paulding County, Georgia",13,223
23403,6359,3411,"Pickens County, Georgia",13,227
12691,3765,1372,"Pike County, Georgia",13,231
27883,8668,2204,"Polk County, Georgia",13,233
15969,5147,2292,"Putnam County, Georgia",13,237
1772,458,117,"Quitman County, Georgia",13,239
4602,1298,410,"Randolph County, Georgia",13,243
59934,15794,10437,"Rockdale County, Georgia",13,247
3466,889,258,"Schley County, Georgia",13,249
5962,1788,647,"Seminole County, Georgia",13,253
45242,14540,5067,"Spalding County, Georgia",13,255
5097,1573,416,"Stewart County, Georgia",13,259
18878,5318,1921,"Sumter County, Georgia",13,261
1255,552,51,"Taliaferro County, Georgia",13,265
6044,1840,491,"Taylor County, Georgia",13,269
11876,4747,456,"Telfair County, Georgia",13,271
30472,7853,4301,"Thomas County, Georgia",13,275
306098,78364,55501,"Jefferson Parish, Louisiana",22,051
163807,41387,37763,"Lafayette Parish, Louisiana",22,055
66896,23364,7628,"Lafourche Parish, Louisiana",22,057
10057,3580,1245,"LaSalle Parish, Louisiana",22,059
25742,6093,5380,"Lincoln Parish, Louisiana",22,061
93315,29754,12670,"Livingston Parish, Louisiana",22,063
7511,1892,754,"Madison Parish, Louisiana",22,065
17132,5778,1736,"Morehouse Parish, Louisiana",22,067
23037,7643,2760,"Natchitoches Parish, Louisiana",22,069
279378,54641,58673,"Orleans Parish, Louisiana",22,071
101152,29051,15726,"Ouachita Parish, Louisiana",22,073
15440,4709,2052,"Plaquemines Parish, Louisiana",22,075
15218,5098,1648,"Pointe Coupee Parish, Louisiana",22,077
86682,25818,11542,"Rapides Parish, Louisiana",22,079
5811,2191,377,"Red River Parish, Louisiana",22,081
13806,4154,1099,"Richland Parish, Louisiana",22,083
16547,6419,1475,"Sabine Parish, Louisiana",22,085
30710,7810,3050,"St. Bernard Parish, Louisiana",22,087
35477,9547,7571,"St. Charles Parish, Louisiana",22,089
7234,2695,678,"St. Helena Parish, Louisiana",22,091
14620,5489,1634,"St. James Parish, Louisiana",22,093
28715,8840,3242,"St. John the Baptist Parish, Louisiana",22,095
53662,18468,5095,"St. Landry Parish, Louisiana",22,097
36153,13777,4167,"St. Martin Parish, Louisiana",22,099
177190,34962,39396,"St. Tammany Parish, Louisiana",22,103
87361,25671,13534,"Tangipahoa Parish, Louisiana",22,105
74061,23030,7861,"Terrebonne Parish, Louisiana",22,109
39837,13908,4759,"Vermilion Parish, Louisiana",22,113
30032,9978,3903,"Vernon Parish, Louisiana",22,115
26966,9811,2788,"Webster Parish, Louisiana",22,119
18022,5541,2509,"West Baton Rouge Parish, Louisiana",22,121
11960,2791,2066,"West Feliciana Parish, Louisiana",22,125
10183,3322,1282,"Winn Parish, Louisiana",22,127
205082,36545,45382,"Albany County, New York",36,001
930184,208224,120154,"Bronx County, New York",36,005
127556,32277,19987,"Broome County, New York",36,007
55612,14420,7539,"Cayuga County, New York",36,011
89393,25034,11609,"Chautauqua County, New York",36,013
34132,11561,3572,"Chenango County, New York",36,017
55208,15775,7447,"Clinton County, New York",36,019
29953,7594,4411,"Cortland County, New York",36,023
32831,10679,3890,"Delaware County, New York",36,025
647994,146872,127836,"Erie County, New York",36,029
35561,9747,3770,"Franklin County, New York",36,033
38599,11409,3788,"Fulton County, New York",36,035
35517,11346,4416,"Greene County, New York",36,039
3485,826,348,"Hamilton County, New York",36,041
70896,19691,9455,"Jefferson County, New York",36,045
1780524,380302,414484,"Kings County, New York",36,047
42562,11285,6297,"Livingston County, New York",36,051
48061,14401,7122,"Madison County, New York",36,053
34193,10281,3639,"Montgomery County, New York",36,057
945100,187101,242062,"Nassau County, New York",36,059
150950,40288,22251,"Niagara County, New York",36,063
158727,40764,24039,"Oneida County, New York",36,065
77782,17293,15260,"Ontario County, New York",36,069
244598,58493,43331,"Orange County, New York",36,071
80077,23754,8996,"Oswego County, New York",36,075
35115,9863,6918,"Río Grande Municipio, Puerto Rico",72,119
15868,4637,2594,"Sabana Grande Municipio, Puerto Rico",72,121
21988,6402,3655,"San Germán Municipio, Puerto Rico",72,125
238443,47877,56203,"San Juan Municipio, Puerto Rico",72,127
26454,6332,3762,"San Lorenzo Municipio, Puerto Rico",72,129
14706,5592,2704,"Santa Isabel Municipio, Puerto Rico",72,133
50441,12037,10703,"Toa Alta Municipio, Puerto Rico",72,135
46494,10687,11909,"Trujillo Alto Municipio, Puerto Rico",72,139
20272,5427,3160,"Utuado Municipio, Puerto Rico",72,141
36640,9644,5707,"Vega Baja Municipio, Puerto Rico",72,145
5998,2523,434,"Vieques Municipio, Puerto Rico",72,147
15044,5275,2413,"Villalba Municipio, Puerto Rico",72,149
25263,8145,4785,"Yauco Municipio, Puerto Rico",72,153
42328,11074,3040,"Anderson County, Texas",48,001
57331,13818,7153,"Angelina County, Texas",48,005
17811,3956,2802,"Aransas County, Texas",48,007
1338,291,232,"Armstrong County, Texas",48,011
32110,11071,3651,"Atascosa County, Texas",48,013
4080,1237,474,"Bailey County, Texas",48,017
17461,4895,2671,"Bandera County, Texas",48,019
2527,800,432,"Baylor County, Texas",48,023
22226,4643,1248,"Bee County, Texas",48,025
1269771,258393,227899,"Bexar County, Texas",48,029
8919,2042,1724,"Blanco County, Texas",48,031
13234,3641,1719,"Bosque County, Texas",48,035
240923,46379,48006,"Brazoria County, Texas",48,039
121611,19369,27151,"Brazos County, Texas",48,041
1017,300,134,"Briscoe County, Texas",48,045
4460,873,564,"Brooks County, Texas",48,047
12685,4177,1969,"Burleson County, Texas",48,051
33684,8782,5816,"Burnet County, Texas",48,053
14334,3611,1597,"Calhoun County, Texas",48,057
9976,2714,1689,"Callahan County, Texas",48,059
8446,2318,1217,"Camp County, Texas",48,063
4120,1017,792,"Carson County, Texas",48,065
4663,1224,577,"Castro County, Texas",48,069
26978,6030,4017,"Chambers County, Texas",48,071
5246,1297,779,"Childress County, Texas",48,075
7626,2217,1311,"Clay County, Texas",48,077
2479,712,342,"Coke County, Texas",48,081
6026,1820,707,"Coleman County, Texas",48,083
1909,357,348,"Collingsworth County, Texas",48,087
14387,4915,2029,"Colorado County, Texas",48,089
103971,22240,25639,"Comal County, Texas",48,091
9707,2536,1393,"Comanche County, Texas",48,093
2389,554,255,"Concho County, Texas",48,095
27484,6925,4048,"Cooke County, Texas",48,097
47848,9177,5377,"Coryell County, Texas",48,099
10482,2394,1792,"Rincón Municipio, Puerto Rico",72,117
1066,235,126,"Cottle County, Texas",48,101
2856,855,281,"Crane County, Texas",48,103
2471,1066,130,"Crockett County, Texas",48,105
3746,916,424,"Crosby County, Texas",48,107
1416,433,211,"Culberson County, Texas",48,109
4415,937,586,"Dallam County, Texas",48,111
1686671,324101,344893,"Dallas County, Texas",48,113
8098,2076,942,"Dawson County, Texas",48,115
10956,3305,934,"Deaf Smith County, Texas",48,117
3605,961,504,"Delta County, Texas",48,119
40618,14031,6127,"Knox County, Ohio",39,083
118968,35936,22107,"Licking County, Ohio",39,089
293043,73740,48782,"Lucas County, Ohio",39,095
163564,54785,26348,"Mahoning County, Ohio",39,099
16312,6637,1215,"Meigs County, Ohio",39,105
10072,4733,721,"Monroe County, Ohio",39,111
24530,9637,2507,"Morrow County, Ohio",39,117
30513,9530,4942,"Ottawa County, Ohio",39,123
40556,14857,4935,"Pickaway County, Ohio",39,129
8669,1865,1558,"Towns County, Georgia",13,281
4528,1550,522,"Treutlen County, Georgia",13,283
5585,1590,345,"Turner County, Georgia",13,287
18798,5240,2435,"Union County, Georgia",13,291
18366,5098,1591,"Upson County, Georgia",13,293
62517,18101,8752,"Walton County, Georgia",13,297
24405,8155,2479,"Ware County, Georgia",13,299
14287,5407,1445,"Washington County, Georgia",13,303
1851,479,108,"Webster County, Georgia",13,307
4279,1297,627,"Wheeler County, Georgia",13,309
67343,16178,6983,"Whitfield County, Georgia",13,313
6341,1948,364,"Wilcox County, Georgia",13,315
6214,2639,426,"Wilkinson County, Georgia",13,319
143758,39825,28103,"Hawaii County, Hawaii",15,001
681697,158338,157631,"Honolulu County, Hawaii",15,003
433,54,166,"Kalawao County, Hawaii",15,005
51517,14571,10429,"Kauai County, Hawaii",15,007
119018,33365,22350,"Maui County, Hawaii",15,009
318116,51711,84327,"Ada County, Idaho",16,001
3303,1007,393,"Adams County, Idaho",16,003
55226,11912,10151,"Bannock County, Idaho",16,005
3997,1259,536,"Bear Lake County, Idaho",16,007
6499,2087,797,"Benewah County, Idaho",16,009
27880,7577,3963,"Bingham County, Idaho",16,011
16229,3244,4350,"Blaine County, Idaho",16,013
6007,1555,1056,"Boise County, Idaho",16,015
33298,8069,5859,"Bonner County, Idaho",16,017
71072,14440,15056,"Bonneville County, Idaho",16,019
8367,2859,1079,"Boundary County, Idaho",16,021
1962,533,255,"Butte County, Idaho",16,023
792,214,119,"Camas County, Idaho",16,025
138891,33391,20055,"Canyon County, Idaho",16,027
4503,1269,562,"Caribou County, Idaho",16,029
14312,3365,2046,"Cassia County, Idaho",16,031
564,161,68,"Clark County, Idaho",16,033
3093,652,810,"Custer County, Idaho",16,037
8152,3244,864,"Franklin County, Idaho",16,041
8585,2154,1217,"Fremont County, Idaho",16,043
9868,3238,1171,"Gooding County, Idaho",16,047
12240,3708,1957,"Idaho County, Idaho",16,049
14663,3785,1431,"Jerome County, Idaho",16,053
23003,3832,5901,"Latah County, Idaho",16,057
6059,1446,919,"Lemhi County, Idaho",16,059
3424,978,260,"Lincoln County, Idaho",16,063
16760,2038,4647,"Madison County, Idaho",16,065
28279,7105,4820,"Nez Perce County, Idaho",16,069
7663,2027,735,"Owyhee County, Idaho",16,073
25943,7598,2064,"Tift County, Georgia",13,277
15638,4584,1855,"Payette County, Idaho",16,075
9224,2711,625,"Shoshone County, Idaho",16,079
7928,1161,2345,"Teton County, Idaho",16,081
8675,1875,1828,"Valley County, Idaho",16,085
7174,1869,823,"Washington County, Idaho",16,087
4288,1417,380,"Alexander County, Illinois",17,003
35103,9426,5125,"Boone County, Illinois",17,007
4828,1507,494,"Brown County, Illinois",17,009
3478,1347,334,"Calhoun County, Illinois",17,013
10693,3428,1385,"Carroll County, Illinois",17,015
122470,23191,25835,"Champaign County, Illinois",17,019
10918,3823,1517,"Clark County, Illinois",17,023
40044,10167,7231,"Otsego County, New York",36,077
1640266,379558,340259,"Queens County, New York",36,081
112000,25782,22396,"Rensselaer County, New York",36,083
203609,38172,46584,"Rockland County, New York",36,087
71681,21014,8345,"St. Lawrence County, New York",36,089
164817,34315,38268,"Saratoga County, New York",36,091
107534,24973,19377,"Schenectady County, New York",36,093
22383,6930,2998,"Schoharie County, New York",36,095
13219,3741,1684,"Schuyler County, New York",36,097
24681,6600,2960,"Seneca County, New York",36,099
67942,19678,8500,"Steuben County, New York",36,101
1033886,244652,210675,"Suffolk County, New York",36,103
53315,14406,7808,"Sullivan County, New York",36,105
34722,10039,5476,"Tioga County, New York",36,107
60001,8818,14069,"Tompkins County, New York",36,109
130502,30576,23177,"Ulster County, New York",36,111
48041,11922,8262,"Warren County, New York",36,113
44788,14208,5182,"Washington County, New York",36,115
63950,16989,8810,"Wayne County, New York",36,117
670717,111071,164540,"Westchester County, New York",36,119
29401,9420,3269,"Wyoming County, New York",36,121
16635,4825,2356,"Yates County, New York",36,123
111693,24699,19504,"Alamance County, North Carolina",37,001
26895,8393,2683,"Alexander County, North Carolina",37,003
8516,2101,1069,"Alleghany County, North Carolina",37,005
20583,5542,2785,"Ashe County, North Carolina",37,009
13404,2876,1963,"Avery County, North Carolina",37,011
14294,4091,1256,"Bertie County, North Carolina",37,015
23913,5840,3070,"Bladen County, North Carolina",37,017
191656,37717,48024,"Buncombe County, North Carolina",37,021
65944,16402,7076,"Burke County, North Carolina",37,023
59145,14663,6480,"Caldwell County, North Carolina",37,027
7659,2132,1035,"Camden County, North Carolina",37,029
16498,4676,1719,"Caswell County, North Carolina",37,033
110092,27541,17844,"Catawba County, North Carolina",37,035
21982,6220,2905,"Cherokee County, North Carolina",37,039
10635,2954,1439,"Chowan County, North Carolina",37,041
8681,2142,1524,"Clay County, North Carolina",37,043
39312,12561,3415,"Columbus County, North Carolina",37,047
67731,14237,10473,"Craven County, North Carolina",37,049
19466,5056,3540,"Currituck County, North Carolina",37,053
27533,5131,7062,"Dare County, North Carolina",37,055
30457,8397,4906,"Davie County, North Carolina",37,059
40087,10999,4087,"Duplin County, North Carolina",37,061
36281,10939,4214,"Edgecombe County, North Carolina",37,065
254488,54803,53484,"Forsyth County, North Carolina",37,067
154096,36951,23333,"Gaston County, North Carolina",37,071
8388,2685,640,"Gates County, North Carolina",37,073
42450,10794,6801,"Granville County, North Carolina",37,077
15039,3418,1152,"Greene County, North Carolina",37,079
36048,11206,3567,"Halifax County, North Carolina",37,083
87575,20621,13043,"Harnett County, North Carolina",37,085
86747,17868,17369,"Henderson County, North Carolina",37,089
16583,4613,1519,"Hertford County, North Carolina",37,091
35253,9030,4432,"Hoke County, North Carolina",37,093
123529,27887,25574,"Iredell County, North Carolina",37,097
28028,6499,4402,"Jackson County, North Carolina",37,099
569381,85128,175253,"Denton County, Texas",48,121
14309,4392,1309,"DeWitt County, Texas",48,123
1623,457,185,"Dickens County, Texas",48,125
6460,1350,522,"Dimmit County, Texas",48,127
2206,544,283,"Donley County, Texas",48,129
7136,1872,382,"Duval County, Texas",48,131
96782,21965,11342,"Ector County, Texas",48,135
1301,284,196,"Edwards County, Texas",48,137
514164,89190,82646,"El Paso County, Texas",48,141
24555,4983,5459,"Erath County, Texas",48,143
24604,7014,2999,"Fannin County, Texas",48,147
18468,6558,3011,"Fayette County, Texas",48,149
3783,935,421,"Floyd County, Texas",48,153
885,208,84,"Foard County, Texas",48,155
7419,1532,1668,"Franklin County, Texas",48,159
13894,3427,1485,"Freestone County, Texas",48,161
11335,2895,836,"Gaines County, Texas",48,165
4417,1017,362,"Garza County, Texas",48,169
19583,5107,4666,"Gillespie County, Texas",48,171
5378,1142,633,"Goliad County, Texas",48,175
13459,5054,1157,"Gonzales County, Texas",48,177
90127,21731,12687,"Grayson County, Texas",48,181
80195,18544,11908,"Gregg County, Texas",48,183
107800,28337,19500,"Guadalupe County, Texas",48,187
20582,5150,2301,"Hale County, Texas",48,189
5962,1807,933,"Hamilton County, Texas",48,193
3348,736,682,"Hansford County, Texas",48,195
38859,13141,5397,"Hardin County, Texas",48,199
2995908,577376,613469,"Harris County, Texas",48,201
4127,878,491,"Hartley County, Texas",48,205
3993,1052,389,"Haskell County, Texas",48,207
2407,780,392,"Hemphill County, Texas",48,211
57974,15605,6747,"Henderson County, Texas",48,213
24717,6559,2987,"Hill County, Texas",48,217
14374,3404,1561,"Hockley County, Texas",48,219
24671,7099,3708,"Hopkins County, Texas",48,223
16834,4607,1850,"Houston County, Texas",48,225
3116,786,297,"Hudspeth County, Texas",48,229
63553,18034,8547,"Hunt County, Texas",48,231
1068,355,173,"Irion County, Texas",48,235
6166,1793,565,"Jack County, Texas",48,237
24345,9579,1916,"Jasper County, Texas",48,241
1661,224,237,"Jeff Davis County, Texas",48,243
2828,1027,277,"Jim Hogg County, Texas",48,247
25841,7633,3247,"Jim Wells County, Texas",48,249
14837,3107,1365,"Jones County, Texas",48,253
10540,2850,1190,"Karnes County, Texas",48,255
82983,22148,11771,"Kaufman County, Texas",48,257
31162,5013,8944,"Kendall County, Texas",48,259
270,24,1,"Kenedy County, Texas",48,261
478,112,88,"Kent County, Texas",48,263
37918,8980,6890,"Kerr County, Texas",48,265
3312,653,506,"Kimble County, Texas",48,267
222,114,22,"King County, Texas",48,269
2883,647,372,"Kinney County, Texas",48,271
17019,3302,2919,"Kleberg County, Texas",48,273
2462,669,287,"Knox County, Texas",48,275
34180,9350,4375,"Lamar County, Texas",48,277
8258,2441,809,"Lamb County, Texas",48,279
14963,3350,1848,"Lampasas County, Texas",48,281
5135,1845,305,"La Salle County, Texas",48,283
106057,35401,18994,"Portage County, Ohio",39,133
84686,28614,9954,"Richland County, Ohio",39,139
52686,18972,4769,"Scioto County, Ohio",39,145
260074,90098,39560,"Stark County, Ohio",39,151
63730,26182,7522,"Tuscarawas County, Ohio",39,157
9180,3547,866,"Vinton County, Ohio",39,163
3998,1413,352,"Cotton County, Oklahoma",40,033
17252,3993,3103,"Custer County, Oklahoma",40,039
2775,817,429,"Ellis County, Oklahoma",40,045
37626,12903,6043,"Grady County, Oklahoma",40,051
1852,479,265,"Harmon County, Oklahoma",40,057
9049,2956,797,"Hughes County, Oklahoma",40,063
7427,2248,1046,"Johnston County, Oklahoma",40,069
6148,1907,836,"Kiowa County, Oklahoma",40,075
23969,8632,2490,"Lincoln County, Oklahoma",40,081
26722,7246,4510,"McClain County, Oklahoma",40,087
5162,1668,730,"Major County, Oklahoma",40,093
9684,3086,1325,"Murray County, Oklahoma",40,099
7154,2680,696,"Nowata County, Oklahoma",40,105
518796,108155,108447,"Oklahoma County, Oklahoma",40,109
20403,5874,1982,"Ottawa County, Oklahoma",40,115
30893,9269,3735,"Pittsburg County, Oklahoma",40,121
7870,2754,629,"Pushmataha County, Oklahoma",40,127
16343,4954,1579,"Seminole County, Oklahoma",40,133
12374,3018,2313,"Texas County, Oklahoma",40,139
54703,14896,8971,"Wagoner County, Oklahoma",40,145
5527,1273,1098,"Woods County, Oklahoma",40,151
56182,6526,16423,"Benton County, Oregon",41,003
7215,2139,473,"Morrow County, Oregon",41,049
54461,10159,9923,"Polk County, Oregon",41,053
50875,11260,5642,"Umatilla County, Oregon",41,059
18403,4158,2332,"Wasco County, Oregon",41,065
71673,13776,12686,"Yamhill County, Oregon",41,071
61162,10524,18299,"Newport County, Rhode Island",44,005
72331,25051,9265,"Adams County, Pennsylvania",42,001
120924,39213,20960,"Beaver County, Pennsylvania",42,007
88225,35546,13365,"Blair County, Pennsylvania",42,013
134209,38789,32382,"Butler County, Pennsylvania",42,019
47455,19114,5477,"Carbon County, Pennsylvania",42,025
26503,10741,3616,"Clarion County, Pennsylvania",42,031
43789,17311,6494,"Columbia County, Pennsylvania",42,037
192413,55761,39594,"Dauphin County, Pennsylvania",42,043
187398,61209,34469,"Erie County, Pennsylvania",42,049
108542,41933,14682,"Franklin County, Pennsylvania",42,055
32730,13595,3904,"Huntingdon County, Pennsylvania",42,061
17351,7570,1733,"Juniata County, Pennsylvania",42,067
61973,23682,9536,"Lawrence County, Pennsylvania",42,073
227214,77334,33124,"Luzerne County, Pennsylvania",42,079
32448,14023,2758,"Mifflin County, Pennsylvania",42,087
260206,84737,50151,"Westmoreland County, Pennsylvania",42,129
119689,32161,20941,"Aiken County, South Carolina",45,003
9440,2567,946,"Bamberg County, South Carolina",45,009
148412,37106,24977,"Berkeley County, South Carolina",45,015
38769,11967,3367,"Cherokee County, South Carolina",45,021
24395,7954,2456,"Clarendon County, South Carolina",45,027
108828,23291,20175,"Dorchester County, South Carolina",45,035
93617,26384,14179,"Florence County, South Carolina",45,041
48073,12722,7592,"Greenwood County, South Carolina",45,047
9296,2649,911,"Clay County, Illinois",17,025
32864,8423,5011,"Coles County, Illinois",17,029
3584933,711209,846361,"Cook County, Illinois",17,031
7615,2631,1034,"Cumberland County, Illinois",17,035
61798,12999,12476,"DeKalb County, Illinois",17,037
13086,3779,1865,"Douglas County, Illinois",17,041
12613,3997,1600,"Edgar County, Illinois",17,045
4531,1349,459,"Edwards County, Illinois",17,047
15208,5046,1355,"Fayette County, Illinois",17,051
9231,2747,1285,"Ford County, Illinois",17,053
25243,7695,3151,"Fulton County, Illinois",17,057
3629,1210,274,"Gallatin County, Illinois",17,059
33937,9442,5657,"Grundy County, Illinois",17,063
12883,4122,2033,"Hancock County, Illinois",17,067
3014,1033,225,"Hardin County, Illinois",17,069
34482,10345,5679,"Henry County, Illinois",17,073
19478,6712,2132,"Iroquois County, Illinois",17,075
6694,2097,816,"Jasper County, Illinois",17,079
26499,6664,2965,"Jefferson County, Illinois",17,081
15152,4724,2296,"Jersey County, Illinois",17,083
16073,4952,2643,"Jo Daviess County, Illinois",17,085
9151,2236,1109,"Johnson County, Illinois",17,087
348436,68080,78305,"Kane County, Illinois",17,089
72808,22006,9433,"Kankakee County, Illinois",17,091
81001,16859,18732,"Kendall County, Illinois",17,093
34885,9747,4317,"Knox County, Illinois",17,095
458751,79647,123494,"Lake County, Illinois",17,097
76942,23183,9325,"LaSalle County, Illinois",17,099
11574,3242,1071,"Lawrence County, Illinois",17,101
25052,6984,3096,"Lee County, Illinois",17,103
25269,8989,2817,"Livingston County, Illinois",17,105
20138,6096,2676,"Logan County, Illinois",17,107
18156,4975,2896,"McDonough County, Illinois",17,109
209283,47926,49360,"McHenry County, Illinois",17,111
105002,21541,30851,"McLean County, Illinois",17,113
72285,20315,11316,"Macon County, Illinois",17,115
32156,11086,4059,"Macoupin County, Illinois",17,117
185257,44494,32264,"Madison County, Illinois",17,119
8379,2738,1155,"Marshall County, Illinois",17,123
9785,3271,1130,"Mason County, Illinois",17,125
8667,2710,1245,"Menard County, Illinois",17,129
11108,3751,1287,"Mercer County, Illinois",17,131
20836,6898,2361,"Montgomery County, Illinois",17,135
23741,8203,3146,"Morgan County, Illinois",17,137
35492,10302,5032,"Ogle County, Illinois",17,141
15264,4118,1286,"Perry County, Illinois",17,145
11579,3297,2303,"Piatt County, Illinois",17,147
3385,1292,365,"Pope County, Illinois",17,151
3840,1294,256,"Pulaski County, Illinois",17,153
23242,7251,1818,"Randolph County, Illinois",17,157
10968,2561,1536,"Richland County, Illinois",17,159
178199,40297,30351,"St. Clair County, Illinois",17,163
136380,31803,28706,"Sangamon County, Illinois",17,167
5256,1442,734,"Schuyler County, Illinois",17,169
15517,6116,1785,"Shelby County, Illinois",17,173
3839,1278,486,"Stark County, Illinois",17,175
92898,24981,16634,"Tazewell County, Illinois",17,179
12122,3384,1927,"Union County, Illinois",17,181
8129,2133,1010,"Wabash County, Illinois",17,185
7159,2104,775,"Jones County, North Carolina",37,103
41399,9156,5934,"Lee County, North Carolina",37,105
60879,15429,9635,"Lincoln County, North Carolina",37,109
33214,8399,4315,"McDowell County, North Carolina",37,111
15603,4073,2936,"Madison County, North Carolina",37,115
16421,4600,1556,"Martin County, North Carolina",37,117
11155,2718,1633,"Mitchell County, North Carolina",37,121
19053,5187,2135,"Montgomery County, North Carolina",37,123
71976,13165,17332,"Moore County, North Carolina",37,125
65369,18452,9570,"Nash County, North Carolina",37,127
159195,26191,44210,"New Hanover County, North Carolina",37,129
14980,4722,1538,"Northampton County, North Carolina",37,131
106528,26639,17433,"Onslow County, North Carolina",37,133
91282,9300,23792,"Orange County, North Carolina",37,135
9995,2294,1185,"Pamlico County, North Carolina",37,137
27220,6587,3947,"Pasquotank County, North Carolina",37,139
43548,9608,8390,"Pender County, North Carolina",37,141
10183,2500,1169,"Perquimans County, North Carolina",37,143
28286,8524,3121,"Person County, North Carolina",37,145
110155,21917,22413,"Pitt County, North Carolina",37,147
16106,3582,3297,"Polk County, North Carolina",37,149
99703,26573,11498,"Randolph County, North Carolina",37,151
30577,7786,3519,"Richmond County, North Carolina",37,153
85278,25401,7949,"Robeson County, North Carolina",37,155
65812,18132,6666,"Rockingham County, North Carolina",37,157
97428,26177,13975,"Rowan County, North Carolina",37,159
48154,12594,6250,"Rutherford County, North Carolina",37,161
42481,12738,4318,"Sampson County, North Carolina",37,163
23648,6673,2405,"Scotland County, North Carolina",37,165
33691,11086,3093,"Stokes County, North Carolina",37,169
50955,11875,6234,"Surry County, North Carolina",37,171
26044,5118,5481,"Transylvania County, North Carolina",37,175
3050,824,240,"Tyrrell County, North Carolina",37,177
30176,8952,3499,"Vance County, North Carolina",37,181
731587,93086,244831,"Wake County, North Carolina",37,183
8240,2317,884,"Washington County, North Carolina",37,187
32681,5673,7628,"Watauga County, North Carolina",37,189
49260,13073,5480,"Wilkes County, North Carolina",37,193
55686,15194,7438,"Wilson County, North Carolina",37,195
13329,3713,1596,"Yancey County, North Carolina",37,199
184504,53404,34403,"Atlantic County, New Jersey",34,001
316051,78222,78710,"Burlington County, New Jersey",34,005
349563,90822,69890,"Camden County, New Jersey",34,007
101692,32446,11307,"Cumberland County, New Jersey",34,011
538203,135061,114298,"Essex County, New Jersey",34,013
481233,107247,127136,"Hudson County, New Jersey",34,017
89662,16979,28619,"Hunterdon County, New Jersey",34,019
568651,125063,150370,"Middlesex County, New Jersey",34,023
437121,90361,125760,"Monmouth County, New Jersey",34,025
412804,126002,85386,"Ocean County, New Jersey",34,029
334179,104529,66762,"Passaic County, New Jersey",34,031
230760,41195,69810,"Somerset County, New Jersey",34,035
101709,27514,24641,"Sussex County, New Jersey",34,037
75878,20816,17657,"Warren County, New Jersey",34,041
21307,7903,2225,"Adams County, Indiana",18,001
56709,14310,11004,"Bartholomew County, Indiana",18,005
5858,1993,832,"Benton County, Indiana",18,007
12029,3989,1135,"Lee County, Texas",48,287
12391,4147,1396,"Leon County, Texas",48,289
55520,17268,3955,"Liberty County, Texas",48,291
16218,4576,1900,"Limestone County, Texas",48,293
2071,571,368,"Lipscomb County, Texas",48,295
8637,2499,607,"Live Oak County, Texas",48,297
17147,3889,3169,"Llano County, Texas",48,299
182865,36515,36555,"Lubbock County, Texas",48,303
5570,1430,621,"McCulloch County, Texas",48,307
154778,34897,24558,"McLennan County, Texas",48,309
9849,2376,940,"Madison County, Texas",48,313
7423,2369,980,"Marion County, Texas",48,315
2882,490,700,"Mason County, Texas",48,319
24097,5737,3112,"Matagorda County, Texas",48,321
34123,8672,4294,"Medina County, Texas",48,325
1670,335,253,"Menard County, Texas",48,327
16708,5444,1742,"Milam County, Texas",48,331
3622,916,557,"Mills County, Texas",48,333
13894,4211,1701,"Montague County, Texas",48,337
386248,71970,90468,"Montgomery County, Texas",48,339
8541,3097,870,"Morris County, Texas",48,343
1003,345,138,"Motley County, Texas",48,345
32159,7726,3534,"Navarro County, Texas",48,349
9831,3874,700,"Newton County, Texas",48,351
236941,56692,33044,"Nueces County, Texas",48,355
5775,1543,708,"Ochiltree County, Texas",48,357
56083,17893,6979,"Orange County, Texas",48,361
19723,5654,2368,"Palo Pinto County, Texas",48,363
93391,20879,16148,"Parker County, Texas",48,367
6038,1598,674,"Parmer County, Texas",48,369
36262,9722,3790,"Polk County, Texas",48,373
75104,18184,7989,"Potter County, Texas",48,375
8968,2698,959,"Rains County, Texas",48,379
89847,16984,18910,"Randall County, Texas",48,381
2413,667,271,"Real County, Texas",48,385
8978,2986,1023,"Red River County, Texas",48,387
4841,1707,385,"Refugio County, Texas",48,391
564,172,91,"Roberts County, Texas",48,393
65792,9905,17738,"Rockwall County, Texas",48,397
7028,2110,926,"Runnels County, Texas",48,399
7948,2209,817,"Sabine County, Texas",48,403
6160,2346,558,"San Augustine County, Texas",48,405
43016,11137,4637,"San Patricio County, Texas",48,409
4198,1244,600,"San Saba County, Texas",48,411
11212,2497,1290,"Scurry County, Texas",48,415
2259,388,524,"Shackelford County, Texas",48,417
2039,431,300,"Sherman County, Texas",48,421
151253,28700,27612,"Smith County, Texas",48,423
13879,5145,1845,"Lavaca County, Texas",48,285
6279,1741,1326,"Somervell County, Texas",48,425
35668,8162,2729,"Starr County, Texas",48,427
6352,1740,771,"Stephens County, Texas",48,429
762,357,83,"Sterling County, Texas",48,431
881,329,81,"Stonewall County, Texas",48,433
2468,709,289,"Sutton County, Texas",48,435
4899,1405,587,"Swisher County, Texas",48,437
1336510,265976,289302,"Tarrant County, Texas",48,439
84236,20681,14479,"Taylor County, Texas",48,441
779,154,149,"Terrell County, Texas",48,443
7827,1803,660,"Terry County, Texas",48,445
1067,321,156,"Throckmorton County, Texas",48,447
20964,7089,3161,"Jasper County, South Carolina",45,053
11965,3881,1104,"Lee County, South Carolina",45,061
21437,8586,1657,"Marion County, South Carolina",45,067
56987,12394,9387,"Oconee County, South Carolina",45,073
261665,49007,59924,"Richland County, South Carolina",45,079
70231,18729,8922,"Sumter County, South Carolina",45,085
1791,578,274,"Aurora County, South Dakota",46,003
5046,1209,727,"Bon Homme County, South Dakota",46,009
3513,1116,687,"Brule County, South Dakota",46,015
2113,636,240,"Hanson County, South Dakota",46,061
5009,1479,858,"Hutchinson County, South Dakota",46,067
1512,608,230,"Jerauld County, South Dakota",46,073
18016,4007,4288,"Lawrence County, South Dakota",46,081
3640,1182,578,"McCook County, South Dakota",46,087
18711,4634,3477,"Meade County, South Dakota",46,093
126191,28726,29293,"Minnehaha County, South Dakota",46,099
77251,17420,15834,"Pennington County, South Dakota",46,103
1615,634,222,"Sanborn County, South Dakota",46,111
980,315,178,"Sully County, South Dakota",46,119
5770,1678,1145,"Turner County, South Dakota",46,125
15884,3888,2391,"Yankton County, South Dakota",46,135
32547,11018,3947,"Bedford County, Tennessee",47,003
94763,28183,14728,"Blount County, Tennessee",47,009
10293,4198,1078,"Cannon County, Tennessee",47,015
28562,9111,3913,"Cheatham County, Tennessee",47,021
5557,2258,488,"Clay County, Tennessee",47,027
9829,3295,964,"Crockett County, Tennessee",47,033
8466,3143,934,"Decatur County, Tennessee",47,039
8794,3330,775,"Jackson County, Tennessee",47,087
312749,65276,73405,"Knox County, Tennessee",47,093
29516,10163,2373,"Lawrence County, Tennessee",47,099
39118,9960,7003,"Loudon County, Tennessee",47,105
16141,5554,863,"Macon County, Tennessee",47,111
23303,7930,2541,"Marshall County, Tennessee",47,117
33139,10036,3409,"Monroe County, Tennessee",47,123
15626,5224,981,"Morgan County, Tennessee",47,129
5551,1972,282,"Perry County, Tennessee",47,135
51158,15594,8031,"Putnam County, Tennessee",47,141
48643,15805,7091,"Robertson County, Tennessee",47,147
70237,21598,8684,"Sevier County, Tennessee",47,155
9689,3403,1166,"Stewart County, Tennessee",47,161
41359,12383,4550,"Tipton County, Tennessee",47,167
13937,4811,822,"Union County, Tennessee",47,173
88935,22071,16664,"Washington County, Tennessee",47,179
19216,6524,1490,"White County, Tennessee",47,185
3871,973,862,"Beaver County, Utah",49,001
13262,3251,1471,"Carbon County, Utah",49,007
11755,4093,1159,"Duchesne County, Utah",49,013
25678,6970,6421,"Addison County, Vermont",50,001
108277,17683,33637,"Chittenden County, Vermont",50,007
5355,1358,1310,"Grand Isle County, Vermont",50,013
19658,6601,2923,"Orleans County, Vermont",50,019
31747,8108,7166,"Windham County, Vermont",50,025
73818,9133,22495,"Albemarle County, Virginia",51,003
22893,6944,3129,"Amherst County, Virginia",51,009
55731,18450,8226,"Augusta County, Virginia",51,015
4955,1520,461,"Bland County, Virginia",51,021
16182,4681,903,"Buchanan County, Virginia",51,027
11108,3218,1760,"Warren County, Illinois",17,187
11530,3358,1170,"Wayne County, Illinois",17,191
39106,12331,4736,"Whiteside County, Illinois",17,195
454786,104033,101412,"Will County, Illinois",17,197
193630,47698,28745,"Winnebago County, Illinois",17,201
26014,7123,5620,"Woodford County, Illinois",17,203
2650,918,357,"Adams County, Iowa",19,003
9642,3297,1280,"Allamakee County, Iowa",19,005
4012,1287,555,"Audubon County, Iowa",19,009
83770,21294,16215,"Black Hawk County, Iowa",19,013
18654,5286,3366,"Boone County, Iowa",19,015
14039,4598,2205,"Buchanan County, Iowa",19,019
10282,3466,1440,"Butler County, Iowa",19,023
6939,2243,905,"Calhoun County, Iowa",19,025
9314,2675,1506,"Cass County, Iowa",19,029
13072,4641,2039,"Cedar County, Iowa",19,031
8192,2696,1240,"Cherokee County, Iowa",19,035
8214,3342,1025,"Chickasaw County, Iowa",19,037
11227,3231,1896,"Clay County, Iowa",19,041
32711,10774,4541,"Clinton County, Iowa",19,045
10952,3809,1198,"Crawford County, Iowa",19,047
5619,1530,795,"Davis County, Iowa",19,051
4835,1603,702,"Decatur County, Iowa",19,053
27405,7663,3632,"Des Moines County, Iowa",19,057
12843,2964,3061,"Dickinson County, Iowa",19,059
65198,18984,13116,"Dubuque County, Iowa",19,061
6456,1944,899,"Emmet County, Iowa",19,063
13626,4928,1753,"Fayette County, Iowa",19,065
10888,3601,1574,"Floyd County, Iowa",19,067
7098,2337,1085,"Franklin County, Iowa",19,069
4996,1521,729,"Fremont County, Iowa",19,071
6307,2182,920,"Greene County, Iowa",19,073
8622,2561,1793,"Grundy County, Iowa",19,075
7593,2569,1034,"Guthrie County, Iowa",19,077
10508,3101,1918,"Hamilton County, Iowa",19,079
7652,2561,1370,"Hancock County, Iowa",19,081
12033,3781,1812,"Hardin County, Iowa",19,083
9870,3446,1291,"Harrison County, Iowa",19,085
13589,3869,2209,"Henry County, Iowa",19,087
6260,2285,881,"Howard County, Iowa",19,089
6653,2243,1079,"Humboldt County, Iowa",19,091
4706,1731,650,"Ida County, Iowa",19,093
11290,3802,1802,"Iowa County, Iowa",19,095
13598,5104,1849,"Jackson County, Iowa",19,097
13202,2955,2782,"Jefferson County, Iowa",19,101
89292,11866,25952,"Johnson County, Iowa",19,103
7132,2683,963,"Keokuk County, Iowa",19,107
24161,7908,3275,"Lee County, Iowa",19,111
152583,34732,35956,"Linn County, Iowa",19,113
5977,2129,745,"Lucas County, Iowa",19,117
7635,2578,1119,"Lyon County, Iowa",19,119
14890,5197,2246,"Mahaska County, Iowa",19,123
26327,7703,3813,"Marshall County, Iowa",19,127
10433,3013,1996,"Mills County, Iowa",19,129
6301,2176,690,"Monona County, Iowa",19,133
5389,1885,872,"Monroe County, Iowa",19,135
28379,8147,4227,"Muscatine County, Iowa",19,139
4236,1355,484,"Osceola County, Iowa",19,143
11172,3459,1653,"Page County, Iowa",19,145
16977,5439,2862,"Plymouth County, Iowa",19,149
4741,1574,613,"Pocahontas County, Iowa",19,151
44301,7141,13681,"Boone County, Indiana",18,011
11498,3284,2059,"Brown County, Indiana",18,013
25941,9039,2310,"Cass County, Indiana",18,017
81421,23922,11224,"Clark County, Indiana",18,019
21193,8362,2065,"Clinton County, Indiana",18,023
7440,2826,476,"Crawford County, Indiana",18,025
34540,11516,5824,"Dearborn County, Indiana",18,029
17888,7093,2354,"Decatur County, Indiana",18,031
71084,20691,10044,"Delaware County, Indiana",18,035
28873,9762,5412,"Dubois County, Indiana",18,037
16145,5515,1692,"Fayette County, Indiana",18,041
53778,13760,10405,"Floyd County, Indiana",18,043
11570,4432,1068,"Fountain County, Indiana",18,045
15588,5494,2074,"Franklin County, Indiana",18,047
13828,4785,1299,"Fulton County, Indiana",18,049
22864,8004,2986,"Gibson County, Indiana",18,051
43925,13837,4685,"Grant County, Indiana",18,053
22864,7831,2279,"Greene County, Indiana",18,055
215988,28355,79029,"Hamilton County, Indiana",18,057
52980,13612,11198,"Hancock County, Indiana",18,059
28361,9916,3259,"Harrison County, Indiana",18,061
111321,26002,27770,"Hendricks County, Indiana",18,063
34340,12077,3691,"Henry County, Indiana",18,065
57190,18210,7791,"Howard County, Indiana",18,067
25021,8950,3415,"Huntington County, Indiana",18,069
30042,9910,3615,"Jackson County, Indiana",18,071
22720,8474,2325,"Jasper County, Indiana",18,073
13811,5828,1146,"Jay County, Indiana",18,075
22423,7379,2540,"Jefferson County, Indiana",18,077
18925,6984,1725,"Jennings County, Indiana",18,079
104262,27519,21997,"Johnson County, Indiana",18,081
24574,7429,2468,"Knox County, Indiana",18,083
23129,5762,1756,"LaGrange County, Indiana",18,087
329434,101906,50222,"Lake County, Indiana",18,089
32211,10421,3639,"Lawrence County, Indiana",18,093
90274,29588,10863,"Madison County, Indiana",18,095
30941,10269,3860,"Marshall County, Indiana",18,099
7130,2749,621,"Martin County, Indiana",18,101
85442,15352,19959,"Monroe County, Indiana",18,105
26222,9196,3508,"Montgomery County, Indiana",18,107
9967,3948,953,"Newton County, Indiana",18,111
31910,10477,3485,"Noble County, Indiana",18,113
13649,4910,1154,"Orange County, Indiana",18,117
15035,5051,1472,"Owen County, Indiana",18,119
13628,5028,1418,"Perry County, Indiana",18,123
8733,3303,905,"Pike County, Indiana",18,125
18003,5930,2694,"Posey County, Indiana",18,129
8687,3449,758,"Pulaski County, Indiana",18,131
17195,6370,1694,"Randolph County, Indiana",18,135
19326,7036,2209,"Ripley County, Indiana",18,137
177072,43680,32679,"St. Joseph County, Indiana",18,141
31002,11242,4064,"Shelby County, Indiana",18,145
14454,5533,1617,"Spencer County, Indiana",18,147
23960,8196,3304,"Steuben County, Indiana",18,151
14956,5154,1197,"Sullivan County, Indiana",18,153
107389,24898,23755,"Tippecanoe County, Indiana",18,157
10853,3822,1919,"Tipton County, Indiana",18,159
124548,33686,21681,"Vanderburgh County, Indiana",18,163
10915,4022,1183,"Vermillion County, Indiana",18,165
21456,7830,2522,"Wabash County, Indiana",18,169
19986,5683,2429,"Titus County, Texas",48,449
76229,17476,12726,"Tom Green County, Texas",48,451
865926,114199,280975,"Travis County, Texas",48,453
10736,3199,1046,"Trinity County, Texas",48,455
15285,4942,1606,"Tyler County, Texas",48,457
28133,7753,3552,"Upshur County, Texas",48,459
2347,777,229,"Upton County, Texas",48,461
16776,4063,2432,"Uvalde County, Texas",48,463
38832,10434,4562,"Van Zandt County, Texas",48,467
60373,15503,7865,"Victoria County, Texas",48,469
29797,8312,4560,"Waller County, Texas",48,473
7369,2326,671,"Ward County, Texas",48,475
153079,31612,20488,"Webb County, Texas",48,479
26876,6464,3427,"Wharton County, Texas",48,481
84714,21161,13050,"Wichita County, Texas",48,485
8795,2197,1044,"Wilbarger County, Texas",48,487
379684,64293,104976,"Williamson County, Texas",48,491
33963,9505,5430,"Wilson County, Texas",48,493
45664,12838,6412,"Wise County, Texas",48,497
32769,8595,3992,"Wood County, Texas",48,499
12447,3092,2050,"Young County, Texas",48,503
8032,2149,894,"Zapata County, Texas",48,505
26366,8335,2455,"Covington County, Alabama",01,039
33522,8075,4208,"Dale County, Alabama",01,045
56633,14577,9546,"Elmore County, Alabama",01,051
11572,3676,1055,"Fayette County, Alabama",01,057
18688,5400,1451,"Geneva County, Alabama",01,061
12214,3282,1507,"Henry County, Alabama",01,067
450079,102356,94241,"Jefferson County, Alabama",01,073
23401,7905,2385,"Lawrence County, Alabama",01,079
67974,16334,11872,"Limestone County, Alabama",01,083
252546,38864,67834,"Madison County, Alabama",01,089
64322,15364,9037,"Marshall County, Alabama",01,095
150749,29781,29560,"Montgomery County, Alabama",01,101
5723,1882,661,"Perry County, Alabama",01,105
15993,4519,1551,"Randolph County, Alabama",01,111
147791,24726,42683,"Shelby County, Alabama",01,117
56121,15184,4948,"Talladega County, Alabama",01,121
44630,12509,3768,"Walker County, Alabama",01,127
17189,5594,1366,"Winston County, Alabama",01,133
30797,7561,3797,"Amador County, California",06,005
35367,9147,4774,"Calaveras County, California",06,009
19766,5088,1870,"Del Norte County, California",06,015
18065,4253,2054,"Glenn County, California",06,021
13146,3570,2161,"Inyo County, California",06,027
46482,11736,5159,"Lake County, California",06,033
6909179,1278411,1506714,"Los Angeles County, California",06,037
276105,39786,57549,"Santa Barbara County, California",06,083
126966,27189,18808,"Shasta County, California",06,089
20647,6784,2982,"Caroline County, Virginia",51,033
235033,46409,58481,"Chesterfield County, Virginia",51,041
35168,8870,5587,"Culpeper County, Virginia",51,047
20432,6155,2322,"Dinwiddie County, Virginia",51,053
48634,10239,11087,"Fauquier County, Virginia",51,061
40923,11449,5698,"Franklin County, Virginia",51,067
27336,7204,4295,"Gloucester County, Virginia",51,073
13699,3481,2145,"Greene County, Virginia",51,079
73849,15991,19046,"Hanover County, Virginia",51,085
1694,561,332,"Highland County, Virginia",51,091
45129,13170,4700,"Pittsylvania County, Virginia",51,143
299194,52649,74526,"Prince William County, Virginia",51,153
6921,1668,794,"Richmond County, Virginia",51,159
55812,16735,8970,"Rockingham County, Virginia",51,165
31143,10735,3970,"Shenandoah County, Virginia",51,171
90028,21871,17962,"Spotsylvania County, Virginia",51,177
8289,2363,770,"Sussex County, Virginia",51,183
40061,10444,6021,"Washington County, Virginia",51,191
21121,6830,2373,"Wythe County, Virginia",51,197
12181,2797,1270,"Bristol city, Virginia",51,520
163257,32857,35525,"Chesapeake city, Virginia",51,550
3455,875,296,"Emporia city, Virginia",51,595
5703,1540,758,"Franklin city, Virginia",51,620
90627,23095,14559,"Hampton city, Virginia",51,650
3117,518,803,"Lexington city, Virginia",51,678
11337,2758,2086,"Manassas Park city, Virginia",51,685
153359,30658,28141,"Norfolk city, Virginia",51,710
8620,1816,1956,"Poquoson city, Virginia",51,735
161426,27365,38533,"Richmond city, Virginia",51,760
26683,4695,6201,"Jefferson County, Washington",53,031
16456,3466,3142,"Klickitat County, Washington",53,039
47951,12179,6123,"Mason County, Washington",53,045
10071,2760,1354,"Pend Oreille County, Washington",53,051
89982,19201,15766,"Skagit County, Washington",53,057
352149,65152,71161,"Spokane County, Washington",53,063
3356,719,389,"Wahkiakum County, Washington",53,069
24930,3163,6206,"Whitman County, Washington",53,075
81288,25386,11748,"Berkeley County, West Virginia",54,003
16123,5278,2123,"Brooke County, West Virginia",54,009
6292,2112,718,"Doddridge County, West Virginia",54,017
8558,3481,747,"Grant County, West Virginia",54,023
21629,7548,2231,"Hancock County, West Virginia",54,029
20509,7413,2048,"Jackson County, West Virginia",54,035
11457,4577,1135,"Lewis County, West Virginia",54,041
13283,4972,588,"McDowell County, West Virginia",54,047
19397,7091,2233,"Mason County, West Virginia",54,053
16895,6385,880,"Mingo County, West Virginia",54,059
13424,4830,1292,"Morgan County, West Virginia",54,065
16210,5305,1706,"Adams County, Wisconsin",55,001
11587,2965,2388,"Bayfield County, Wisconsin",55,007
11830,3851,1753,"Burnett County, Wisconsin",55,013
21672,7908,2105,"Clark County, Wisconsin",55,019
358479,54503,112116,"Dane County, Wisconsin",55,025
31174,7885,5365,"Douglas County, Wisconsin",55,031
3452,1108,538,"Florence County, Wisconsin",55,037
31966,9974,4630,"Grant County, Wisconsin",55,043
16671,5305,2749,"Iowa County, Wisconsin",55,049
59085,16793,10956,"Jefferson County, Wisconsin",55,055
63529,17961,9512,"Pottawattamie County, Iowa",19,155
3324,1153,441,"Ringgold County, Iowa",19,159
6887,2303,901,"Sac County, Iowa",19,161
8235,2613,1285,"Shelby County, Iowa",19,165
20812,5636,4367,"Sioux County, Iowa",19,167
11485,4248,1311,"Tama County, Iowa",19,171
8453,2430,1305,"Union County, Iowa",19,175
5006,1625,545,"Van Buren County, Iowa",19,177
33611,9060,7350,"Warren County, Iowa",19,181
15006,5242,2365,"Washington County, Iowa",19,183
24550,6974,3667,"Webster County, Iowa",19,187
13235,4127,2451,"Winneshiek County, Iowa",19,191
65998,17805,10556,"Woodbury County, Iowa",19,193
8787,3068,1106,"Wright County, Iowa",19,197
49808,16772,5695,"Allegany County, Maryland",24,001
576066,127394,131027,"Baltimore County, Maryland",24,005
22722,8210,2583,"Caroline County, Maryland",24,011
117204,30581,26981,"Carroll County, Maryland",24,013
108750,30630,19169,"Charles County, Maryland",24,017
23120,7864,2693,"Dorchester County, Maryland",24,019
21532,8112,2926,"Garrett County, Maryland",24,023
176518,38973,37733,"Harford County, Maryland",24,025
13916,4064,2937,"Kent County, Maryland",24,029
619759,139883,118752,"Prince George's County, Maryland",24,033
35768,9289,7708,"Queen Anne's County, Maryland",24,035
17147,4891,1853,"Somerset County, Maryland",24,039
28037,5744,5957,"Talbot County, Maryland",24,041
105634,32643,13986,"Washington County, Maryland",24,043
65208,19185,10619,"Wicomico County, Maryland",24,045
39612,11024,7399,"Worcester County, Maryland",24,047
421442,98806,70536,"Baltimore city, Maryland",24,510
8580,2833,1018,"Alcona County, Michigan",26,001
7008,2405,941,"Alger County, Michigan",26,003
79738,25576,12465,"Allegan County, Michigan",26,005
21150,6302,2448,"Alpena County, Michigan",26,007
17555,4859,3291,"Antrim County, Michigan",26,009
11360,4016,969,"Arenac County, Michigan",26,011
6201,1979,582,"Baraga County, Michigan",26,013
42845,13544,6828,"Barry County, Michigan",26,015
74845,22877,9978,"Bay County, Michigan",26,017
13380,3403,2791,"Benzie County, Michigan",26,019
107820,25916,17936,"Berrien County, Michigan",26,021
30093,10399,3181,"Branch County, Michigan",26,023
91280,27689,12613,"Calhoun County, Michigan",26,025
37026,10034,5078,"Cass County, Michigan",26,027
19383,4869,3738,"Charlevoix County, Michigan",26,029
26142,6560,3934,"Chippewa County, Michigan",26,033
22526,7195,1669,"Clare County, Michigan",26,035
10505,2869,1194,"Crawford County, Michigan",26,039
26404,8435,3513,"Delta County, Michigan",26,041
77318,18322,14930,"Eaton County, Michigan",26,045
280031,77310,38016,"Genesee County, Michigan",26,049
18901,6539,1686,"Gladwin County, Michigan",26,051
67004,13040,15858,"Grand Traverse County, Michigan",26,055
28231,9131,3209,"Gratiot County, Michigan",26,057
21116,5793,3991,"Houghton County, Michigan",26,061
23026,8981,2425,"Huron County, Michigan",26,063
43870,14055,5376,"Ionia County, Michigan",26,067
8631,3337,1033,"Iron County, Michigan",26,071
5909,2131,787,"Warren County, Indiana",18,171
19451,6552,1771,"Washington County, Indiana",18,175
45434,14035,5462,"Wayne County, Indiana",18,177
16718,5694,1909,"White County, Indiana",18,181
23594,7351,3817,"Whitley County, Indiana",18,183
92702,24035,17923,"Berkshire County, Massachusetts",25,003
395932,103048,74178,"Bristol County, Massachusetts",25,005
547367,119321,132915,"Essex County, Massachusetts",25,009
53438,12826,10905,"Franklin County, Massachusetts",25,011
100072,20036,24371,"Hampshire County, Massachusetts",25,015
1129849,185829,317752,"Middlesex County, Massachusetts",25,017
495159,83425,142423,"Norfolk County, Massachusetts",25,021
363008,90330,87404,"Plymouth County, Massachusetts",25,023
558182,101671,146876,"Suffolk County, Massachusetts",25,025
572388,137067,125923,"Worcester County, Massachusetts",25,027
18965,7147,1604,"Adams County, Ohio",39,001
69165,23729,7971,"Allen County, Ohio",39,003
35684,13372,5135,"Ashland County, Ohio",39,005
68458,25447,7009,"Ashtabula County, Ohio",39,007
37251,10887,5416,"Athens County, Ohio",39,009
31088,12155,3558,"Auglaize County, Ohio",39,011
49839,20062,5197,"Belmont County, Ohio",39,013
30445,11808,2767,"Brown County, Ohio",39,015
245369,70921,50092,"Butler County, Ohio",39,017
19632,8742,1623,"Carroll County, Ohio",39,019
26941,10810,2783,"Champaign County, Ohio",39,021
92062,29295,10756,"Clark County, Ohio",39,023
142336,39571,26016,"Clermont County, Ohio",39,025
28376,9481,3565,"Clinton County, Ohio",39,027
73908,29475,7041,"Columbiana County, Ohio",39,029
25407,10145,2483,"Coshocton County, Ohio",39,031
29380,11876,2926,"Crawford County, Ohio",39,033
874962,208949,170408,"Cuyahoga County, Ohio",39,035
25917,9742,3063,"Defiance County, Ohio",39,039
134920,21898,45688,"Delaware County, Ohio",39,041
105924,31483,19871,"Fairfield County, Ohio",39,045
19600,7644,1990,"Fayette County, Ohio",39,047
28855,11408,3264,"Fulton County, Ohio",39,051
20596,7507,2029,"Gallia County, Ohio",39,053
113367,22647,23427,"Greene County, Ohio",39,057
27311,10174,2622,"Guernsey County, Ohio",39,059
52131,16936,8962,"Hancock County, Ohio",39,063
19297,8393,1912,"Hardin County, Ohio",39,065
18726,7638,2185,"Henry County, Ohio",39,069
20013,7872,1872,"Hocking County, Ohio",39,073
25941,6933,1824,"Holmes County, Ohio",39,075
22291,9018,2271,"Jackson County, Ohio",39,079
47090,19293,5309,"Jefferson County, Ohio",39,081
165864,47069,29620,"Lake County, Ohio",39,085
42188,16843,4495,"Lawrence County, Ohio",39,087
31293,12766,3567,"Logan County, Ohio",39,091
214620,57065,34348,"Lorain County, Ohio",39,093
31822,10694,3920,"Madison County, Ohio",39,097
46211,16957,3889,"Marion County, Ohio",39,101
125722,34719,28100,"Medina County, Ohio",39,103
27142,11042,3413,"Mercer County, Ohio",39,107
73782,24427,10465,"Miami County, Ohio",39,109
365336,87305,63481,"Montgomery County, Ohio",39,113
10481,4312,724,"Morgan County, Ohio",39,115
58882,22890,6334,"Muskingum County, Ohio",39,119
31796,7303,4593,"Siskiyou County, California",06,093
346363,90838,42776,"Stanislaus County, California",06,099
9716,3226,1223,"Trinity County, California",06,105
573094,101056,123510,"Ventura County, California",06,111
12360,4533,1331,"Arkansas County, Arkansas",05,001
179425,44675,41516,"Benton County, Arkansas",05,007
7522,2885,761,"Bradley County, Arkansas",05,011
7286,2242,741,"Chicot County, Arkansas",05,017
18735,6165,1947,"Cleburne County, Arkansas",05,023
14569,4865,1955,"Conway County, Arkansas",05,029
42644,11853,5516,"Crawford County, Arkansas",05,033
5012,2079,456,"Dallas County, Arkansas",05,039
77350,19355,15384,"Faulkner County, Arkansas",05,045
71918,18311,10938,"Garland County, Arkansas",05,051
30344,10222,3541,"Greene County, Arkansas",05,055
8767,3144,900,"Howard County, Arkansas",05,061
12163,3926,885,"Jackson County, Arkansas",05,067
4857,1708,528,"Lafayette County, Arkansas",05,073
6538,2158,457,"Lee County, Arkansas",05,077
15343,5421,1267,"Logan County, Arkansas",05,083
12677,3568,1364,"Marion County, Arkansas",05,089
26968,8192,2706,"Mississippi County, Arkansas",05,093
12242,3970,1140,"Van Buren County, Arkansas",05,141
4591,1793,407,"Woodruff County, Arkansas",05,147
646052,119520,174948,"Fairfield County, Connecticut",09,001
119739,27285,28975,"Middlesex County, Connecticut",09,007
96523,21884,23091,"Tolland County, Connecticut",09,013
2646,995,277,"Aleutians East Borough, Alaska",02,013
9841,3813,559,"Bethel Census Area, Alaska",02,050
1880,571,327,"Copper River Census Area, Alaska",02,066
61724,11483,11625,"Fairbanks North Star Borough, Alaska",02,090
22607,3727,5722,"Juneau City and Borough, Alaska",02,110
8902,2045,1597,"Kodiak Island Borough, Alaska",02,150
718,231,76,"Lake and Peninsula Borough, Alaska",02,164
6187,2342,700,"North Slope Borough, Alaska",02,185
4458,1422,527,"Prince of Wales-Hyder Census Area, Alaska",02,198
4612,1356,500,"Southeast Fairbanks Census Area, Alaska",02,240
329858,76817,57010,"Adams County, Colorado",08,001
444259,76427,121422,"Arapahoe County, Colorado",08,005
4380,1116,392,"Bent County, Colorado",08,011
15959,3035,3405,"Chaffee County, Colorado",08,015
7449,1249,2111,"Clear Creek County, Colorado",08,019
4135,1141,216,"Crowley County, Colorado",08,025
519573,70359,161125,"Denver County, Colorado",08,031
700,104,252,"Mineral County, Colorado",08,079
30306,8068,5011,"Montrose County, Colorado",08,085
12206,3093,1589,"Otero County, Colorado",08,089
2804,720,489,"Phillips County, Colorado",08,095
115171,27154,17369,"Pueblo County, Colorado",08,101
18845,2629,5999,"Routt County, Colorado",08,107
505,136,111,"San Juan County, Colorado",08,111
23620,2973,8974,"Summit County, Colorado",08,117
204048,45309,37280,"Weld County, Colorado",08,123
120134,34094,18299,"Kent County, Delaware",10,001
6463,1636,1314,"Beaverhead County, Montana",30,001
4358,930,896,"Broadwater County, Montana",30,007
55745,14588,10323,"Cascade County, Montana",30,013
8247,2056,1556,"Custer County, Montana",30,017
14547,5376,2149,"Kewaunee County, Wisconsin",55,061
14082,5229,1516,"Langlade County, Wisconsin",55,067
93994,28831,17193,"Marathon County, Wisconsin",55,073
2601,996,257,"Menominee County, Wisconsin",55,078
27230,7540,4531,"Oneida County, Wisconsin",55,085
5251,1922,745,"Pepin County, Wisconsin",55,091
45796,13194,10697,"Portage County, Wisconsin",55,097
12353,4431,1571,"Richland County, Wisconsin",55,103
60805,13267,15392,"St. Croix County, Wisconsin",55,109
3398,647,508,"Hot Springs County, Wyoming",56,017
54534,12725,7975,"Natrona County, Wyoming",56,025
6473,2070,702,"Platte County, Wyoming",56,031
28236,6839,3877,"Sweetwater County, Wyoming",56,037
5515,1149,829,"Washakie County, Wyoming",56,043
27327,6392,4247,"Aguada Municipio, Puerto Rico",72,003
16415,5419,2498,"Aibonito Municipio, Puerto Rico",72,009
12250,4280,1921,"Arroyo Municipio, Puerto Rico",72,015
126524,25996,27060,"Bayamón Municipio, Puerto Rico",72,021
31737,8203,5218,"Canóvanas Municipio, Puerto Rico",72,029
31290,9304,5943,"Cayey Municipio, Puerto Rico",72,035
27688,7655,4627,"Cidra Municipio, Puerto Rico",72,041
23065,5965,3662,"Corozal Municipio, Puerto Rico",72,047
21476,6252,4560,"Fajardo Municipio, Puerto Rico",72,053
12788,3754,2458,"Guayanilla Municipio, Puerto Rico",72,059
28919,6239,5670,"Hatillo Municipio, Puerto Rico",72,065
29876,7828,5183,"Isabela Municipio, Puerto Rico",72,071
26688,6085,4060,"Juncos Municipio, Puerto Rico",72,077
19193,7410,2700,"Salinas Municipio, Puerto Rico",72,123
26391,6672,3993,"San Sebastián Municipio, Puerto Rico",72,131
54298,13306,10726,"Toa Baja Municipio, Puerto Rico",72,137
25513,6914,3862,"Vega Alta Municipio, Puerto Rico",72,143
23732,5634,3567,"Yabucoa Municipio, Puerto Rico",72,151
10944,2863,1194,"Andrews County, Texas",48,003
6192,1954,892,"Archer County, Texas",48,009
20394,6093,3270,"Austin County, Texas",48,015
57064,14459,8326,"Bastrop County, Texas",48,021
216686,45425,36145,"Bell County, Texas",48,027
434,78,157,"Borden County, Texas",48,033
63575,17418,9049,"Bowie County, Texas",48,037
6850,1055,1864,"Brewster County, Texas",48,043
26168,7242,3916,"Brown County, Texas",48,049
27627,8678,2939,"Caldwell County, Texas",48,055
248705,54636,31264,"Cameron County, Texas",48,061
20960,7477,2667,"Cass County, Texas",48,067
34260,8221,3949,"Cherokee County, Texas",48,073
1880,549,118,"Cochran County, Texas",48,079
662273,83038,223727,"Collin County, Texas",48,085
12555,3061,1511,"Eastland County, Texas",48,133
115775,26046,19952,"Ellis County, Texas",48,139
12198,3631,1095,"Falls County, Texas",48,145
2732,810,406,"Fisher County, Texas",48,151
508472,76842,141155,"Fort Bend County, Texas",48,157
12515,3428,528,"Frio County, Texas",48,163
227013,44678,48194,"Galveston County, Texas",48,167
935,199,169,"Glasscock County, Texas",48,173
14615,3566,1551,"Gray County, Texas",48,179
19591,4693,2204,"Grimes County, Texas",48,185
2081,593,275,"Hall County, Texas",48,191
2879,775,302,"Hardeman County, Texas",48,197
39093,11003,6306,"Isabella County, Michigan",26,073
166365,32288,40035,"Kalamazoo County, Michigan",26,077
12844,4536,1131,"Kalkaska County, Michigan",26,079
1710,482,347,"Keweenaw County, Michigan",26,083
9160,2832,878,"Lake County, Michigan",26,085
16829,3086,4507,"Leelanau County, Michigan",26,089
134751,31606,33271,"Livingston County, Michigan",26,093
4833,1153,558,"Luce County, Michigan",26,095
616561,162490,103772,"Macomb County, Michigan",26,099
18549,5162,2894,"Manistee County, Michigan",26,101
21221,6796,2842,"Mason County, Michigan",26,105
27494,8861,3830,"Mecosta County, Michigan",26,107
58726,15529,11944,"Midland County, Michigan",26,111
106143,31585,14465,"Monroe County, Michigan",26,115
44454,14794,4537,"Montcalm County, Michigan",26,117
119223,32270,16386,"Muskegon County, Michigan",26,121
34096,12249,4035,"Newaygo County, Michigan",26,123
18399,5897,2387,"Oceana County, Michigan",26,127
15734,4953,1295,"Ogemaw County, Michigan",26,129
16437,6015,1666,"Osceola County, Michigan",26,133
6176,1863,470,"Oscoda County, Michigan",26,135
181327,42612,42239,"Ottawa County, Michigan",26,139
19074,5953,1660,"Roscommon County, Michigan",26,143
132003,37583,19176,"Saginaw County, Michigan",26,145
40924,12602,4139,"St. Joseph County, Michigan",26,149
29357,10993,2740,"Sanilac County, Michigan",26,151
48163,15328,5776,"Shiawassee County, Michigan",26,155
37994,14706,3488,"Tuscola County, Michigan",26,157
231432,28544,61734,"Washtenaw County, Michigan",26,161
1184918,288749,181260,"Wayne County, Michigan",26,163
23245,6817,3147,"Wexford County, Michigan",26,165
21785,5824,2211,"Adams County, Mississippi",28,001
25530,6240,2917,"Alcorn County, Mississippi",28,003
9081,3466,623,"Amite County, Mississippi",28,005
12079,2882,1285,"Attala County, Mississippi",28,007
5908,1602,281,"Benton County, Mississippi",28,009
20343,3831,2925,"Bolivar County, Mississippi",28,011
9840,2864,617,"Calhoun County, Mississippi",28,013
7514,2116,827,"Carroll County, Mississippi",28,015
11311,3271,1110,"Chickasaw County, Mississippi",28,017
5755,1770,671,"Choctaw County, Mississippi",28,019
5243,1434,466,"Claiborne County, Mississippi",28,021
10783,3528,939,"Clarke County, Mississippi",28,023
13401,3713,1774,"Clay County, Mississippi",28,025
14290,2598,1611,"Coahoma County, Mississippi",28,027
18848,4917,2379,"Copiah County, Mississippi",28,029
12387,3354,1253,"Covington County, Mississippi",28,031
119653,29518,19404,"DeSoto County, Mississippi",28,033
46898,10081,7473,"Forrest County, Mississippi",28,035
5390,1411,503,"Franklin County, Mississippi",28,037
9799,2422,757,"Greene County, Mississippi",28,041
14452,3358,1787,"Grenada County, Mississippi",28,043
137114,29428,19991,"Harrison County, Mississippi",28,047
152702,29888,26350,"Hinds County, Mississippi",28,049
5333,1377,413,"Humphreys County, Mississippi",28,053
1001,280,9,"Issaquena County, Mississippi",28,055
97821,22291,14079,"Jackson County, Mississippi",28,059
11309,4311,1226,"Jasper County, Mississippi",28,061
10998,4647,828,"Noble County, Ohio",39,121
12975,5303,1515,"Paulding County, Ohio",39,125
24807,10608,2135,"Perry County, Ohio",39,127
19290,7385,1674,"Pike County, Ohio",39,131
28828,11224,3330,"Preble County, Ohio",39,135
22621,8743,3473,"Putnam County, Ohio",39,137
54506,20655,5550,"Ross County, Ohio",39,141
41080,15524,4442,"Sandusky County, Ohio",39,143
37288,14917,4233,"Seneca County, Ohio",39,147
32521,12020,3994,"Shelby County, Ohio",39,149
381506,102949,79633,"Summit County, Ohio",39,153
142949,56851,18353,"Trumbull County, Ohio",39,155
39168,11511,9284,"Union County, Ohio",39,159
19476,7840,2037,"Van Wert County, Ohio",39,161
157141,34980,41853,"Warren County, Ohio",39,165
43226,16048,4831,"Washington County, Ohio",39,167
76503,26525,10772,"Wayne County, Ohio",39,169
25600,9721,2517,"Williams County, Ohio",39,171
81315,21787,16738,"Wood County, Ohio",39,173
15346,6208,1878,"Wyandot County, Ohio",39,175
14330,5432,1071,"Adair County, Oklahoma",40,001
4288,1096,677,"Alfalfa County, Oklahoma",40,003
9675,3151,1116,"Atoka County, Oklahoma",40,005
3537,944,647,"Beaver County, Oklahoma",40,007
14509,3641,1669,"Beckham County, Oklahoma",40,009
6988,1878,1021,"Blaine County, Oklahoma",40,011
31649,9276,4674,"Bryan County, Oklahoma",40,013
19694,7160,2223,"Caddo County, Oklahoma",40,015
96065,24351,19082,"Canadian County, Oklahoma",40,017
32445,9921,3894,"Carter County, Oklahoma",40,019
30877,7845,5350,"Cherokee County, Oklahoma",40,021
10052,3447,882,"Choctaw County, Oklahoma",40,023
1539,482,364,"Cimarron County, Oklahoma",40,025
180680,36432,38286,"Cleveland County, Oklahoma",40,027
3753,1318,378,"Coal County, Oklahoma",40,029
77562,20251,10627,"Comanche County, Oklahoma",40,031
10066,3373,955,"Craig County, Oklahoma",40,035
48940,17174,5441,"Creek County, Oklahoma",40,037
31009,9572,3815,"Delaware County, Oklahoma",40,041
3192,1199,451,"Dewey County, Oklahoma",40,043
40544,12763,6593,"Garfield County, Oklahoma",40,047
18640,6883,2024,"Garvin County, Oklahoma",40,049
2979,897,468,"Grant County, Oklahoma",40,053
4125,951,453,"Greer County, Oklahoma",40,055
2576,695,353,"Harper County, Oklahoma",40,059
8749,2859,989,"Haskell County, Oklahoma",40,061
15990,3969,2303,"Jackson County, Oklahoma",40,065
4137,1393,485,"Jefferson County, Oklahoma",40,067
29379,7670,4115,"Kay County, Oklahoma",40,071
10213,3804,1635,"Kingfisher County, Oklahoma",40,073
6995,2177,713,"Latimer County, Oklahoma",40,077
33685,11247,3687,"Le Flore County, Oklahoma",40,079
31438,7723,6315,"Logan County, Oklahoma",40,083
6749,2449,723,"Love County, Oklahoma",40,085
21760,7785,2215,"McCurtain County, Oklahoma",40,089
14429,5080,1401,"McIntosh County, Oklahoma",40,091
11544,3514,1285,"Marshall County, Oklahoma",40,095
28169,9301,3054,"Mayes County, Oklahoma",40,097
45607,12895,6353,"Muskogee County, Oklahoma",40,101
7683,2599,1119,"Noble County, Oklahoma",40,103
7211,2140,1079,"Deer Lodge County, Montana",30,023
72633,17039,15695,"Flathead County, Montana",30,029
8200,2289,1193,"Glacier County, Montana",30,035
2494,644,596,"Granite County, Montana",30,039
1476,379,317,"Judith Basin County, Montana",30,045
1766,312,278,"Liberty County, Montana",30,051
6766,1640,1684,"Madison County, Montana",30,057
80664,13736,22378,"Missoula County, Montana",30,063
12723,2896,2823,"Park County, Montana",30,067
4024,1069,782,"Pondera County, Montana",30,073
28134,7531,4210,"Baldwin County, Georgia",13,009
71144,20074,9630,"Bartow County, Georgia",13,015
13258,4620,1261,"Berrien County, Georgia",13,019
12965,4552,435,"Brantley County, Georgia",13,025
43788,10493,6865,"Bulloch County, Georgia",13,031
4685,1133,394,"Calhoun County, Georgia",13,037
7170,2331,589,"Candler County, Georgia",13,043
9319,2755,654,"Charlton County, Georgia",13,049
17132,4326,1039,"Chattooga County, Georgia",13,055
2161,656,195,"Clay County, Georgia",13,061
4486,1382,321,"Clinch County, Georgia",13,065
29783,9116,2230,"Colquitt County, Georgia",13,071
98354,22883,22048,"Coweta County, Georgia",13,077
11155,3170,1260,"Dade County, Georgia",13,083
17728,4986,1466,"Decatur County, Georgia",13,087
9910,3163,827,"Dooly County, Georgia",13,093
6736,2145,642,"Early County, Georgia",13,099
40609,13035,6898,"Effingham County, Georgia",13,103
7125,2324,626,"Evans County, Georgia",13,109
65340,16670,7906,"Floyd County, Georgia",13,115
15609,4121,1544,"Franklin County, Georgia",13,119
2041,651,185,"Glascock County, Georgia",13,125
16840,5639,1509,"Grady County, Georgia",13,131
30402,7400,3476,"Habersham County, Georgia",13,137
6842,1818,470,"Hancock County, Georgia",13,141
68849,19017,10927,"Lowndes County, Georgia",13,185
14403,4491,1255,"McDuffie County, Georgia",13,189
20426,5755,2074,"Madison County, Georgia",13,195
3988,1021,445,"Miller County, Georgia",13,201
19208,5390,2537,"Monroe County, Georgia",13,207
26609,6857,1967,"Murray County, Georgia",13,213
25711,4282,6171,"Oconee County, Georgia",13,219
17944,4593,1890,"Peach County, Georgia",13,225
13021,4585,938,"Pierce County, Georgia",13,229
8443,2535,640,"Pulaski County, Georgia",13,235
13009,2989,1812,"Rabun County, Georgia",13,241
132953,34840,18388,"Richmond County, Georgia",13,245
9942,3331,772,"Screven County, Georgia",13,251
17620,5528,1815,"Stephens County, Georgia",13,257
4703,1748,295,"Talbot County, Georgia",13,263
17993,4838,1389,"Tattnall County, Georgia",13,267
5954,1570,338,"Terrell County, Georgia",13,273
17528,5189,1640,"Toombs County, Georgia",13,279
46156,13099,5852,"Troup County, Georgia",13,285
6256,2383,329,"Twiggs County, Georgia",13,289
48769,11794,5768,"Walker County, Georgia",13,295
3899,1452,276,"Warren County, Georgia",13,301
20162,6423,1492,"Wayne County, Georgia",13,305
21695,5223,2608,"White County, Georgia",13,311
7028,2826,447,"Wilkes County, Georgia",13,317
44280,11818,6183,"Harrison County, Texas",48,203
134420,26016,33431,"Hays County, Texas",48,209
485614,96893,64879,"Hidalgo County, Texas",48,215
43434,10158,8561,"Hood County, Texas",48,221
24766,5921,2263,"Howard County, Texas",48,227
13955,3503,1646,"Hutchinson County, Texas",48,233
9931,2738,1135,"Jackson County, Texas",48,239
168295,45118,21766,"Jefferson County, Texas",48,245
112031,32848,15089,"Johnson County, Texas",48,251
88,13,0,"Loving County, Texas",48,301
3880,874,582,"Lynn County, Texas",48,305
460,191,47,"McMullen County, Texas",48,311
3223,878,370,"Martin County, Texas",48,317
33086,5919,3978,"Maverick County, Texas",48,323
106940,21335,21220,"Midland County, Texas",48,329
5229,1719,481,"Mitchell County, Texas",48,335
12411,2751,1162,"Moore County, Texas",48,341
37668,8873,5735,"Nacogdoches County, Texas",48,347
9546,2475,1024,"Nolan County, Texas",48,353
1246,349,262,"Oldham County, Texas",48,359
15735,4057,1819,"Panola County, Texas",48,365
10543,2858,782,"Pecos County, Texas",48,371
4425,350,648,"Presidio County, Texas",48,377
2222,799,167,"Reagan County, Texas",48,383
10339,3036,778,"Reeves County, Texas",48,389
11659,3831,1493,"Robertson County, Texas",48,395
37152,9266,3858,"Rusk County, Texas",48,401
20611,6770,2061,"San Jacinto County, Texas",48,407
1922,495,251,"Schleicher County, Texas",48,413
16446,4827,1699,"Shelby County, Texas",48,419
29717,5765,3694,"Val Verde County, Texas",48,465
46704,12099,6135,"Walker County, Texas",48,471
23589,6563,4302,"Washington County, Texas",48,477
3507,820,416,"Wheeler County, Texas",48,483
13532,3825,868,"Willacy County, Texas",48,489
4544,1096,330,"Winkler County, Texas",48,495
5074,1148,504,"Yoakum County, Texas",48,501
7101,1850,495,"Zavala County, Texas",48,507
7976,2500,551,"Jefferson Davis County, Mississippi",28,065
45080,10960,5606,"Jones County, Mississippi",28,067
31055,4822,7640,"Lafayette County, Mississippi",28,071
51102,11272,6549,"Lauderdale County, Mississippi",28,075
8593,2833,719,"Lawrence County, Mississippi",28,077
56801,11424,9171,"Lee County, Mississippi",28,081
17697,5525,1927,"Leflore County, Mississippi",28,083
39270,10518,5780,"Lowndes County, Mississippi",28,087
69959,10212,20406,"Madison County, Mississippi",28,089
24483,7410,2338,"Marshall County, Mississippi",28,093
24825,7523,2611,"Monroe County, Mississippi",28,095
18571,4974,1488,"Neshoba County, Mississippi",28,099
6798,2184,593,"Noxubee County, Mississippi",28,103
25825,4295,5393,"Oktibbeha County, Mississippi",28,105
38256,9021,3793,"Pearl River County, Mississippi",28,109
8145,2723,524,"Perry County, Mississippi",28,111
21015,4818,2189,"Pontotoc County, Mississippi",28,115
17000,4457,1412,"Prentiss County, Mississippi",28,117
106608,20484,20750,"Rankin County, Mississippi",28,121
18429,5191,1263,"Scott County, Mississippi",28,123
18287,4014,2304,"Simpson County, Mississippi",28,127
12328,3248,1208,"Stone County, Mississippi",28,131
17380,4139,1729,"Sunflower County, Mississippi",28,133
18663,5235,1766,"Tate County, Mississippi",28,137
14354,3853,1346,"Tippah County, Mississippi",28,139
6366,2011,597,"Tunica County, Mississippi",28,143
19136,4995,1817,"Union County, Mississippi",28,145
31214,7193,4700,"Warren County, Mississippi",28,149
29511,7737,3652,"Washington County, Mississippi",28,151
6620,1895,766,"Webster County, Mississippi",28,155
6134,1951,515,"Wilkinson County, Mississippi",28,157
8705,2914,675,"Yalobusha County, Mississippi",28,161
19355,4752,1574,"Yazoo County, Mississippi",28,163
2858,1114,286,"Catron County, New Mexico",35,003
41417,8444,4922,"Chaves County, New Mexico",35,005
18217,4543,2005,"Cibola County, New Mexico",35,006
9121,2200,1189,"Colfax County, New Mexico",35,007
30515,6456,4133,"Curry County, New Mexico",35,009
941,248,63,"De Baca County, New Mexico",35,011
132723,22863,22915,"Doña Ana County, New Mexico",35,013
37467,10043,4021,"Eddy County, New Mexico",35,015
19959,4419,3100,"Grant County, New Mexico",35,017
3429,1354,152,"Guadalupe County, New Mexico",35,019
329,63,49,"Harding County, New Mexico",35,021
3021,731,403,"Hidalgo County, New Mexico",35,023
42233,10901,3467,"Lea County, New Mexico",35,025
14884,4167,2460,"Lincoln County, New Mexico",35,027
13466,1232,3394,"Los Alamos County, New Mexico",35,028
15463,4513,1161,"Luna County, New Mexico",35,029
44344,14396,2696,"McKinley County, New Mexico",35,031
3573,1207,223,"Mora County, New Mexico",35,033
44319,9329,5576,"Otero County, New Mexico",35,035
6025,1751,577,"Quay County, New Mexico",35,037
26780,7718,2832,"Rio Arriba County, New Mexico",35,039
100051,21174,18181,"Sandoval County, New Mexico",35,043
81603,20038,7370,"San Juan County, New Mexico",35,045
112233,21876,23086,"Santa Fe County, New Mexico",35,049
10852,3693,1109,"Socorro County, New Mexico",35,053
8270,2643,635,"Okfuskee County, Oklahoma",40,107
25586,7791,2551,"Okmulgee County, Oklahoma",40,111
33372,10228,4629,"Osage County, Oklahoma",40,113
11317,4189,1416,"Pawnee County, Oklahoma",40,117
44321,10031,9625,"Payne County, Oklahoma",40,119
24861,6632,4483,"Pontotoc County, Oklahoma",40,123
48288,14181,6039,"Pottawatomie County, Oklahoma",40,125
2417,755,282,"Roger Mills County, Oklahoma",40,129
62450,17496,10780,"Rogers County, Oklahoma",40,131
28389,9186,2749,"Sequoyah County, Oklahoma",40,135
30134,11177,3674,"Stephens County, Oklahoma",40,137
4979,1529,554,"Tillman County, Oklahoma",40,141
428697,93445,91233,"Tulsa County, Oklahoma",40,143
35394,10280,6709,"Washington County, Oklahoma",40,147
7500,2544,865,"Washita County, Oklahoma",40,149
13737,4322,1860,"Woodward County, Oklahoma",40,153
12016,2997,2118,"Baker County, Oregon",41,001
294509,51642,72364,"Clackamas County, Oregon",41,005
28970,6676,4475,"Clatsop County, Oregon",41,007
37520,9920,4519,"Columbia County, Oregon",41,009
48081,11537,5995,"Coos County, Oregon",41,011
17773,4579,2382,"Crook County, Oregon",41,013
18718,4519,2551,"Curry County, Oregon",41,015
140178,25221,32008,"Deschutes County, Oregon",41,017
81402,21417,9794,"Douglas County, Oregon",41,019
1453,432,257,"Gilliam County, Oregon",41,021
5574,1669,754,"Grant County, Oregon",41,023
5342,1547,513,"Harney County, Oregon",41,025
15900,2899,2922,"Hood River County, Oregon",41,027
157165,32612,27661,"Jackson County, Oregon",41,029
16585,3734,2380,"Jefferson County, Oregon",41,031
64710,15615,7642,"Josephine County, Oregon",41,033
47514,12305,6460,"Klamath County, Oregon",41,035
5982,1687,728,"Lake County, Oregon",41,037
260762,48635,49504,"Lane County, Oregon",41,039
38143,7356,6569,"Lincoln County, Oregon",41,041
88624,20582,11406,"Linn County, Oregon",41,043
20026,4425,2021,"Malheur County, Oregon",41,045
227515,46987,35992,"Marion County, Oregon",41,047
594912,81961,167571,"Multnomah County, Oregon",41,051
1230,302,152,"Sherman County, Oregon",41,055
20090,4468,2635,"Tillamook County, Oregon",41,057
17686,4725,2962,"Union County, Oregon",41,061
5437,1452,962,"Wallowa County, Oregon",41,063
411099,59336,114445,"Washington County, Oregon",41,067
1105,313,139,"Wheeler County, Oregon",41,069
34365,6143,8945,"Bristol County, Rhode Island",44,001
121748,28822,24529,"Kent County, Rhode Island",44,003
437102,111249,81697,"Providence County, Rhode Island",44,007
86993,16244,22511,"Washington County, Rhode Island",44,009
883487,204059,218237,"Allegheny County, Pennsylvania",42,003
48368,21149,5993,"Armstrong County, Pennsylvania",42,005
35232,15825,3317,"Bedford County, Pennsylvania",42,009
285354,91319,46858,"Berks County, Pennsylvania",42,011
43002,18595,5056,"Bradford County, Pennsylvania",42,015
449978,115927,113022,"Bucks County, Pennsylvania",42,017
94476,38148,13387,"Cambria County, Pennsylvania",42,021
3498,1510,304,"Cameron County, Pennsylvania",42,023
99778,25229,23529,"Centre County, Pennsylvania",42,027
14219,4873,907,"Worth County, Georgia",13,321
6814,1691,788,"Clearwater County, Idaho",16,035
16970,3955,2567,"Elmore County, Idaho",16,039
12408,3610,1697,"Gem County, Idaho",16,045
16850,3505,2888,"Jefferson County, Idaho",16,051
112546,23859,19906,"Kootenai County, Idaho",16,055
2755,596,367,"Lewis County, Idaho",16,061
13031,3365,1122,"Minidoka County, Idaho",16,067
2839,774,527,"Oneida County, Idaho",16,071
4721,1347,449,"Power County, Idaho",16,077
54964,11903,7901,"Twin Falls County, Idaho",16,083
45862,13873,7537,"Adams County, Illinois",17,001
11841,3116,1568,"Bond County, Illinois",17,005
23397,7204,3234,"Bureau County, Illinois",17,011
8356,2852,974,"Cass County, Illinois",17,017
23717,7881,3023,"Christian County, Illinois",17,021
26770,7054,4054,"Clinton County, Illinois",17,027
13854,3151,1550,"Crawford County, Illinois",17,033
11222,3559,1648,"De Witt County, Illinois",17,039
636291,102553,194631,"DuPage County, Illinois",17,043
23510,7017,3794,"Effingham County, Illinois",17,049
27414,7213,3265,"Franklin County, Illinois",17,055
9238,3626,1020,"Greene County, Illinois",17,061
5826,1552,727,"Hamilton County, Illinois",17,065
5047,1842,662,"Henderson County, Illinois",17,071
34883,6642,5674,"Jackson County, Illinois",17,077
26188,7424,2731,"Marion County, Illinois",17,121
10064,3084,1002,"Massac County, Illinois",17,127
24447,5640,5602,"Monroe County, Illinois",17,133
9817,2887,1347,"Moultrie County, Illinois",17,139
121992,29242,23312,"Peoria County, Illinois",17,143
10890,3973,1147,"Pike County, Illinois",17,149
4205,1354,503,"Putnam County, Illinois",17,155
98374,24035,15085,"Rock Island County, Illinois",17,161
17031,3936,2297,"Saline County, Illinois",17,165
3573,1501,574,"Scott County, Illinois",17,171
31749,8963,4370,"Stephenson County, Illinois",17,177
52408,17326,5299,"Vermilion County, Illinois",17,183
10111,2683,1404,"Washington County, Illinois",17,189
9889,2920,1174,"White County, Illinois",17,193
47751,11757,7388,"Williamson County, Illinois",17,199
5101,1910,748,"Adair County, Iowa",19,001
8852,2590,1256,"Appanoose County, Iowa",19,007
17768,6068,2522,"Benton County, Iowa",19,011
16512,4679,3715,"Bremer County, Iowa",19,017
12467,3508,1798,"Buena Vista County, Iowa",19,021
13776,4145,2498,"Carroll County, Iowa",19,027
30537,8959,4779,"Cerro Gordo County, Iowa",19,033
6410,2309,746,"Clarke County, Iowa",19,039
12680,5157,1621,"Clayton County, Iowa",19,043
59174,9530,20343,"Dallas County, Iowa",19,049
11781,4714,1427,"Delaware County, Iowa",19,055
26156,9402,3536,"Jasper County, Iowa",19,099
14735,5005,2070,"Jones County, Iowa",19,105
10457,3471,1458,"Kossuth County, Iowa",19,109
7755,2614,994,"Louisa County, Iowa",19,115
11084,3434,1939,"Madison County, Iowa",19,121
22031,6290,4611,"Marion County, Iowa",19,125
7253,2452,1191,"Mitchell County, Iowa",19,131
6924,2007,1046,"Montgomery County, Iowa",19,137
24737,5523,4656,"Taos County, New Mexico",35,055
2970,1090,215,"Union County, New Mexico",35,059
51847,13404,5819,"Valencia County, New Mexico",35,061
7511,1844,1688,"Barnes County, North Dakota",38,003
3973,916,522,"Benson County, North Dakota",38,005
4466,1062,911,"Bottineau County, North Dakota",38,009
2098,709,304,"Bowman County, North Dakota",38,011
64456,11788,16896,"Burleigh County, North Dakota",38,015
114123,17867,32106,"Cass County, North Dakota",38,017
3274,790,683,"Dickey County, North Dakota",38,021
3072,893,486,"Dunn County, North Dakota",38,025
1626,410,271,"Eddy County, North Dakota",38,027
2297,530,462,"Foster County, North Dakota",38,031
1327,353,241,"Golden Valley County, North Dakota",38,033
1688,561,243,"Grant County, North Dakota",38,037
1712,432,380,"Griggs County, North Dakota",38,039
1734,505,249,"Kidder County, North Dakota",38,043
2987,744,548,"LaMoure County, North Dakota",38,045
4110,1109,687,"McHenry County, North Dakota",38,049
1976,585,196,"McIntosh County, North Dakota",38,051
6926,1996,1177,"McLean County, North Dakota",38,055
5957,1314,967,"Mercer County, North Dakota",38,057
6573,1838,1029,"Mountrail County, North Dakota",38,061
1370,370,225,"Oliver County, North Dakota",38,065
5053,1275,833,"Pembina County, North Dakota",38,067
7827,1883,1528,"Ramsey County, North Dakota",38,071
3739,1150,628,"Ransom County, North Dakota",38,073
10508,2332,1844,"Richland County, North Dakota",38,077
8319,1478,1188,"Rolette County, North Dakota",38,079
1023,332,142,"Sheridan County, North Dakota",38,083
2343,568,235,"Sioux County, North Dakota",38,085
20215,5663,3607,"Stark County, North Dakota",38,089
1292,308,326,"Steele County, North Dakota",38,091
1584,432,187,"Towner County, North Dakota",38,095
5480,1346,1168,"Traill County, North Dakota",38,097
43470,11837,8877,"Ward County, North Dakota",38,101
22825,5344,4603,"Williams County, North Dakota",38,105
45607,12859,3496,"Apache County, Arizona",04,001
88371,17117,13890,"Cochise County, Arizona",04,003
84314,16234,18949,"Coconino County, Arizona",04,005
39740,9433,4784,"Gila County, Arizona",04,007
24069,5435,2422,"Graham County, Arizona",04,009
5721,1471,777,"Greenlee County, Arizona",04,011
16600,4350,1378,"La Paz County, Arizona",04,012
2952370,554172,621592,"Maricopa County, Arizona",04,013
162227,46575,13499,"Mohave County, Arizona",04,015
71918,18053,6898,"Navajo County, Arizona",04,017
699737,122212,135389,"Pima County, Arizona",04,019
311415,74202,43742,"Pinal County, Arizona",04,021
29669,6591,3891,"Santa Cruz County, Arizona",04,023
179549,38190,26947,"Yavapai County, Arizona",04,025
134749,29105,13574,"Yuma County, Arizona",04,027
8531,2660,1080,"Allen County, Kansas",20,001
5266,1789,551,"Anderson County, Kansas",20,003
10171,3777,1239,"Atchison County, Kansas",20,005
3099,945,426,"Barber County, Kansas",20,007
17830,4775,2626,"Barton County, Kansas",20,009
9648,2549,1401,"Bourbon County, Kansas",20,011
356312,65776,113574,"Chester County, Pennsylvania",42,029
59322,25324,6438,"Clearfield County, Pennsylvania",42,033
25336,10974,3133,"Clinton County, Pennsylvania",42,035
59647,25496,7577,"Crawford County, Pennsylvania",42,039
176594,49219,40941,"Cumberland County, Pennsylvania",42,041
385393,103174,87354,"Delaware County, Pennsylvania",42,045
22141,9624,2871,"Elk County, Pennsylvania",42,047
95723,40539,11373,"Fayette County, Pennsylvania",42,051
6278,2377,391,"Forest County, Pennsylvania",42,053
10555,4791,942,"Fulton County, Pennsylvania",42,057
26076,9688,3065,"Greene County, Pennsylvania",42,059
55680,21288,7881,"Indiana County, Pennsylvania",42,063
31060,14563,3355,"Jefferson County, Pennsylvania",42,065
148750,49856,26540,"Lackawanna County, Pennsylvania",42,069
366898,109996,67413,"Lancaster County, Pennsylvania",42,071
96489,37726,13317,"Lebanon County, Pennsylvania",42,075
250653,72875,47407,"Lehigh County, Pennsylvania",42,077
80480,26478,12546,"Lycoming County, Pennsylvania",42,081
29217,11349,3552,"McKean County, Pennsylvania",42,083
78388,29070,11376,"Mercer County, Pennsylvania",42,085
117839,35751,18474,"Monroe County, Pennsylvania",42,089
582637,123046,164225,"Montgomery County, Pennsylvania",42,091
13250,4905,2159,"Montour County, Pennsylvania",42,093
213631,65336,42108,"Northampton County, Pennsylvania",42,095
66725,29560,8262,"Northumberland County, Pennsylvania",42,097
32972,13070,4210,"Perry County, Pennsylvania",42,099
1082283,300880,194201,"Philadelphia County, Pennsylvania",42,101
41618,11759,6635,"Pike County, Pennsylvania",42,103
12128,4970,1191,"Potter County, Pennsylvania",42,105
103929,40738,12030,"Schuylkill County, Pennsylvania",42,107
27096,10814,3576,"Snyder County, Pennsylvania",42,109
55332,24045,6052,"Somerset County, Pennsylvania",42,111
4961,2022,567,"Sullivan County, Pennsylvania",42,113
30201,12530,3767,"Susquehanna County, Pennsylvania",42,115
29200,11561,3540,"Tioga County, Pennsylvania",42,117
30536,9698,3925,"Union County, Pennsylvania",42,119
37890,16098,4948,"Venango County, Pennsylvania",42,121
29084,12005,3730,"Warren County, Pennsylvania",42,123
149351,50611,29871,"Washington County, Pennsylvania",42,125
39288,14255,4892,"Wayne County, Pennsylvania",42,127
19512,8273,2605,"Wyoming County, Pennsylvania",42,131
312659,107490,51084,"York County, Pennsylvania",42,133
17236,5044,2241,"Abbeville County, South Carolina",45,001
6161,2116,380,"Allendale County, South Carolina",45,005
137952,32769,20909,"Anderson County, South Carolina",45,007
14129,4372,1153,"Barnwell County, South Carolina",45,011
137396,26645,33636,"Beaufort County, South Carolina",45,013
10770,3562,1467,"Calhoun County, South Carolina",45,017
291568,55270,83470,"Charleston County, South Carolina",45,019
22513,7987,2121,"Chester County, South Carolina",45,023
31901,10622,2618,"Chesterfield County, South Carolina",45,025
26244,10339,2808,"Colleton County, South Carolina",45,029
46243,15055,5173,"Darlington County, South Carolina",45,031
20249,6971,1697,"Dillon County, South Carolina",45,033
19691,5450,1997,"Edgefield County, South Carolina",45,037
16269,5955,1914,"Fairfield County, South Carolina",45,039
46485,11245,8398,"Georgetown County, South Carolina",45,043
9505,3059,1601,"O'Brien County, Iowa",19,141
6178,1584,1106,"Palo Alto County, Iowa",19,147
322564,68026,83767,"Polk County, Iowa",19,153
11990,4173,1774,"Poweshiek County, Iowa",19,157
117528,28394,24064,"Scott County, Iowa",19,163
51569,7833,15461,"Story County, Iowa",19,169
4253,1470,479,"Taylor County, Iowa",19,173
24014,7157,2964,"Wapello County, Iowa",19,179
4343,1648,428,"Wayne County, Iowa",19,185
7079,2180,1301,"Winnebago County, Iowa",19,189
5328,1803,673,"Worth County, Iowa",19,195
397405,77367,98301,"Anne Arundel County, Maryland",24,003
63226,16305,11834,"Calvert County, Maryland",24,009
71365,21755,10932,"Cecil County, Maryland",24,015
174651,37032,40541,"Frederick County, Maryland",24,021
218263,25417,66306,"Howard County, Maryland",24,027
722320,86437,197098,"Montgomery County, Maryland",24,031
75225,19858,13957,"St. Mary's County, Maryland",24,037
19569,6180,2596,"Cheboygan County, Michigan",26,031
54514,13133,11057,"Clinton County, Michigan",26,037
18658,5756,3032,"Dickinson County, Michigan",26,043
24220,5560,4975,"Emmet County, Michigan",26,047
11337,3340,1494,"Gogebic County, Michigan",26,053
31383,10892,3522,"Hillsdale County, Michigan",26,059
177809,33161,37274,"Ingham County, Michigan",26,065
19605,6216,1879,"Iosco County, Michigan",26,069
110411,30199,16613,"Jackson County, Michigan",26,075
433389,91015,103846,"Kent County, Michigan",26,081
62759,19768,7755,"Lapeer County, Michigan",26,087
68488,21633,9123,"Lenawee County, Michigan",26,091
8429,2394,1185,"Mackinac County, Michigan",26,097
44518,11276,10663,"Marquette County, Michigan",26,103
17099,6735,2061,"Menominee County, Michigan",26,109
10536,3803,1162,"Missaukee County, Michigan",26,113
7406,2668,701,"Montmorency County, Michigan",26,119
890456,145190,242679,"Oakland County, Michigan",26,125
4806,1992,500,"Ontonagon County, Michigan",26,131
17604,4974,2973,"Otsego County, Michigan",26,137
9967,3274,1203,"Presque Isle County, Michigan",26,141
113357,32639,13453,"St. Clair County, Michigan",26,147
6204,2206,808,"Schoolcraft County, Michigan",26,153
51946,13719,6957,"Van Buren County, Michigan",26,159
15838,4200,1544,"George County, Mississippi",28,039
34448,7943,5413,"Hancock County, Mississippi",28,045
10939,3652,891,"Holmes County, Mississippi",28,051
15737,3603,1129,"Itawamba County, Mississippi",28,057
4848,1272,433,"Jefferson County, Mississippi",28,063
6475,2087,507,"Kemper County, Mississippi",28,069
41930,8676,8933,"Lamar County, Mississippi",28,073
14823,4433,1439,"Leake County, Mississippi",28,079
23405,7439,2130,"Lincoln County, Mississippi",28,085
16983,5223,1349,"Marion County, Mississippi",28,091
7030,1826,663,"Montgomery County, Mississippi",28,097
13695,3507,1588,"Newton County, Mississippi",28,101
22620,5495,2353,"Panola County, Mississippi",28,107
25439,7562,2402,"Pike County, Mississippi",28,113
4754,1268,339,"Quitman County, Mississippi",28,119
3036,840,375,"Sharkey County, Mississippi",28,125
11050,3562,674,"Smith County, Mississippi",28,129
44039,10013,8765,"Butler County, Kansas",20,015
2412,680,244,"Chautauqua County, Kansas",20,019
13750,3989,1835,"Cherokee County, Kansas",20,021
1433,317,323,"Clark County, Kansas",20,025
5704,1873,1048,"Clay County, Kansas",20,027
5880,1664,985,"Coffey County, Kansas",20,031
1303,437,186,"Comanche County, Kansas",20,033
23543,6369,4496,"Crawford County, Kansas",20,037
13045,3475,2366,"Dickinson County, Kansas",20,041
5018,1503,706,"Doniphan County, Kansas",20,043
2084,552,332,"Edwards County, Kansas",20,047
1896,599,173,"Elk County, Kansas",20,049
4498,1175,775,"Ellsworth County, Kansas",20,053
21555,4130,2461,"Finney County, Kansas",20,055
17219,5485,2218,"Franklin County, Kansas",20,059
17989,3328,2619,"Geary County, Kansas",20,061
1772,467,363,"Graham County, Kansas",20,065
3757,769,725,"Gray County, Kansas",20,069
720,132,139,"Greeley County, Kansas",20,071
1643,526,244,"Hamilton County, Kansas",20,075
3802,1336,371,"Harper County, Kansas",20,077
2541,498,291,"Haskell County, Kansas",20,081
1324,205,307,"Hodgeman County, Kansas",20,083
13349,4692,2227,"Jefferson County, Kansas",20,087
404888,49582,140107,"Johnson County, Kansas",20,091
2224,723,218,"Kearny County, Kansas",20,093
1600,418,265,"Kiowa County, Kansas",20,097
13700,3418,1938,"Labette County, Kansas",20,099
55300,12777,10899,"Leavenworth County, Kansas",20,103
2114,506,313,"Lincoln County, Kansas",20,105
1919,460,274,"Logan County, Kansas",20,109
19476,4481,4004,"McPherson County, Kansas",20,113
8171,2116,1531,"Marion County, Kansas",20,115
2650,514,363,"Meade County, Kansas",20,119
22979,6780,4585,"Miami County, Kansas",20,121
21843,5606,3110,"Montgomery County, Kansas",20,125
4079,1235,762,"Morris County, Kansas",20,127
6633,2204,1213,"Nemaha County, Kansas",20,131
10765,2882,1311,"Neosho County, Kansas",20,133
3993,1007,639,"Norton County, Kansas",20,137
2534,766,428,"Osborne County, Kansas",20,141
4075,1264,729,"Ottawa County, Kansas",20,143
5011,1348,745,"Pawnee County, Kansas",20,145
3748,1203,610,"Phillips County, Kansas",20,147
15360,3917,3440,"Pottawatomie County, Kansas",20,149
6042,1240,1236,"Pratt County, Kansas",20,151
1865,525,322,"Rawlins County, Kansas",20,153
43113,10261,5776,"Reno County, Kansas",20,155
3338,961,609,"Republic County, Kansas",20,157
6193,1567,876,"Rice County, Kansas",20,159
37619,5435,9651,"Riley County, Kansas",20,161
3529,859,627,"Rooks County, Kansas",20,163
2114,577,365,"Rush County, Kansas",20,165
4888,1214,775,"Russell County, Kansas",20,167
36941,9360,6633,"Saline County, Kansas",20,169
3220,735,579,"Scott County, Kansas",20,171
335175,71698,67595,"Sedgwick County, Kansas",20,173
12792,3104,1007,"Seward County, Kansas",20,175
120643,31936,24384,"Shawnee County, Kansas",20,177
1819,594,339,"Sheridan County, Kansas",20,179
13557,4803,1095,"Hampton County, South Carolina",45,049
257221,72592,40180,"Horry County, South Carolina",45,051
46070,14438,6149,"Kershaw County, South Carolina",45,055
68504,16475,12125,"Lancaster County, South Carolina",45,057
46312,12348,5352,"Laurens County, South Carolina",45,059
204428,47819,40319,"Lexington County, South Carolina",45,063
7859,2159,982,"McCormick County, South Carolina",45,065
18863,6711,879,"Marlboro County, South Carolina",45,069
26422,8303,3604,"Newberry County, South Carolina",45,071
59028,17009,6139,"Orangeburg County, South Carolina",45,075
79510,18301,12098,"Pickens County, South Carolina",45,077
14384,4099,1633,"Saluda County, South Carolina",45,081
212581,53631,33056,"Spartanburg County, South Carolina",45,083
19474,6374,1895,"Union County, South Carolina",45,087
22010,8620,1955,"Williamsburg County, South Carolina",45,089
185001,38187,40806,"York County, South Carolina",45,091
12286,3465,1893,"Beadle County, South Dakota",46,005
1866,419,351,"Bennett County, South Dakota",46,007
18841,4164,4991,"Brookings County, South Dakota",46,011
25756,6763,5604,"Brown County, South Dakota",46,013
1028,295,68,"Buffalo County, South Dakota",46,017
7034,2658,1122,"Butte County, South Dakota",46,019
1107,290,285,"Campbell County, South Dakota",46,021
5773,1600,913,"Charles Mix County, South Dakota",46,023
2490,979,378,"Clark County, South Dakota",46,025
7087,1243,1881,"Clay County, South Dakota",46,027
19199,6112,2856,"Codington County, South Dakota",46,029
2263,603,298,"Corson County, South Dakota",46,031
7044,2350,1121,"Custer County, South Dakota",46,033
13477,3632,2609,"Davison County, South Dakota",46,035
3972,1256,669,"Day County, South Dakota",46,037
3007,992,549,"Deuel County, South Dakota",46,039
3134,913,379,"Dewey County, South Dakota",46,041
1985,527,271,"Douglas County, South Dakota",46,043
2631,826,529,"Edmunds County, South Dakota",46,045
5238,1642,652,"Fall River County, South Dakota",46,047
1697,432,250,"Faulk County, South Dakota",46,049
4961,1605,846,"Grant County, South Dakota",46,051
2946,941,426,"Gregory County, South Dakota",46,053
1303,548,201,"Haakon County, South Dakota",46,055
3691,1414,633,"Hamlin County, South Dakota",46,057
2144,640,387,"Hand County, South Dakota",46,059
857,263,180,"Harding County, South Dakota",46,063
12170,2747,3133,"Hughes County, South Dakota",46,065
1084,367,145,"Hyde County, South Dakota",46,069
1939,616,237,"Jackson County, South Dakota",46,071
636,249,141,"Jones County, South Dakota",46,075
3474,1243,569,"Kingsbury County, South Dakota",46,077
352123,67515,81357,"Greenville County, South Carolina",45,045
8745,2076,2118,"Lake County, South Dakota",46,079
38097,8898,9563,"Lincoln County, South Dakota",46,083
2406,762,433,"Lyman County, South Dakota",46,085
1657,501,294,"McPherson County, South Dakota",46,089
3439,982,711,"Marshall County, South Dakota",46,091
1314,380,138,"Mellette County, South Dakota",46,095
1542,593,260,"Miner County, South Dakota",46,097
4429,1246,829,"Moody County, South Dakota",46,101
9809,2480,702,"Tallahatchie County, Mississippi",28,135
13690,4070,1030,"Tishomingo County, Mississippi",28,141
9673,3481,843,"Walthall County, Mississippi",28,147
13180,3728,1223,"Wayne County, Mississippi",28,153
12599,4118,1373,"Winston County, Mississippi",28,159
469939,87715,91786,"Bernalillo County, New Mexico",35,001
10871,2805,1603,"Roosevelt County, New Mexico",35,041
19719,4011,2198,"San Miguel County, New Mexico",35,047
8749,2169,1169,"Sierra County, New Mexico",35,051
10643,3228,1059,"Torrance County, New Mexico",35,057
1618,525,220,"Adams County, North Dakota",38,001
637,217,126,"Billings County, North Dakota",38,007
1529,387,284,"Burke County, North Dakota",38,013
2702,678,498,"Cavalier County, North Dakota",38,019
1659,466,229,"Divide County, North Dakota",38,023
2425,769,360,"Emmons County, North Dakota",38,029
41728,7848,10077,"Grand Forks County, North Dakota",38,035
1909,547,229,"Hettinger County, North Dakota",38,041
1299,381,230,"Logan County, North Dakota",38,047
8306,1991,1744,"McKenzie County, North Dakota",38,053
21748,5006,4511,"Morton County, North Dakota",38,059
2202,549,477,"Nelson County, North Dakota",38,063
2929,866,502,"Pierce County, North Dakota",38,069
1617,508,296,"Renville County, North Dakota",38,075
2870,934,431,"Sargent County, North Dakota",38,081
579,165,121,"Slope County, North Dakota",38,087
14419,4531,2646,"Stutsman County, North Dakota",38,093
7515,2102,961,"Walsh County, North Dakota",38,099
2900,817,583,"Wells County, North Dakota",38,103
6503,2203,939,"Brown County, Kansas",20,013
1823,456,369,"Chase County, Kansas",20,017
1899,478,390,"Cheyenne County, Kansas",20,023
5921,1763,837,"Cloud County, Kansas",20,029
23153,5585,3249,"Cowley County, Kansas",20,035
2105,698,373,"Decatur County, Kansas",20,039
70889,11376,19727,"Douglas County, Kansas",20,045
17760,3884,4363,"Ellis County, Kansas",20,051
20199,4451,2135,"Ford County, Kansas",20,057
1884,619,285,"Gove County, Kansas",20,063
4380,1118,635,"Grant County, Kansas",20,067
4372,1376,642,"Greenwood County, Kansas",20,073
22673,4198,4750,"Harvey County, Kansas",20,079
8858,3167,1148,"Jackson County, Kansas",20,085
2157,741,292,"Jewell County, Kansas",20,089
5097,1544,901,"Kingman County, Kansas",20,095
1070,293,137,"Lane County, Kansas",20,101
6923,2325,821,"Linn County, Kansas",20,107
19919,5270,3316,"Lyon County, Kansas",20,111
6779,2563,854,"Marshall County, Kansas",20,117
4077,1003,782,"Mitchell County, Kansas",20,123
1827,529,222,"Morton County, Kansas",20,129
2000,589,353,"Ness County, Kansas",20,135
11004,3706,1329,"Osage County, Kansas",20,139
2829,640,548,"Stafford County, Kansas",20,185
15581,4535,2745,"Sumner County, Kansas",20,191
4761,1562,688,"Wabaunsee County, Kansas",20,197
1474,367,274,"Wichita County, Kansas",20,203
2335,742,332,"Woodson County, Kansas",20,207
14469,4847,1614,"Allen County, Kentucky",21,003
4091,1005,779,"Sherman County, Kansas",20,181
2677,951,421,"Smith County, Kansas",20,183
1346,451,173,"Stanton County, Kansas",20,187
3369,689,296,"Stevens County, Kansas",20,189
5001,957,793,"Thomas County, Kansas",20,193
2115,574,327,"Trego County, Kansas",20,195
1094,319,260,"Wallace County, Kansas",20,199
3861,1478,580,"Washington County, Kansas",20,201
5991,1668,866,"Wilson County, Kansas",20,205
105019,28465,12633,"Wyandotte County, Kansas",20,209
13093,4095,1126,"Adair County, Kentucky",21,001
15532,4509,2224,"Anderson County, Kentucky",21,005
5615,1670,586,"Ballard County, Kentucky",21,007
8288,2615,773,"Bath County, Kentucky",21,011
18692,6036,835,"Bell County, Kentucky",21,013
13823,4094,1866,"Bourbon County, Kentucky",21,017
33923,9102,3727,"Boyd County, Kentucky",21,019
5744,2232,355,"Bracken County, Kentucky",21,023
14083,4568,1161,"Breckinridge County, Kentucky",21,027
56737,19023,5885,"Bullitt County, Kentucky",21,029
8957,2965,852,"Caldwell County, Kentucky",21,033
24464,6037,4229,"Calloway County, Kentucky",21,035
3299,1228,263,"Carlisle County, Kentucky",21,039
7127,2220,300,"Carroll County, Kentucky",21,041
11128,3373,737,"Casey County, Kentucky",21,045
40563,9444,4801,"Christian County, Kentucky",21,047
14396,3908,623,"Clay County, Kentucky",21,051
7209,2450,494,"Clinton County, Kentucky",21,053
4879,1763,462,"Cumberland County, Kentucky",21,057
67995,18445,10010,"Daviess County, Kentucky",21,059
5498,1734,330,"Elliott County, Kentucky",21,063
210053,32415,53247,"Fayette County, Kentucky",21,067
9906,3029,924,"Fleming County, Kentucky",21,069
35705,8258,6518,"Franklin County, Kentucky",21,073
4382,1341,434,"Fulton County, Kentucky",21,075
12608,3559,1250,"Garrard County, Kentucky",21,079
16151,5960,1444,"Grant County, Kentucky",21,081
17921,6412,1118,"Grayson County, Kentucky",21,085
7978,2588,464,"Green County, Kentucky",21,087
5894,2185,461,"Hancock County, Kentucky",21,091
72705,17273,9293,"Hardin County, Kentucky",21,093
13095,4365,997,"Harrison County, Kentucky",21,097
31816,9420,3318,"Henderson County, Kentucky",21,101
11019,3797,865,"Henry County, Kentucky",21,103
3175,1033,538,"Hickman County, Kentucky",21,105
31400,9767,2761,"Hopkins County, Kentucky",21,107
9418,2896,628,"Jackson County, Kentucky",21,109
532550,113130,108431,"Jefferson County, Kentucky",21,111
35395,8647,6189,"Jessamine County, Kentucky",21,113
15828,5430,1313,"Johnson County, Kentucky",21,115
113499,26279,24398,"Kenton County, Kentucky",21,117
10459,2444,769,"Knott County, Kentucky",21,119
20960,6624,1634,"Knox County, Kentucky",21,121
10092,3033,659,"Larue County, Kentucky",21,123
42017,12436,3801,"Laurel County, Kentucky",21,125
10830,4072,558,"Lawrence County, Kentucky",21,127
5132,1366,225,"Lee County, Kentucky",21,129
7251,2385,492,"Leslie County, Kentucky",21,131
15742,4596,777,"Letcher County, Kentucky",21,133
7378,1297,501,"Oglala Lakota County, South Dakota",46,102
2090,619,325,"Perkins County, South Dakota",46,105
1615,542,272,"Potter County, South Dakota",46,107
6644,1952,831,"Roberts County, South Dakota",46,109
4474,1433,938,"Spink County, South Dakota",46,115
2260,679,362,"Stanley County, South Dakota",46,117
4969,1406,414,"Todd County, South Dakota",46,121
3783,1355,598,"Tripp County, South Dakota",46,123
10797,2656,2035,"Union County, South Dakota",46,127
3803,1355,567,"Walworth County, South Dakota",46,129
1640,525,222,"Ziebach County, South Dakota",46,137
54754,14521,6848,"Anderson County, Tennessee",47,001
11764,4293,1078,"Benton County, Tennessee",47,005
11751,3947,765,"Bledsoe County, Tennessee",47,007
73177,18665,10854,"Bradley County, Tennessee",47,011
28724,9017,2315,"Campbell County, Tennessee",47,013
19318,6812,2212,"Carroll County, Tennessee",47,017
42217,12256,4845,"Carter County, Tennessee",47,019
11283,4082,1108,"Chester County, Tennessee",47,023
22841,6894,2340,"Claiborne County, Tennessee",47,025
26080,10565,1803,"Cocke County, Tennessee",47,029
38230,11962,4918,"Coffee County, Tennessee",47,031
45906,14350,4915,"Cumberland County, Tennessee",47,035
478719,84951,130657,"Davidson County, Tennessee",47,037
14344,4231,1796,"DeKalb County, Tennessee",47,041
37114,12565,4024,"Dickson County, Tennessee",47,043
25213,6605,2911,"Dyer County, Tennessee",47,045
30079,8449,4401,"Fayette County, Tennessee",47,047
13212,4174,1595,"Fentress County, Tennessee",47,049
28857,9490,3570,"Franklin County, Tennessee",47,051
33392,10610,3870,"Gibson County, Tennessee",47,053
20709,7408,2555,"Giles County, Tennessee",47,055
16900,5608,1413,"Grainger County, Tennessee",47,057
50031,16844,5099,"Greene County, Tennessee",47,059
9433,3143,624,"Grundy County, Tennessee",47,061
44368,13140,5322,"Hamblen County, Tennessee",47,063
257207,56060,55330,"Hamilton County, Tennessee",47,065
4731,1630,184,"Hancock County, Tennessee",47,067
18210,6027,1310,"Hardeman County, Tennessee",47,069
18569,6746,2152,"Hardin County, Tennessee",47,071
41215,13867,4607,"Hawkins County, Tennessee",47,073
12121,4812,893,"Haywood County, Tennessee",47,075
19508,7050,1774,"Henderson County, Tennessee",47,077
23327,9068,2572,"Henry County, Tennessee",47,079
17684,6621,1162,"Hickman County, Tennessee",47,081
5807,2028,486,"Houston County, Tennessee",47,083
13030,5057,1171,"Humphreys County, Tennessee",47,085
38691,11930,4244,"Jefferson County, Tennessee",47,089
13516,4135,1095,"Johnson County, Tennessee",47,091
5630,1325,366,"Lake County, Tennessee",47,095
17642,5688,1070,"Lauderdale County, Tennessee",47,097
8565,2915,578,"Lewis County, Tennessee",47,101
23981,8633,2802,"Lincoln County, Tennessee",47,103
37863,10720,4183,"McMinn County, Tennessee",47,107
18304,6866,1416,"McNairy County, Tennessee",47,109
65529,18526,10515,"Madison County, Tennessee",47,113
20482,6940,1703,"Marion County, Tennessee",47,115
65657,19199,10510,"Maury County, Tennessee",47,119
86983,21699,17990,"Boone County, Kentucky",21,015
20112,5503,2793,"Boyle County, Kentucky",21,021
9105,2748,606,"Breathitt County, Kentucky",21,025
8960,3085,663,"Butler County, Kentucky",21,031
64375,15097,15600,"Campbell County, Kentucky",21,037
18403,6008,1336,"Carter County, Kentucky",21,043
25570,7455,3152,"Clark County, Kentucky",21,049
6327,2374,484,"Crittenden County, Kentucky",21,055
8852,2695,511,"Edmonson County, Kentucky",21,061
10264,3334,781,"Estill County, Kentucky",21,065
25281,8217,1765,"Floyd County, Kentucky",21,071
5905,2116,441,"Gallatin County, Kentucky",21,077
25036,8477,2319,"Graves County, Kentucky",21,083
25243,7979,2226,"Greenup County, Kentucky",21,089
18505,4870,899,"Harlan County, Kentucky",21,095
12708,4093,839,"Hart County, Kentucky",21,099
6416,2206,583,"McLean County, Kentucky",21,149
8632,2375,446,"Magoffin County, Kentucky",21,153
8346,2189,632,"Martin County, Kentucky",21,159
4671,1486,397,"Menifee County, Kentucky",21,165
7433,2670,431,"Monroe County, Kentucky",21,171
21740,7571,1809,"Muhlenberg County, Kentucky",21,177
16375,5196,1102,"Ohio County, Kentucky",21,183
3170,1018,245,"Owsley County, Kentucky",21,189
18446,4879,1070,"Perry County, Kentucky",21,193
45691,11685,4355,"Pulaski County, Kentucky",21,199
14170,3632,1602,"Rowan County, Kentucky",21,205
33047,7710,5563,"Shelby County, Kentucky",21,211
16785,4944,2390,"Taylor County, Kentucky",21,217
10330,2568,1228,"Trigg County, Kentucky",21,221
79725,17024,15193,"Warren County, Kentucky",21,227
8937,3516,614,"Webster County, Kentucky",21,233
18358,4080,4159,"Woodford County, Kentucky",21,239
214177,39539,62249,"Cumberland County, Maine",23,005
88325,25054,15694,"Kennebec County, Maine",23,011
43289,14904,6037,"Oxford County, Maine",23,017
26891,6934,5851,"Sagadahoc County, Maine",23,023
29485,7923,6014,"Waldo County, Maine",23,027
12367,3805,1571,"Aitkin County, Minnesota",27,001
21793,6498,2588,"Freeborn County, Minnesota",27,047
873217,119445,282899,"Hennepin County, Minnesota",27,053
27589,8508,3537,"Isanti County, Minnesota",27,059
7085,2320,1283,"Jackson County, Minnesota",27,063
3071,1095,552,"Kittson County, Minnesota",27,069
8048,2194,1504,"Lake County, Minnesota",27,075
3952,1339,553,"Lincoln County, Minnesota",27,081
3353,986,306,"Mahnomen County, Minnesota",27,087
15792,5191,1987,"Meeker County, Minnesota",27,093
26816,7390,4120,"Mower County, Minnesota",27,099
30068,10046,3180,"Barren County, Kentucky",21,009
13851,3888,1630,"Nobles County, Minnesota",27,105
41675,10357,7497,"Otter Tail County, Minnesota",27,111
6218,2096,939,"Pipestone County, Minnesota",27,117
365938,64688,95272,"Ramsey County, Minnesota",27,123
10192,3342,1188,"Renville County, Minnesota",27,129
10375,3290,1549,"Roseau County, Minnesota",27,135
62908,15418,11410,"Sherburne County, Minnesota",27,141
24704,7076,4597,"Steele County, Minnesota",27,147
17027,5880,1787,"Todd County, Minnesota",27,153
